index,gbifTaxonKey,scientificName,totalImages
0,1,Agriopis marginaria (Fabricius),16
1,10020142,Solanum caatingae S.Knapp & Särkinen,20
2,10039120,Licania rigida Benth.,20
3,10039315,"Boana cinerascens (Spix, 1824)",20
4,10041602,"Mycotretus trifasciatus Guerin, 1956",8
5,10041868,Galethalea pica,20
6,10046655,"Traumatomutilla quadrum (Klug, 1821)",20
7,1005677,"Watersipora subtorquata (d'Orbigny, 1852)",20
8,10068156,Erruca hanga,20
9,10075196,Ariconias glaphyra,20
10,10086922,"Adelpha thessalia Felder, 1867",20
11,10094803,Perigea glaucoptera,20
12,1010034,"Schizoporella errata (Waters, 1878)",20
13,10103522,"Lachesiodendron viridiflorum (Kunth) P.G.Ribeiro, L.P.Queiroz & Luckow",20
14,10120369,"Drymaeus succineus Pilsbry, 1901",12
15,10120854,Strymon astiocha,20
16,10127791,"Metallactus madefactus Sassi, 2019",6
17,10133681,Hermeuptychia gisella,12
18,10147951,Chrysophyllum pubipetalum Sossai & Alves-Araújo,18
19,10148673,Leptobalanus octandrus subsp. octandrus,20
20,10149888,Pygoda polita,20
21,10159747,"Phyllaemulor bracteatus (Gould, 1846)",18
22,10169323,Aubergina hesychia,20
23,10205682,"Metallactus albipes Suffrian, 1866",17
24,10209961,Iochroma arborescens (L.) J.M.H.Shaw,20
25,10210158,"Pseudautomeris hubneri Boisduval, 1875",20
26,10214972,Feigeria herilia,20
27,10232993,Palicourea gracilenta (Müll.Arg.) Delprete & J.H.Kirkbr.,20
28,10236487,"Adelpha iphicleola Bates, 1864",20
29,10242631,Arzecla arza,20
30,10254418,"Neoponera striatinodis (Emery, 1890)",10
31,10263107,"Serracutisoma spelaeum (Mello-Leitão, 1933)",20
32,10265841,Cissia eous,20
33,10267217,Bromelia magnifica Esteves & Gouda,20
34,10272682,"Anthurium caparaoense Temponi, Camelo & Nadruz",5
35,10273933,"Rhynchophorus palmarum (C.Linnaeus, 1758)",20
36,10275168,Ruellia macrantha (Mart. ex Nees) Hiern,20
37,10289996,Leptobalanus apetalus (E.Mey.) Sothers & Prance,18
38,10294451,"Vitta meleagris (Lamarck, 1822)",20
39,10302305,"Dirphiopsis multicolor Walker, 1855",20
40,10316844,"Cerodirphia parvagans Brechlin & Meister, 2011",20
41,1031735,"Psocathropos lachlani Ribaga, 1899",20
42,1031737,"Psyllipsocus ramburii Selys-Longchamps, 1872",20
43,10321900,Taygetina kerea,20
44,10325727,"Oiticella convergens Herrich-Schäffer, 1855",20
45,10326739,"Cochlorina lateralis (Menke, 1828)",7
46,10332897,"Claremontiella nodulosa (C.B.Adams, 1845)",20
47,10334868,Selenicereus undatus (Haw.) D.R.Hunt,20
48,1033701,"Chelonarium Fabricius, 1801",20
49,1033850,"Ptilodactyla Illiger, 1807",20
50,10340790,Eugenia ochracea Valdemarin & Mazine,9
51,1034206,"Tropisternus lateralis (Fabricius, 1775)",20
52,1034232,"Tropisternus collaris striolatus (J.L.LeConte, 1855)",20
53,10347898,Yphthimoides ordinaria,20
54,10377072,Neda callispilota,14
55,10381192,"Melanis pixe (Boisduval, 1836)",40
56,10382770,"Scinax tymbamirim Nunes, Kwet & Pombal, 2012",19
57,10386589,"Guasuctenus vittatissimus (Strand, 1916)",20
58,10398792,"Prochoerodes tetragonata (Guenée, 1857)",20
59,10409006,Distimake maragniensis (Choisy) Petrongari & Sim.-Bianch.,18
60,10411472,Strymon eurytulus,20
61,10416158,"Leiostracus perlucidus (Spix, 1827)",20
62,10418414,"Leiostracus vittatus (Spix, 1827)",20
63,10429538,"Lethocerus grandis (Linnaeus, 1758)",12
64,1043103,"Cycloneda sanguinea (Linnaeus, 1763)",20
65,1043105,"Cycloneda sanguinea (Linnaeus, 1763)",20
66,1043110,"Pharoscymnus flexibilis (Mulsant, 1853)",20
67,1043151,"Coccidophilus Brethes, 1905",20
68,1043179,"Exoplectra Chevrolat, 1837",20
69,1043478,"Coelophora inaequalis (Fabricius, 1775)",20
70,1043498,"Chilocorus nigritus (Fabricius, 1798)",20
71,1043541,"Brachiacantha quadripunctata quadripunctata Melsheimer, 1847",40
72,1043577,"Psyllobora vigintimaculata (Say, 1824)",120
73,1043590,"Diomus Mulsant, 1850",20
74,1043619,"Epilachna Chevrolat, 1836",40
75,1043627,"Azya orbigera Mulsant, 1850",40
76,1043635,"Coleomegilla maculata (De Geer, 1775)",20
77,1043637,"Coleomegilla maculata (De Geer, 1775)",20
78,1043701,"Cryptognatha gemelata Mulsant, 1850",20
79,1043717,"Cryptolaemus montrouzieri Mulsant, 1853",20
80,1044111,"Carpophilus hemipterus (Linnaeus, 1758)",19
81,10442071,"Traumatomutilla americana (Linnaeus, 1758)",20
82,10443389,Brachycodilla osorius,20
83,1045526,"Litargus tetraspilotus LeConte, 1856",20
84,10459815,BOLD:ACA8064,14
85,1046232,"Tetraonyx Latreille, 1805",20
86,1046275,"Pyrota Dejean, 1834",20
87,1046361,"Epicauta Dejean, 1834",40
88,10464824,Arcobara tergeminaria (Herrich-Schäffer),20
89,1047083,"Acanthinus LaFerté-Sénectère, 1849",20
90,10472489,"Hellica nitida Haglund, 1868",20
91,10472649,Anastrus ulpianus,20
92,1047297,"Disonycha Chevrolat, 1836",40
93,1047343,"Callosobruchus maculatus (Fabricius, 1775)",20
94,1047477,"Lema confusa Chevrolat, 1835",20
95,1047571,"Yingaresca amazonica Weise, 1921",20
96,1047598,"Charidotella sexpunctata (Fabricius, 1781)",20
97,1047790,"Griburius larvatus (Newman, 1840)",20
98,10478387,"Cochlorina intensior (Pilsbry, 1898)",11
99,10482699,"Adelpha malea Felder, 1861",20
100,1048367,"Megalostomis dimidiata Lacordaire, 1848",20
101,1048495,"Diabrotica undecimpunctata Mannerheim, 1843",60
102,1048577,"Omophoita Chevrolat, 1836",80
103,1048934,"Lexiphanes Gistel, 1836",20
104,10489503,"Dirphiopsis ayuruoca Foetterle, 1902",6
105,1049168,"Capraita nigrosignata (Schaeffer, 1920)",20
106,10496134,"Auris bilabiata (Broderip & G.B.Sowerby I, 1830)",20
107,10508358,BOLD:ACK2912,7
108,10510467,"Megaleporinus obtusidens (Valenciennes, 1837)",20
109,10511167,Cissia proba,20
110,10539269,"Adelpha mythra Godart, 1823",20
111,10547069,"Ceroplastes stellifer Westwood, 1871",20
112,10551481,"Boana calcarata (Troschel, 1848)",20
113,10558140,Lycorea ilione (Cramer),20
114,10562611,Astraea gracilis (Müll.Arg.) O.L.M.Silva & Cordeiro,17
115,10578765,Foetterleia schreineri,20
116,10597793,Vernonanthura spathulata M.Monge & Semir,6
117,1059943,"Isonychus sulphureus Mannerheim, 1828",20
118,10607425,"Dysdercus albofasciatus Berg, 1878",20
119,10621225,"Hidripa perdix Maassen & Weymer, 1886",20
120,10627365,"Pleroma fornograndense F.S.Mey., R.Goldenb. & L.Kollmann",5
121,10627816,Sauvagesia spicata (Glaz. ex Dwyer) Queiroz-Lima & D.B.O.S.Cardoso,10
122,10629177,Leuenbergeria bleo (Kunth) Lodé,20
123,10639204,"Scinax imbegue Nunes, Kwet & Pombal, 2012",19
124,10642979,"Mycotretus chilensis Crotch, 1876",11
125,10643769,Cirrhocephalina eucharisalis,20
126,10644476,"Serracutisoma molle (Mello-Leitão, 1933)",19
127,10650351,"Synchlora expulsata (Walker, 1861)",20
128,10654220,"Drymaeus flexilabris (L.Pfeiffer, 1854)",20
129,10658692,"Pseudodirphia eumedidoides Vuillot, 1893",20
130,10659857,Palicourea iodotricha (Müll.Arg.) Delprete & J.H.Kirkbr.,20
131,10661905,"Dirphiopsis trisignata C.Felder & R.Felder, 1874",20
132,10668599,Borreria hispida (L.) K.Schum.,13
133,10671047,Tibouchina minutiflora Cogn.,17
134,10672711,Setaria setosa (Sw.) P.Beauv.,17
135,10673401,Alagoasa scissa,20
136,10674800,Tibouchina carvalhoi Wurdack,9
137,10677048,"Hypoxys triangularis (Dallas, 1851)",20
138,10678315,"Lipaugus ater (Férussac, 1829)",20
139,10680590,Taygetina oreba,10
140,10681287,"Membracis foliatafasciata (De Geer, 1773)",20
141,10681714,Callianthe flava Grings,6
142,10681744,"Anchylorhynchus tremolerasi Hustache, 1937",20
143,10682855,Tibouchina simplicicaulis (Naudin) Cogn.,18
144,10685404,Calyptranthes lucida Mart. ex DC.,20
145,10687077,"Megalobulimus terrestris (Spix, 1827)",20
146,10687700,"Solaropsis brasiliana (Deshayes, 1832)",20
147,10687713,"Peradon diaphanus (Sack, 1921)",11
148,10687763,Pontederia gigantea D.J.Sousa,5
149,10689944,Callianthe costicalyx (K.Schum. ex C.Takeuchi & G.L.Esteves) Grings,13
150,10693179,Pleroma decemcostatum (Cogn.) P.J.F.Guim. & Michelang.,15
151,10696849,"Strophocheilus oblongus haemastomus (Scopoli, 1786)",18
152,10697243,Ruehssia altissima (Jacq.) F.Esp.Santo & Rapini,20
153,10698087,"Mirinaba cadeadensis (Morretes, 1955)",20
154,10698801,Myrcia legrandii A.R.Lourenço & E.Lucas,17
155,10700651,Pleroma clavatum (Pers.) P.J.F.Guim. & Michelang.,20
156,10702291,"Pithecopus megacephalus (Miranda-Ribeiro, 1926)",20
157,10704619,"Moricandia willi (Dohrn, 1883)",20
158,10707902,"Heilus tuberculosus (Perty, 1832)",20
159,10710017,"Megalobulimus gummatus (Hidalgo, 1870)",16
160,10710561,"Boana pulchella (Duméril & Bibron, 1841)",20
161,10711073,"Coptochilus ferrugineus Amyot & Serville, 1843",20
162,10711141,"Boana bischoffi (Boulenger, 1887)",20
163,10711765,Behuria glutinosa Cogn.,12
164,10714040,Tibouchina pallida Cogn.,12
165,10714356,"Odontostomus paulista Pilsbry & Ihering, 1898",20
166,10714357,"Boana semiguttata (Lutz, 1925)",20
167,10714675,Pleroma ramboi (Brade) P.J.F.Guim. & Michelang.,16
168,10715070,"Microlicia capitata R.B.Pacifico, Almeda & Fidanza",17
169,10716095,Tibouchina castellensis Brade,16
170,10717979,"Pithecopus rohdei (Mertens, 1926)",20
171,10718609,"Megalobulimus valenciennesii (L.Pfeiffer, 1842)",20
172,10718797,Calyptranthes pteropoda O.Berg,20
173,10720971,"Elachistocleis helianneae Caramaschi, 2010",18
174,10723064,Tibouchina apparicioi Brade,7
175,10726679,Pleroma nodosum (Wurdack) P.J.F.Guim. & Michelang.,20
176,10731561,"Asemospiza fuliginosa (Wied-Neuwied, 1830)",20
177,10731719,"Adelpha radiata Fruhstorfer, 1915",7
178,10733411,"Pteroglossus beauharnaisii Wagler, 1831",20
179,10735373,"Justicia distichophylla F.A.Silva, A.Gil & Kameyama",20
180,10735988,Tibouchinopsis mirabilis Brade & Markgr.,17
181,10737406,Vriesea rubroviridis F.P.Uribbe & A.F.Costa,20
182,10737968,Tibouchina manicata Cogn.,19
183,10738898,Costus atlanticus E.M.Pessoa & M.Alves,20
184,10740347,"Pachylosticta albiventris Klug, 1824",20
185,10740376,"Euschistus triangulator (Herrich-Schaffer, 1842)",16
186,10740807,Diospyros impia B.Walln.,16
187,10742845,Athenaea wettsteiniana (Witasek) I.M.C.Rodrigues & Stehmann,20
188,1074345,"Agaocephala inermicollis Arrow, 1914",20
189,1074358,"Enema pan (Fabricius, 1775)",20
190,1074406,"Phileurus didymus (Linnaeus, 1758)",20
191,10744520,Tibouchina violacea Cogn.,9
192,10744532,"Sodreana leprevosti (Soares & Soares, 1947)",20
193,10745720,Tibouchina oreophila Wurdack,13
194,10745769,"Streptartemon cookeanus (F.Baker, 1914)",20
195,10746024,"Boana marginata (Boulenger, 1887)",20
196,10746942,"Sympolymnia lauretta (G.W.Peckham & E.G.Peckham, 1892)",20
197,10747310,Stryphnodendron flavotomentosum A.G.Lima & V.C.Souza,9
198,10749545,Nissolia longiflora (Benth. ex A.Gray) T.M.Moura & Fort.-Perez,18
199,10751837,Hiya nigrescens (Hook.) H.Shang,18
200,10752258,"Megasoma typhon typhon (Olivier, 1789)",20
201,10752677,"Diomus seminulus Mulsant, 1850",20
202,10753196,Pleroma gardneri (Naudin) P.J.F.Guim. & Michelang.,18
203,10754690,Pontederia reflexa D.J.Sousa,20
204,10754885,Ruehssia caatingae (Morillo) F.Esp.Santo & Rapini,20
205,10755960,Behuria parvifolia Cogn.,18
206,1075648,"Augoderia nitidula Burmeister, 1847",20
207,10761908,"Burringtonia exesa (Spix, 1827)",20
208,10762725,Guapira heterophylla (Choisy) E.C.O.Chagas & Costa-Lima,14
209,1076392,"Diloboderus abderus (Sturm, 1826)",20
210,10767417,"Leiostracus demerarensis (L.Pfeiffer, 1861)",20
211,10768685,Passiflora faleiroi Imig,9
212,10772697,"Trichonephila sexpunctata (Giebel, 1867)",20
213,10773731,Calyptranthes ruiziana O.Berg,19
214,10774651,"Eulaema atleticana Nemésio, 2009",20
215,10774780,"Ophiocordyceps camponoti-renggeri Araújo, H.C.Evans & D.P.Hughes",20
216,10774932,"Anthinus multicolor (Rang, 1831)",20
217,10775113,Ouratea dorata L.Marinho & Amorim,15
218,10777367,Ruellia capotyra Braz & I.H.F.Azevedo,11
219,10778233,Omophoita sexnotata,20
220,10779983,Dipteryx odorata (Aubl.) Forsyth f.,20
221,10781996,Ouratea gracilis D.B.O.S.Cardoso & L.Marinho,17
222,10782022,"Anthinus turnix (Gould, 1846)",20
223,10782364,"Boana albomarginata (Spix, 1824)",20
224,10786088,"Habroconus semenlini (S.Moricand, 1846)",20
225,1078808,"Gymnetis pantherina Blanchard, 1842",20
226,1078849,"Gymnetis strigosa (Olivier, 1789)",20
227,1078933,"Gymnetis chalcipes Gory & Percheron, 1833",20
228,1078944,"Gymnetis rufilatris (Illiger, 1800)",20
229,10791273,Chaetogastra rupestris (Cogn.) P.J.F.Guim. & Michelang.,17
230,10791759,"Traumatomutilla guarata Casal, 1969",18
231,10795215,Adenocalymma alboaurantiacum (Faria & Proença) L.H.Fonseca & L.G.Lohmann,20
232,10797599,Passiflora vellozoi Gardner,19
233,10801172,Chamaecrista papillata H.S.Irwin & Barneby,15
234,10802640,"Justicia birae A.S.Reis, F.A.Silva, A.Gil & Kameyama",20
235,10803691,"Traumatomutilla gemella Andre, 1906",17
236,10803860,Trichilia arenaria T.B.Flores & V.C.Souza,13
237,10808208,Pleroma hirsutissimum (Cogn.) P.J.F.Guim. & Michelang.,18
238,10809352,"Boana polytaenia (Cope, 1870)",20
239,10813091,Ruellia taboleirana E.C.O.Chagas & Costa-Lima,12
240,10814591,Tibouchina parviflora Cogn.,13
241,10815512,"Gonogramma lemoulti (Schaus, 1905)",20
242,10816798,"Anthurium marcusianum Theófilo, L.Kollmann & Sakur.",8
243,10818018,Camptosema ellipticum (Desv.) Govaerts,20
244,10818554,"Pseudopaludicola pocoto Magalhães, Loebmann, Kokubum, Haddad & Garda, 2014",19
245,1081867,"Hoplopyga brasiliensis (Gory & Percheron, 1833)",20
246,1081869,"Hoplopyga albiventris (Gory & Percheron, 1833)",9
247,10820310,Behuria glazioviana Cogn.,9
248,10821129,Tibouchina serrana P.J.F.Guim. & A.B.Martins,11
249,10823001,Aniba rosodora Ducke,20
250,10823401,Licania humilis Cham. & Schltdl.,16
251,10824600,Pleroma dubium (Cham.) P.J.F.Guim. & Michelang.,19
252,10824822,"Guyramemua affine (Burmeister, 1856)",20
253,10824865,Tibouchina dusenii Cogn.,19
254,10826348,Pleroma pilosum (Cogn.) P.J.F.Guim. & Michelang.,19
255,10826503,Huberia bradeana Bochorny & R.Goldenb.,17
256,10832488,Dichorisandra striatula Q.S.Moraes & M.Pell.,11
257,10833728,"Rhinella major (Müller & Hellmich, 1936)",20
258,10835831,"Anthurium brigadeiroense Nadruz, Hammes & Temponi",10
259,10836302,Mazacyla lilacina,14
260,10838752,"Pithecopus azureus (Cope, 1862)",20
261,10839141,"Lychnocephalus sellovii (Sch.Bip.) Loeuille, Semir & Pirani",20
262,10842533,"Cyclodontina tudiculata (E.von Martens, 1868)",9
263,10843053,"Mirinaba unidentata (G.B.Sowerby I, 1825)",14
264,10848750,Calyptranthes strigipes O.Berg,20
265,10849986,"Menticirrhus cuiaranensis Marceniuk, Caires, Rotundo, Cerqueira, Siccha-Ramirez, Wosiacki & Oliveira, 2020",6
266,10850556,Bertolonia duasbocaensis Bacci & R.Goldenb.,6
267,10850864,Marsdenia weddellii (E.Fourn.) Malme,18
268,10851155,Tibouchina kleinii Wurdack,15
269,10851985,Pleroma rigidulum (Naudin) P.J.F.Guim. & Michelang.,18
270,10856626,"Helicina wettsteini A.J.Wagner, 1905",12
271,10857143,"Justicia mcdadeana A.S.Reis, A.Gil & Kameyama",20
272,1085766,"Neoathyreus lanuginosus (Klug, 1843)",20
273,10858585,Tibouchina pauloalvinii Vinha,13
274,10860901,Tibouchina marumbiensis Wurdack,12
275,1086392,"Coprophanaeus lancifer (Linnaeus, 1767)",20
276,1086398,"Coprophanaeus dardanus (MacLeay, 1819)",20
277,1086414,"Coprophanaeus spitzi (Pessoa, 1934)",8
278,10864876,"Clathrus natalensis G.S.Medeiros, Melanda, T.S.Cabral, B.D.B.Silva & Baseia",20
279,10866073,Tibouchina divaricata Cogn.,10
280,10867930,Bisglaziovia behurioides Cogn.,11
281,10868085,"Boana guentheri (Boulenger, 1886)",19
282,10869830,"Ipomoea vespertilia F.D.Santos, G.C.Delgado-Junior & Buril",6
283,10870581,Calyptranthes spruceana O.Berg,10
284,10870980,"Boana beckeri (Caramaschi & Cruz, 2004)",8
285,10871821,Pterolepis longistyla Cogn.,17
286,10874094,"Tibouchina saxicola F.S.Mey., P.J.F.Guim. & R.Goldenb.",8
287,1087503,"Phanaeus melibaeus Blanchard, 1845",20
288,1087618,"Chalcocopris hesperus (Olivier, 1789)",20
289,10876717,Behuria limae Brade,7
290,1087819,"Sulcophanaeus menelas (Castelnau, 1840)",20
291,10879415,Guapira darwinii (Hemsl.) E.C.O.Chagas & Costa-Lima,20
292,10879698,"Vates phoenix Rivera, Herculano, Lanna, Cavalcante & Teixeira, 2020",20
293,10880441,Pleroma glutinosum (Markgr.) P.J.F.Guim. & Michelang.,17
294,10883903,"Boana leptolineata (Braun & Braun, 1977)",20
295,10884972,"Anthus chii Vieillot, 1818",20
296,10885993,"Brachycephalus margaritatus Pombal & Izecksohn, 2011",20
297,10886629,"Trichonephila clavipes (Linnaeus, 1767)",20
298,10888356,"Metallactus luniger Suffrian, 1866",18
299,10888740,Pleroma sellowianum (Cham.) P.J.F.Guim. & Michelang.,20
300,10889244,"Microlicia repanda R.B.Pacifico, Almeda & Fidanza",6
301,10892509,Svitramia integerrima R.Romero & A.B.Martins,5
302,10893588,Chaetogastra longipilosa (Cogn.) P.J.F.Guim. & Michelang.,18
303,10895170,"Vanzosaura multiscutata (Amaral, 1933)",20
304,10897999,Tibouchina barnebyana Wurdack,8
305,10901072,"Loriotus cristatus (Linnaeus, 1766)",20
306,10903918,Ctenodon viscidulus (Michx.) D.B.O.S.Cardoso & A.Delgado,20
307,10906904,Betencourtia neesii (DC.) L.P.Queiroz,15
308,10908302,Macropsychanthus megacarpus (Rolfe) L.P.Queiroz & Snak,20
309,10916361,Otacanthus caparaoensis Brade,11
310,10919064,Karawata saxicola (L.B.Sm.) J.R.Maciel & G.M.Sousa,20
311,10919111,Cuphea paralarix (Lourteig) T.B.Cavalc. & S.A.Graham,16
312,10923551,Lippia hirta (Cham.) Meisn. ex D.Dietr.,11
313,1092466,"Digitonthophagus gazella (Fabricius, 1787)",20
314,1092548,"Canthon smaragdulus (Fabricius, 1781)",20
315,10926174,Betencourtia scarlatina (Mart. ex Benth.) L.P.Queiroz,20
316,1092751,"Canthon quinquemaculatus Castelnau, 1840",20
317,10929098,"Neoponera marginata (Roger, 1861)",16
318,1093103,"Dichotomius bos (Blanchard, 1845)",20
319,1093113,"Dichotomius smaragdinus (Perty, 1830)",11
320,1093312,"Deltochilum verruciferum Felsche, 1911",8
321,10936008,"Dallocardia delicatula (E.A.Smith, 1915)",20
322,10941997,"Chionomesa fimbriata (J.F.Gmelin, 1788)",20
323,10942479,Sesamum radiatum Thonn. ex Hornem.,20
324,10942661,Myrcia florifera (Mc Vaugh) Gaem & E.Lucas,20
325,10943931,"Ins minas (Macquart, 1848)",7
326,10944060,Gomesa longicornu (Mutel) M.W.Chase & N.H.Williams,20
327,1094514,"Malagoniella astyanax (Olivier, 1789)",16
328,10948729,Conchocarpus insignis Pirani,11
329,10950218,Cryptanthus zonatus (Lem.) Vis.,20
330,10950634,Matourea ocymoides (Cham. & Schltdl.) Colletta & V.C.Souza,20
331,10952035,"Dendroma erythroptera (P.L.Sclater, 1856)",18
332,10953460,Karawata multiflora (L.B.Sm.) J.R.Maciel & G.M.Sousa,20
333,10961424,Parodia ibicuiensis (Prestlé) Anceschi & Magli,7
334,10965911,Xiquexique gounellei (F.A.C.Weber ex K.Schum.) Lavor & Calvente,20
335,10968316,Palicourea ruelliifolia (Cham. & Schltdl.) Borhidi,20
336,10969345,"Chrysuronia brevirostris (R.Lesson, 1829)",20
337,10973357,"Mimallo amilia Cramer, 1780",20
338,10975899,Aeschynomene vogelii Rudd,12
339,10976384,Dioclea schottii Benth.,18
340,10977812,"Stilpnia preciosa (Cabanis, 1851)",20
341,10982063,"Megasoma vazdemelloi Prandi, 2018",20
342,10983480,Betencourtia stereophylla (Harms) L.P.Queiroz,20
343,10986021,Cladonia confusa R.Sant.,20
344,10992187,"Stilpnia cyanicollis (d'Orbigny & Lafresnaye, 1837)",20
345,10992882,"Ctenodon brevipes (Benth.) D.B.O.S.Cardoso, P.L.R.Moraes & H.C.Lima",20
346,1099330,"Andraegoidus rufipes (Fabricius, 1787)",20
347,10993777,Stachytarpheta chascanoides (Moldenke) P.H.Cardoso,19
348,10994244,Salzmannia plowmanii (Delprete) Paudyal & Delprete,7
349,11005293,Macropsychanthus grandiflorus (Mart. ex Benth.) L.P.Queiroz & Snak,20
350,11008739,Heptapleurum actinophyllum (Endl.) Lowry & G.M.Plunkett,20
351,11010389,Matourea azurea (Linden) Colletta & V.C.Souza,20
352,11011370,BOLD:AAO1611,12
353,11011727,"Saguinus ursula Hoffmannsegg, 1807",20
354,11013835,Taquara micrantha (Kunth) I.L.C.Oliveira & R.P.Oliveira,20
355,11014693,"Cinnagrostis viridiflavescens (Poir.) P.M.Peterson, Soreng, Romasch. & Barberá",20
356,11014956,Psychotria sphaerocephala Müll.Arg.,16
357,11017601,"Panca trogon (Evans, 1955)",18
358,11026882,Adenocalymma albiflorum (Salzm. ex DC.) B.M.Gomes & L.H.Fonseca,19
359,11027113,Chiothion georgina,20
360,11029231,Macropsychanthus violaceus (Mart. ex Benth.) L.P.Queiroz & Snak,20
361,11034325,"Xiphorhynchus atlanticus (Cory, 1916)",20
362,11040407,Pontederia diversifolia (Vahl) M.Pell. & C.N.Horn,20
363,11041822,Sansevieria trifasciata Prain,20
364,11044778,Marasmia cochrusalis,20
365,11050137,Matourea platychila (Radlk.) Colletta & V.C.Souza,18
366,11053537,"Coendou spinosus F.Cuvier, 1823",20
367,11057960,Chrysophyllum imperiale (Linden ex K.Koch & Fintelm.) Benth. ex Salomon,20
368,11060126,"Artonia Grishin, 2019",20
369,11066759,Galactia decumbens (Benth.) Chodat & Hassl.,14
370,11068544,"Limnoctites sulphuriferus (Burmeister, 1869)",19
371,11070437,"Chionomesa lactea (R.Lesson, 1832)",20
372,1107159,"Navosoma luctuosum (Schönherr, 1817)",20
373,11074877,"Piptadenia retusa (Jacq.) P.G.Ribeiro, Seigler & Ebinger",20
374,11079759,"Parrhasius polibetes (Stoll, 1781)",10
375,11082271,Myrcia glomerata (Cambess.) G.P.Burton & E.Lucas,20
376,11084031,Xiquexique tuberculatus (Werderm.) Lavor & Calvente,20
377,11085098,Heliotropium funkiae Feuillet,20
378,11086001,Zephyranthes bifida (Herb.) Nic.García & Meerow,20
379,11087532,"Erythrogonia dorsalis (Signoret, 1853)",20
380,11087931,Betencourtia gracillima (Benth.) L.P.Queiroz,20
381,11089644,Microstachys salicifolia (Mart.) M.J.Silva,15
382,11092931,Palicourea jambosioides (Schltdl.) C.M.Taylor,12
383,11098969,Aechmea depressa L.B.Sm.,20
384,11103039,Palicourea polycephala (Benth.) Delprete & J.H.Kirkbr.,20
385,1110971,"Mionochroma electrinum (Gounelle, 1911)",20
386,11115127,"Aricoris emeryi Callaghan, Lemes & Kaminski, 2020",18
387,11118712,"Mormidea notulifera Stal, 1860",20
388,11119728,Tetrapterys ramiflora A.Juss.,6
389,11120630,"Serracutisoma catarina (Machado, Pinto-da-Rocha & Giaretta, 2001)",20
390,1112517,"Orthomegas similis Gahan, 1894",20
391,11125628,"Jussara avati Kury & Tourinho-Davis, 2003",9
392,1112916,"Chorenta reticulata (Dalman, 1817)",20
393,11130948,"Obama carbayoi (Oliveira & Leal-Zanchet, 2012) Carbayo et al., 2013",15
394,11132480,"Glenopteris hampsoni Barbut, Lalanne-Cassou, Zilli & Thöny, 2020",19
395,11135404,"Sodreana hatschbachi (Soares & Soares, 1946)",6
396,11140405,Niedenzuella lasiandra (A.Juss.) R.F.Almeida,20
397,11145569,"Obama ladislavii (Graff, 1899) Carbayo et al., 2013",20
398,11162771,"Archilestris capnopterus (Wiedemann, 1828)",20
399,11165578,"Nyia proserpina (Wiedemann, 1828)",10
400,11168348,"Obama eudoximariae (Ogren & Kawakatsu, 1990) Carbayo et al., 2013",20
401,11173195,"Atelopus manauensis Jorge, Ferrão & Lima, 2020",20
402,11176874,"Acrogonyleptes pectinifemur (Soares & Soares, 1947)",10
403,11183028,"Cephaloflexa bergi (Graff, 1899) Carbayo & Leal-Zanchet, 2003",20
404,11183549,"Xystus sanguinicollis (E.F.Germar, 1823)",20
405,11187451,"Maiana callidus (Hine, 1914)",5
406,11187551,Allobriquetia spicata (Kunth) Bovini,20
407,11192183,"Pithecopus gonzagai Andrade, Haga, Ferreira, Recco-Pimentel, Toledo & Bruschi, 2020",20
408,11193408,"Obama glieschi (Froehlich, 1959) Carbayo et al., 2013",5
409,11194584,"Cholus parallelogrammus (E.F.Germar, 1823)",20
410,11195554,"Malaveria Viloria & Benmesbah, 2021",20
411,11197560,"Obama itatiayana (Schirch, 1929) Carbayo et al., 2013",7
412,11202420,"Pristocnemus farinosus (Mello-Leitão, 1922)",20
413,11208190,"Phaops thunbergii (Dalman, 1823)",20
414,11212844,"Obama burmeisteri (Schultze, 1856) Carbayo et al., 2013",20
415,1124107,"Thelgetra adusta (Burmeister, 1865)",20
416,11291144,"Paryphthimoides terrestris (Butler, 1867)",20
417,11318031,"Bulimulus tenuissimus (d'Orbigny, 1835)",11
418,11328617,"Meconemus aeneus (Jordan, 1895) , 2004",5
419,11334913,Ethulia conyzoides Lf.,14
420,11342266,"Necrobia rufipes (De Geer, 1775)",11
421,11345373,"Rauenia bonariensis (J.F.Gmelin, 1789)",20
422,11362256,"Nengetus cinereus (Vieillot, 1816)",20
423,11375806,"Prexaspes paulensis (Rehn, 1918)",20
424,11378565,"Actinopus candango Miglio, Pérez-Miles & Bonaldo, 2020",20
425,11379150,"Pseudophasma triangularis Piza, 1979",14
426,11383179,"Lema apicalis Lacordaire, 1845",20
427,11403468,"Vanima palladia (Butler, 1867) Zacca, Casagrande, Mielke, Huertas, Espeland, Freitas, Willmott, Nakahara & Lamas, 2020",20
428,11412126,"Jupunba barnebyana (Iganci & M.P.Lima) M.V.B.Soares, M.P.Morim & Iganci",20
429,11414438,"Maekistocera longipennis (Macquart, 1838)",20
430,11419436,"Macaria paranaria (Schaus, 1897)",8
431,1142033,"Aglaoschema viridipenne (Thomson, 1861)",6
432,11421525,"Discodon tamoio Biffi & Geiser, 2022",6
433,11424477,Nymphaea caatingae C.T.Lima & Giul.,20
434,11426388,Scada karschina karschina,20
435,11448139,"Jupunba brachystachya (DC.) M.V.B.Soares, M.P.Morim & Iganci",20
436,11449278,"Pantelodes maranhensis Herbin, 2017",15
437,11449503,"Periphoba pessoai Mielke & Furtado, 2006",16
438,11454343,Pityrocarpa brenanii (G.P.Lewis & M.P.Lima) L.P.Queiroz & L.M.Borges,19
439,11469098,"Dichrorampha chloantha Razowski, 2011",5
440,11470655,"Rolepa unimoda Dognin, 1923",20
441,11518464,Pityrocarpa inaequalis (Benth.) L.P.Queiroz & Marc.F.Simon,20
442,11521855,"Erbessa pyraloides Walker, 1854",16
443,11524072,"Epilachna cacica (Guerin-Meneville, 1844)",20
444,11543856,"Periphoba tangerini Mielke & Furtado, 2006",7
445,11545532,"Neotuerta platensis Berg, 1882",20
446,11545697,"Dysdercus ruficollis (Linne, 1764)",20
447,11573394,Carminda griseldis,20
448,11591168,"Magnastigma julia (Nicolay, 1977)",7
449,11600995,Microlicia linifolia var. naudiniana Cogn.,12
450,11607120,Marlimorimia bahiana (G.P.Lewis & M.P.Lima) L.P.Queiroz & L.M.Borges,18
451,11613101,Marlimorimia warmingii (Benth.) L.P.Queiroz & P.G.Ribeiro,20
452,1161903,"Enoclerus sphegeus (Fabricius, 1787)",20
453,1162057,"Aeolus Eschscholtz, 1829",20
454,11623886,Leptostales terminata (Guenée),20
455,1162463,"Chauliognathus Hentz, 1830",180
456,11629544,"Titya opalina (Walker, 1865)",16
457,11629636,Ignata brasiliensis,20
458,11641356,"Jupunba filamentosa (Benth.) M.V.B.Soares, M.P.Morim & Iganci",15
459,11659095,"Hylesia pearsoni Lemaire, 2002",14
460,1166048,"Euparius zebra Boheman, 1833",11
461,11678132,"Arumatia dubia (Caudell, 1904)",20
462,1168088,"Stenocerus fulvitarsis (E.F.Germar, 1823)",20
463,11683552,"Erotylina jaspidea (Erichson, 1847)",20
464,1169698,"Sphenophorus rusticus Gyllenhal, 1838",20
465,1170652,"Rhinostomus barbirostris (J.C.Fabricius, 1775)",20
466,1170681,"Metamasius ensirostris (E.F.Germar, 1823)",20
467,1171123,"Nemorhinus myrmecophaga (Herbst, 1797)",20
468,1171647,"Brentus anchorago (Linnaeus, 1758)",20
469,1172357,"Clinolabus buqueti Voss, 1925",20
470,11724082,Favolus pseudogrammocephalus Palacio & Drechsler-Santos,13
471,11731464,Abarema limae Iganci & M.P.Lima,19
472,11732068,"Cycloneda emarginata (Mulsant, 1850)",20
473,11738837,BOLD:AEL2825,13
474,11747696,Macroscepis grandiflora (Mart.) H.A.Keller & Liede,20
475,11748328,Microlicia piauiensis R.B.Pacifico & Almeda,6
476,11759782,Marlimorimia contorta (DC.) L.P.Queiroz & P.G.Ribeiro,20
477,11760112,Gyrosphragma latipetala T.B.Cavalc. & Facco,5
478,11769337,Pseudoscada acilla,20
479,11769831,"Hypoxys subrastratus (Bergroth, 1891) Nunes et al., 2020",20
480,11798059,"Jupunba laeta (Benth.) M.V.B.Soares, M.P.Morim & Iganci",20
481,1181629,"Onchoscelis germari Schoenherr, 1844",17
482,11826837,Ministrymon cleon,18
483,11828753,"Jupunba villosa (Iganci & M.P.Lima) M.V.B.Soares, M.P.Morim & Iganci",18
484,1183578,"Ozopherus muricatus F.P.Pascoe, 1872",20
485,11855431,"Thagona tibialis Walker, 1855",20
486,11861330,"Periplacis hebrus (Cramer, 1775)",20
487,11900703,"Enigmogramma admonens Walker, 1858",15
488,1191658,"Desmosomus longipes Perty, 1832",20
489,11935745,"Ectomis auginus (Hewitson, 1867)",18
490,11946408,"Cecropterus longipennis Plötz, 1882",20
491,11949924,BOLD:AAA9797,20
492,1195415,"Cholus annulatus (C.Linnaeus, 1758)",20
493,11963201,"Myselasia Grishin, 2021",40
494,11968411,"Sakesphoroides cristatus (M.Wied-Neuwied, 1831)",20
495,11968849,Prenesta fenestrinalis,20
496,11970432,Andreettaea cryptophyta (Barb.Rodr.) A.Doucette,10
497,11983336,"Telegonus chalco (Hübner, 1823)",20
498,11987842,"Achlyodes busirus (Cramer, 1779)",20
499,11991877,"Phloea Lepeletier de Saint-Fargeau & Audinet-Serville, 1825",20
500,11995197,Cheilanthes bradei J.Prado & A.R.Sm.,12
501,12011644,"Pelolasia Grishin, 2021",20
502,12012526,"Burnsius orcus (Stoll, 1780)",20
503,12021500,Stachytarpheta longipedicellata (Moldenke) P.H.Cardoso,20
504,12030512,"Eugeniamyia dispar Maia, Mendonça Júnior & Romanowski, 1997",20
505,1203348,"Phaops albugo Sahlberg, 1823",12
506,12033801,"Adelpha gavina Fruhstorfer, 1915",15
507,12034737,"Adelpha falcipennis Fruhstorfer, 1915",20
508,12035995,"Eueides isabella (Stoll, 1781)",20
509,12045817,"Ectomis octomaculata (Sepp, 1844)",20
510,12062251,"Cogia crameri (McHenry, 1960)",20
511,12064392,"Parvospila lucianus (Fabricius, 1793)",20
512,1208671,"Apocnemidophorus blandus Hustache, 1937",20
513,1209204,"Amalactus carbonarius J.Faust, 1888",8
514,12094815,"Heliodoxa rubricauda (Boddaert, 1783)",20
515,12095029,"Trichopoda gradata Wiedemann, 1830",20
516,1210321,"Aptolemus rufipes Boheman, 1842",9
517,12105320,"Spicauda procne (Plötz, 1880)",20
518,1210610,"Naupactus rivulosus (Olivier, 1790)",20
519,1210745,"Naupactus navicularis Boheman, 1840",20
520,12109288,"Ectomis caunus (Herrich-Schäffer, 1869)",20
521,1210929,"Trichaptus mutillarius (Perty, 1832)",8
522,1211124,"Lordops spinolae Jekel, 1854",20
523,1212915,"Homalinotus hystrix O.I.Fåhraeus, 1844",20
524,12130419,"Adelpha capucinus Walchs, 1775",20
525,1213762,"Sternechus tuberosus Boheman, 1843",6
526,12147468,"Adelpha thoasa Hewitson, 1850",20
527,12161447,Cheilanthes eriophora (Fée) Mett.,17
528,1216516,"Rhinochenus stigma (C.Linnaeus, 1758)",20
529,1216595,"Entimus imperialis (Forster J.R, 1771)",20
530,12173926,"Podalia annulipes (Boisduval, 1833)",10
531,12175154,Troyus fantasos,20
532,12178179,"Omophoita personata (Illiger, 1807)",20
533,12187053,Lagenocarpus subaphyllus T.Koyama,5
534,12187916,Cleome houtteana Schltdl.,20
535,12193092,Lagenocarpus junciformis (Kunth) Kuntze,12
536,12193268,"Scolia rufiventris Fabricius, 1804",20
537,12194283,Feigeria buteo,20
538,12199917,Contrafacia catharina,20
539,12207308,Asplenium coronatum A.Reis & Sylvestre,19
540,12208172,"Roelofa elyanae Herbin & Mielke, 2014",8
541,12209825,Conchylodes aquaticalis,20
542,12211709,Phloeophana longirostris,20
543,12214066,Doliocarpus serrulatus Monzoli & Fraga,13
544,12215739,"Mandevilla obovata J.F.Morales, A.P.Fontana & Fraga",18
545,12216003,"Endobrachys cratoplastis Becker, 2022",15
546,12216886,"Kusaghiporia talpae (Cooke) Campi, Drechsler-Santos & Robledo",20
547,12223511,"Bunopachylus armatissimus (Roewer, 1913)",20
548,12224801,"Thoscora rufa (Jones, 1912)",20
549,12228013,"Dysschema tricolora (Sulzer, 1776)",20
550,12230610,"Vaginulus taunaisii Férussac, 1822",20
551,12236631,"Mycotretus fallax Guerin-Meneville, 1841",20
552,12241557,Cheilanthes goyazensis (Taub.) Domin,15
553,12242994,"Paraphasma sooretama Chiquetto-Machado, 2022",20
554,12243973,Polites premnas,20
555,12244068,Myota aerea,20
556,12245904,Chrysophyllum lancisepalum R.Lima,8
557,12252056,Dyckia josinoi-narcisae (P.J.Braun & Esteves) Forzza,12
558,12252926,Hoodus pelopidas,20
559,12254378,"Edebessa corinneae Becker, 2022",20
560,12255714,Calpodes esperi,20
561,12256841,"Holcoponera striatula (Mayr, 1884)",20
562,12259984,"Mycotretus psittacus Lacordaire, 1842",16
563,12261760,"Thaumastus lundi Pena, Salgado & Coelho, 2005",5
564,12262017,"Coendou longicaudatus Daudin, 1802",20
565,1227001,"Alocorhinus succinctus (Fabricius, 1777)",7
566,12277597,"Azurina multilineata (Guichenot, 1853)",20
567,1227767,"Eubulus triangularis (Boheman, 1837)",16
568,1228255,"Peridinetus irroratus (J.C.Fabricius, 1787)",20
569,12284098,Senega paniculata (L.) J.F.B.Pastore & J.R.Abbott,20
570,12287590,"Pikelinia mendensis (Mello-Leitão, 1920)",20
571,1229170,"Heilipus taciturnus Boheman, 1843",11
572,12296277,"Fageia moschata (Mello-Leitão, 1943)",20
573,12300632,"Tropicosa moesta (Holmberg, 1876)",20
574,1230404,"Eudiagogus episcopalis (Gyllenhal, 1834)",20
575,12308693,Robrichia schomburgkii (Benth.) A.R.M.Luz & E.R.Souza,20
576,12311790,Senega boliviensis (A.W.Benn.) J.F.B.Pastore,20
577,1231546,"Rhigus faldermanni Boheman, 1840",20
578,1231568,"Rhigus nigrosparsus Perty, 1832",20
579,12315952,Senega longicaulis (Kunth) J.F.B.Pastore,20
580,12322031,Senega brasiliensis (L.) J.F.B.Pastore,14
581,12323165,Mesadenella pumila (Vell.) Campacci,20
582,12337253,"Pikelinia pallida (Brescovit, Magalhaes & Cizauskas, 2016)",20
583,12341661,Senega lancifolia (A.St.-Hil. & Moq.) J.F.B.Pastore,20
584,12362247,Senega appendiculata (Vell.) J.F.B.Pastore,20
585,12369719,Senega trichosperma (Jacq.) J.F.B.Pastore,20
586,12370638,Senega glochidata (Kunth) J.F.B.Pastore,20
587,1239282,"Dealia atropolita Casey, 1922",9
588,1247641,"Hypselus ater Boheman, 1843",20
589,1257656,"Cotesia glomerata (Linnaeus, 1758)",20
590,1276257,"Hymenoepimecis cameroni Townes, 1966",6
591,1280262,"Neotheronia lineata (Fabricius, 1804)",15
592,1309836,"Mischocyttarus rotundicollis (Cameron, 1912)",20
593,1309846,"Mischocyttarus drewseni (de Saussure, 1954)",20
594,1310057,"Brachygastra lecheguana (Latreille, 1824)",20
595,1310065,"Brachygastra augusti (de Saussure, 1854)",20
596,1310077,"Brachygastra scutellaris (Fabricius, 1804)",20
597,1310088,"Parachartergus fraternus (Gribodo, 1891)",20
598,1310100,"Parachartergus pseudapicalis Willink, 1959",20
599,1310152,"Agelaia vicina (de Saussure, 1854)",20
600,1310153,"Agelaia centralis (Cameron, 1907)",20
601,1310159,"Agelaia multipicta (Haliday, 1836)",20
602,1310164,"Agelaia angulata (Fabricius, 1804)",20
603,1310490,"Apoica gelida Vecht, 1972",20
604,1310492,"Apoica thoracica Buysson, 1906",20
605,1310495,"Apoica pallens (Fabricius, 1804)",20
606,1310502,"Polistes satan Bequard, 1940",20
607,1310539,"Polistes carnifex (Fabricius, 1775)",20
608,1310608,"Polistes actaeon Haliday, 1836",20
609,1310648,"Polistes lanio (Fabricius, 1775)",20
610,1310680,"Polistes versicolor (Olivier, 1791)",20
611,1310865,"Polistes simillimus Zikan, 1951",20
612,1310916,"Polistes cavapytiformis Richards, 1978",20
613,1310930,"Polistes cavapyta de Saussure, 1853",20
614,1311715,"Synoeca virginea (Fabricius, 1804)",20
615,1311718,"Synoeca cyanea (Fabricius, 1775)",20
616,1311722,"Synoeca surinama (Linnaeus, 1767)",20
617,1311725,"Synoeca chalybea de Saussure, 1852",20
618,1311765,"Chartergellus communis Richards, 1978",20
619,1311872,"Protopolybia exigua (de Saussure, 1906)",20
620,1311885,"Protopolybia sedula (de Saussure, 1854)",20
621,1314143,"Ectatomma muticum Mayr, 1870",20
622,1314146,"Ectatomma brunneum Smith, 1858",20
623,1314147,"Ectatomma edentatum Roger, 1863",20
624,1314149,"Ectatomma opaciventre (Roger, 1861)",20
625,1314699,"Monomorium floricola (Jerdon, 1851)",20
626,1316238,"Hylomyrma reitteri (Mayr, 1887)",9
627,1316805,"Tapinoma melanocephalum (Fabricius, 1793)",20
628,1316908,"Linepithema humile (Mayr, 1868)",20
629,1316918,"Linepithema leucomelas (Emery, 1894)",20
630,1317697,"Dinoponera lucida Emery, 1901",20
631,1317705,"Dinoponera gigantea (Perty, 1833)",6
632,1319394,"Eciton burchellii (Westwood, 1842)",20
633,1319414,"Eciton vagans (Olivier, 1792)",20
634,1319449,"Mycocepurus goeldii (Forel, 1893)",9
635,1319739,"Pachycondyla crassinoda (Latreille, 1802)",20
636,1319944,"Pachycondyla harpax (Fabricius, 1804)",20
637,1320203,"Strumigenys deltisquama Brown, 1957",40
638,1320255,"Strumigenys louisianae Roger, 1863",20
639,1320502,"Mycetophylax conformis (Mayr, 1884)",20
640,1320603,"Labidus praedator (Smith, 1858)",20
641,1320650,"Acromyrmex coronatus (Fabricius, 1804)",20
642,1320700,"Acromyrmex disciger (Mayr, 1887)",20
643,1320859,"Octostruma rugifera (Mayr, 1887)",9
644,1321236,"Leptogenys arcuata Roger, 1861",8
645,1322213,"Pheidole fimbriata Roger, 1863",20
646,1323402,"Tetramorium bicarinatum (Nylander, 1846)",20
647,1323493,"Tetramorium caldarium (Roger, 1857)",20
648,1325624,"Dorymyrmex biconis Forel, 1912",6
649,1326106,"Tranopelta gilva Mayr, 1866",20
650,1326555,"Gnamptogenys annulata (Mayr, 1887)",17
651,1327024,"Pseudomyrmex tenuis (Fabricius, 1804)",20
652,1327048,"Pseudomyrmex venustus (Smith, 1858)",20
653,1327060,"Pseudomyrmex maculatus (Smith, 1855)",10
654,1327098,"Pseudomyrmex gracilis (Fabricius, 1804)",20
655,1327134,"Pseudomyrmex termitarius (Smith, 1855)",20
656,1327166,"Pseudomyrmex simplex (Smith, 1877)",20
657,1327172,"Heteroponera dolo (Roger, 1860)",17
658,1327580,"Montezumia azurescens (Spinosa, 1851)",20
659,1329963,"Omicron tuberculatum (Fox, 1899)",20
660,1332374,"Brachymenes dyscherus (de Saussure, 1852)",20
661,1334422,"Hypanthidioides arenaria (Ducke, 1907)",11
662,1334548,"Epanthidium tigrinum (Schrottky, 1905)",20
663,1338221,"Hypanthidium foveolatum (Alfken, 1930)",7
664,1339186,"Ampulex compressa (Fabricius, 1781)",20
665,1339335,"Eulaema seabrai Moure, 1960",20
666,1339482,"Tetragonisca fiebrigi (Schwarz, 1938)",20
667,1339584,"Exomalopsis auropilosa Spinola, 1853",20
668,1339678,"Exaerete frontalis (Guérin-Méneville, 1844)",20
669,1339680,"Exaerete smaragdina (Guérin-Méneville, 1844)",20
670,1339704,"Partamona cupira (Smith, 1863)",20
671,1339721,"Partamona helleri (Friese, 1900)",20
672,1340059,"Melipona mondury Smith, 1863",20
673,1340060,"Melipona scutellaris Latreille, 1811",20
674,1340066,"Melipona quinquefasciata Lepeletier, 1836",20
675,1340076,"Melipona quadrifasciata Lepeletier, 1836",20
676,1340100,"Melipona rufiventris Lepeletier, 1836",20
677,1340289,"Bombus transversalis (Olivier, 1789)",20
678,1340307,"Bombus morio (Swederus, 1787)",20
679,1340310,"Bombus brasiliensis Lepeletier, 1836",20
680,1340548,"Bombus brevivillus Franklin, 1913",20
681,1340637,"Euglossa mandibularis Friese, 1899",20
682,1341693,"Triepeolus osiriformis (Schrottky, 1910)",20
683,1341997,"Trigonisca intermedia Moure, 1989",8
684,1342052,"Xylocopa nigrocincta Smith, 1854",20
685,1342416,"Xylocopa muscaria (Fabricius, 1775)",20
686,1342466,"Xylocopa hirsutissima Maidl, 1912",20
687,1342678,"Lestrimelitta limao (Smith, 1863)",20
688,1342794,"Ctenioschelus goryi (Romand, 1840)",20
689,1342897,"Centris decolorata Lepeletier, 1841",20
690,1342932,"Centris fuscata Lepeletier, 1841",20
691,1342966,"Centris denudans Lepeletier, 1841",18
692,1342974,"Centris flavifrons (Fabricius, 1775)",20
693,1344680,"Paratetrapedia connexa (Vachal, 1909)",6
694,1344718,"Gaesischia belophora (Moure, 1941)",7
695,1344754,"Nannotrigona testaceicornis (Lepeletier, 1836)",20
696,1344790,"Thygater analis (Lepeletier, 1841)",20
697,1344927,"Coelioxoides waltheriae Ducke, 1908",20
698,1345549,"Plebeia emerina (Friese, 1900)",20
699,1345566,"Plebeia poecilochroa Moure & Camargo, 1995",20
700,1345568,"Plebeia remota (Holmberg, 1903)",20
701,1345585,"Paratrigona lineata (Lepeletier, 1836)",20
702,1345595,"Paratrigona subnuda Moure, 1947",20
703,1345662,"Scaptotrigona depilis (Moure, 1942)",20
704,1345666,"Scaptotrigona postica (Latreille, 1807)",20
705,1345709,"Schwarziana quadripunctata (Lepeletier, 1836)",20
706,1347438,"Sphex dorsalis Lepeletier de Saint Fargeau, 1845",20
707,1347459,"Sphex ichneumoneus (Linnaeus, 1758)",20
708,1352988,"Augochloropsis aurifluens (Vachal, 1903)",20
709,1353084,"Augochloropsis tupacamaru (Holmberg, 1884)",20
710,1356037,"Protomeliturga turnerae (Ducke, 1907)",20
711,1403613,"Miobantia rustica Fabricius, 1781",20
712,1403730,"Bantia marmorata Saussure & Zehntner, 1894",20
713,1404169,"Raptrix perspicua Fabricius, 1787",20
714,1404180,"Decimiana tessellata Charpentier, 1841",6
715,1404595,"Zoolea minor Giglio-Tos, 1914",20
716,1404603,"Zoolea descampsi Roy & Ehrmann, 2009",20
717,1404609,"Hicetia breviceps Stal, 1877",20
718,1405039,"Cardioptera brachyptera Burmeister, 1838",20
719,1405047,"Cardioptera viridipennis Beier, 1931",20
720,1405197,"Choeradodis rhomboidea Stoll, 1813",20
721,1406063,"Heterovates pardalina Saussure, 1871",12
722,1406079,"Stagmatoptera binotata Scudder, 1869",20
723,1406082,"Stagmatoptera reimoseri Beier, 1929",20
724,1406084,"Stagmatoptera femoralis Saussure & Zehntner, 1894",20
725,1406087,"Stagmatoptera supplicaria Burmeister, 1838",20
726,1406097,"Stagmatoptera biocellata Saussure, 1869",20
727,1410981,"Phanocloidea muricata (Burmeister, 1838)",20
728,1413244,"Cladoxerus cryphaleus (Westwood, 1859)",20
729,1414536,"Ceroys perfoliatus (Gray, 1835)",20
730,1414543,"Ceroys heymonsi (Piza, 1936)",20
731,1414644,"Pygirhynchus vigilans (Westwood, 1859)",7
732,1415281,"Xerosoma canaliculatum Audinet-Serville, 1831",20
733,1415308,"Urucumania borellii (Giglio-Tos, 1897)",20
734,1415491,"Prisopus sacratus (Olivier, 1792)",20
735,1419472,"Ctenocephalides felis (Bouché, 1835)",20
736,1421700,"Phasmoneura exigua (Selys, 1886)",20
737,1421909,"Mecistogaster amalia (Burmeister, 1839)",20
738,1421918,"Mecistogaster ornata Rambur, 1842",20
739,1422270,"Minagrion mecistogastrum (Selys, 1876)",20
740,1422278,"Homeoura chelifera (Selys, 1876)",20
741,1422449,"Acanthagrion aepiolum Tennessen, 2004",20
742,1422503,"Leptagrion perlongum Calvert, 1909",20
743,1422517,"Tigriagrion aurantinigrum Calvert, 1909",20
744,1422585,"Phoenicagrion flammeum (Selys, 1876)",20
745,1423120,"Nehalennia minuta (Selys, 1857)",20
746,1423384,"Ischnura fluviatilis Selys, 1876",20
747,1423595,"Oxyagrion pavidum Hagen, 1876",20
748,1424423,"Heteragrion consors Hagen, 1862",20
749,1424697,"Gynacantha nervosa Rambur, 1842",20
750,1424895,"Staurophlebia reticulata (Burmeister, 1839)",20
751,1424931,"Remartinia luteipennis (Burmeister, 1839)",20
752,1424940,"Rhionaeschna bonariensis (Rambur, 1842)",20
753,1424977,"Rhionaeschna planaltica (Calvert, 1952)",20
754,1425754,"Aphylla theodorina (Navás, 1933)",20
755,1425818,"Progomphus complicatus Selys, 1854",20
756,1427178,"Hetaerina brightwelli (Kirby, 1823)",20
757,1427335,"Mnesarete pudica (Hagen, 1853)",20
758,1427353,"Mnesarete pruinosa (Hagen, 1853)",20
759,1427627,"Micrathyria hesperis Ris, 1911",20
760,1427633,"Micrathyria laevigata Calvert, 1909",20
761,1427660,"Micrathyria atra (Martin, 1897)",20
762,1427685,"Miathyria marcella (Selys, 1857)",20
763,1427686,"Miathyria simplex (Rambur, 1842)",20
764,1427823,"Orthemis attenuata (Erichson, 1848)",20
765,1427827,"Orthemis schmidti Buchholz, 1950",20
766,1427831,"Orthemis cultriformis Calvert, 1899",20
767,1427837,"Orthemis biolleyi Calvert, 1906",20
768,1427839,"Orthemis nodiplaga Karsch, 1891",20
769,1427855,"Pantala flavescens (Fabricius, 1798)",20
770,1427861,"Pantala hymenaea (Say, 1840)",20
771,1427875,"Anatya guttata (Erichson, 1848)",20
772,1427946,"Libellula herculea Karsch, 1889",20
773,1427976,"Brachymesia furcata (Hagen, 1861)",20
774,1428007,"Macrothemis tessellata (Burmeister, 1839)",20
775,1428038,"Macrothemis rupicola Rácenis, 1957",20
776,1428075,"Perithemis lais (Perty, 1834)",20
777,1428190,"Tauriphila argo (Hagen, 1869)",20
778,1428193,"Tauriphila australis (Hagen, 1867)",20
779,1428473,"Tramea abdominalis (Rambur, 1842)",20
780,1428502,"Tramea rustica De Marmels & Rácenis, 1982",20
781,1428506,"Tramea binotata (Rambur, 1842)",20
782,1428533,"Misagria parana Kirby, 1889",20
783,1428782,"Diastatops intensa Montgomery, 1940",20
784,1428900,"Planiplax phoenicura Ris, 1912",20
785,1428904,"Planiplax erythropyga (Karsch, 1891)",20
786,1428976,"Erythrodiplax venusta (Kirby, 1897)",20
787,1428996,"Erythrodiplax basalis (Kirby, 1897)",20
788,1428997,"Erythrodiplax melanorubra Borror, 1942",20
789,1428998,"Erythrodiplax castanea (Burmeister, 1839)",20
790,1428999,"Erythrodiplax latimaculata Ris, 1911",20
791,1429000,"Erythrodiplax nigricans (Rambur, 1842)",20
792,1429019,"Erythrodiplax pallida (Needham, 1904)",20
793,1429020,"Erythrodiplax unimaculata (De Geer, 1773)",20
794,1429034,"Erythrodiplax leticia Machado, 1996",11
795,1429045,"Erythrodiplax juliana Ris, 1911",20
796,1429062,"Elga leptostyla Ris, 1911",20
797,1429220,"Tholymis citrina Hagen, 1867",20
798,1429329,"Erythemis peruviana (Rambur, 1842)",20
799,1429332,"Erythemis carmelita Williamson, 1923",20
800,1429333,"Erythemis plebeja (Burmeister, 1839)",20
801,1429421,"Zenithoptera lanei Santos, 1941",20
802,1429568,"Idiataphe longipes (Hagen, 1861)",20
803,1429733,"Aeschnosoma forcipula Hagen, 1871",20
804,1435458,"Nectopsyche separata (Banks, 1920)",20
805,1435460,"Nectopsyche muhni (Navas, 1916)",20
806,1437513,"Barypenthus concolor Burmeister, 1839",20
807,1439367,"Macrostemum negrense Flint, 1978",12
808,1447821,"Coelotanypus tibialis Edwards, 1939",19
809,1460983,"Winthemia pinguis (Fabricius, 1805)",8
810,1476105,"Trichopoda pennipes (Fabricius, 1781)",20
811,1476436,"Strongygaster brasiliensis (Townsend, 1929)",20
812,1494928,"Lepiselaga crassipes (Fabricius, 1805)",20
813,1497304,"Chrysops varians Wiedemann, 1828",20
814,1501325,"Ropalomera stictica Wiedemann, 1830",20
815,1501343,"Ropalomera femorata (Fabricius, 1805)",6
816,1518027,"Neognophomyia hirsuta (Alexander, 1913)",20
817,1518898,"Molophilus multisetosus Alexander, 1936",11
818,1521347,"Symplecta pilipes (Fabricius, 1787)",20
819,1521740,"Atypophthalmus umbratus (de Meijere, 1911)",20
820,1522773,"Xanthacrona bipustulata Wulp, 1899",20
821,1523373,"Neomyennis zebra Hendel, 1909",20
822,1524843,"Musca domestica Linnaeus, 1758",20
823,1533322,"Eristalis dorothea Hull, 1942",9
824,1533377,"Palpada agrorum (Fabricius, 1787)",20
825,1533385,"Palpada vinetorum (Fabricius, 1799)",20
826,1533404,"Palpada furcata (Wiedemann, 1819)",20
827,1533471,"Palpada rufipedes Thompson, 1976",20
828,1533525,"Palpada pygolampa (Wiedemann, 1830)",20
829,1534084,"Toxomerus tibicen (Wiedemann, 1830)",20
830,1534097,"Toxomerus politus (Say, 1823)",20
831,1534116,"Toxomerus procrastinatus Metz, 2001",7
832,1534122,"Toxomerus virgulatus (Macquart, 1846)",20
833,1534139,"Toxomerus pulchellus (Macquart, 1846)",20
834,1534903,"Meromacrus nectarinoides (Lynch Arribálzaga, 1892)",20
835,1538205,"Ocyptamus dimidiatus (Fabricius, 1781)",20
836,1538324,"Ocyptamus antiphates (Walker, 1849)",20
837,1540979,"Allograpta exotica (Wiedemann, 1830)",20
838,1541217,"Eristalis tenax (Linnaeus, 1758)",20
839,1543378,"Ornidia obesa (Fabricius, 1775)",20
840,1543415,"Lycastrirhyncha nitens Bigot, 1859",20
841,1544139,"Sphiximorpha barbipes (Loew, 1853)",20
842,1544763,"Holoplagia guamensis (Johannsen, 1946)",20
843,1545682,"Platyphora microspina (Bechyne, 1954) Bechyne, 1954",9
844,1547867,"Megaselia aurea (Aldrich, 1896)",10
845,1557446,"Zaprionus indianus Gupta, 1970",20
846,1570711,"Chaetocoelia excepta (Walker, 1853)",5
847,1572624,BOLD:ADT7651,20
848,1573387,"Anthomyia illocata Walker, 1856",20
849,1573424,"Anthomyia punctipennis Wiedemann, 1830",20
850,1577126,"Hermetia currani Lindner, 1949",8
851,1577153,"Hermetia illucens (Linnaeus, 1758)",20
852,1577407,"Chrysochlorina castanea (Macquart, 1838)",10
853,1578440,"Chordonota inermis (Wiedemann, 1830)",20
854,1579143,"Ptecticus testaceus (Fabricius, 1794)",20
855,1579775,"Acanthinomyia elongata (Wiedemann, 1824)",20
856,1580039,"Cyphomyia leucocephala Wiedemann, 1819",20
857,1580080,"Cyphomyia gracilicornis Gerstaecker, 1857",20
858,1580123,"Cyphomyia auriflamma Wiedemann, 1819",20
859,1580133,"Cyphomyia wiedemanni Gerstaecker, 1857",20
860,1587436,"Dermatobia hominis (Linnaeus, 1781)",20
861,1591468,"Messiasia notospila (Wiedemann, 1828)",20
862,1593063,"Bruggmannia elongata Maia & Couri, 1993",20
863,1594055,"Schismatodiplosis Rübsaamen, 1916",20
864,1610429,"Condylostylus depressus (Aldrich, 1901)",9
865,1625168,"Anastrepha fratercula (Wiedemann, 1830)",20
866,1626096,"Ceratitis capitata (Wiedemann, 1824)",20
867,1639055,"Ornithoctona erythrocephala (Leach, 1817)",20
868,1639231,"Pseudolynchia canariensis (Macquart, 1839)",20
869,1648922,"Toxorhynchites purpureus (Theobald, 1901)",20
870,1648964,"Toxorhynchites haemorrhoidalis (Fabricius, 1787)",20
871,1649004,"Toxorhynchites solstitialis (Lutz, 1904)",18
872,1649014,"Toxorhynchites theobaldi (Dyar & Knab, 1906)",20
873,1651316,"Aedes albifasciatus (Macquart, 1838)",20
874,1651891,"Aedes aegypti (Linnaeus, 1762)",20
875,1651988,"Aedes stigmaticus Edwards, 1922",14
876,1652257,"Aedes scapularis Rondani, 1848",20
877,1652950,"Culex quinquefasciatus Say, 1823",20
878,1654695,BOLD:ABU8290,20
879,1654734,"Psorophora ferox (Humboldt, 1819)",20
880,1665192,"Eccritosia barbata (Fabricius, 1787)",20
881,1665194,"Eccritosia rubriventris (Macquart, 1850)",20
882,1669009,"Ylasoia pegasus (Wiedemann, 1828)",20
883,1671890,"Hyperalonia morio (Fabricius, 1775)",20
884,1673091,"Toxophora aurea Macquart, 1848",20
885,1676841,"Cardiacephala guttata (Walker, 1853)",20
886,1677292,"Taeniaptera lasciva (Fabricius, 1798)",20
887,1679664,"Membracis foliatafasciata (De Geer, 1773)",20
888,1680075,"Paurotarsus insolitus Rehn, 1916",20
889,1684467,"Euceraia atrosignata (Brunner von Wattenwyl, 1891)",20
890,1685375,"Theudoria melanocnemis (Stål, 1861)",20
891,1688076,"Vestria repanda (Walker, 1869)",7
892,1689612,"Stilpnochlora undulata Emsley, 1970",20
893,1690500,"Meroncidius flavolimbatus Brunner von Wattenwyl, 1895",20
894,1690647,"Topana aguilari Piza, 1972",17
895,1691828,"Neoconocephalus flavirostris (Redtenbacher, 1891)",12
896,1692218,"Asbolomma brevipenne Beier, 1962",16
897,1694289,"Phlugis ocraceovittata Piza, 1960",20
898,1695203,"Gnathoclita vorax (Stoll, 1813)",19
899,1695215,"Philophyllia latior Brunner von Wattenwyl, 1878",20
900,1695217,"Philophyllia venosa Brunner von Wattenwyl, 1878",20
901,1696162,"Stiphra giraffe Jago, 1990",20
902,1697188,"Eumastacops caligo Rehn & Rehn, 1942",11
903,1700607,"Deinacris picta Amédégnato & Descamps, 1979",20
904,1700650,"Osmiliola aurita Giglio-Tos, 1897",20
905,1705065,"Liebermannacris dorsualis (Giglio-Tos, 1898)",20
906,1705355,"Pseudoscopas nigrigena (Rehn, 1913)",20
907,1705818,"Silvitettix territus Otte & Jago, 1979",20
908,1707040,"Digamacris amoena (Stål, 1878)",20
909,1707637,"Dichromatos schrottkyi (Rehn, 1918)",20
910,1707641,"Dichromatos lilloanus (Liebermann, 1948)",20
911,1711124,"Vilerna rugulosa Stål, 1878",20
912,1714447,"Chromacris nuptialis (Gerstaecker, 1873)",20
913,1714857,"Colpolopha waehneri Günther, 1940",6
914,1714898,"Staleochlora viridicata (Serville, 1838)",20
915,1714909,"Staleochlora humilis (Rehn, 1909)",20
916,1715126,"Legua rosea Amédégnato & Poulain, 1986",15
917,1715181,"Prionacris erosa Rehn, 1907",20
918,1715212,"Titanacris picticrus (Descamps, 1978)",20
919,1715239,"Zoniopoda exilipes Bruner, 1906",20
920,1715254,"Zoniopoda iheringi Pictet & Saussure, 1887",19
921,1715255,"Zoniopoda similis Bruner, 1906",12
922,1715295,"Tropidacris cristata (Linnaeus, 1758)",20
923,1715360,"Helionotus mirabilis Rehn, 1909",20
924,1715423,"Descampsacris serrulata (Thunberg, 1824)",20
925,1720137,"Neoxabea brevipes Rehn, 1913",14
926,1720441,"Phylloscyrtus amoenus Burmeister, 1880",20
927,1724680,"Ripipteryx limbata (Burmeister, 1838)",20
928,1728136,"Algete brunneri Bolívar, 1905",20
929,1729943,"Corydalus batesii McLachlan, 1867",20
930,1729958,"Corydalus hecate McLachlan, 1866",20
931,1729961,"Corydalus diasi Navás, 1915",20
932,1729965,"Corydalus nubilus Erichson, 1848",18
933,1730731,"Dolecta macrochir Schaus, 1892",19
934,1732896,"Artace anula Schaus, 1892",20
935,1751493,"Trosia anax Dognin, 1923",12
936,1751507,"Trosia fumosa Hopp, 1934",20
937,1751509,"Trosia misda Dyar, 1910",20
938,1751556,"Megalopyge nuda (Stoll, 1789)",20
939,1751583,Megalopyge braulio Schaus,20
940,1751585,"Megalopyge radiata Schaus, 1892",20
941,1751588,"Megalopyge lanata (Stoll, 1780)",20
942,1751593,"Megalopyge ovata (Schaus, 1896)",8
943,1751599,"Megalopyge uruguayensis Berg, 1882",14
944,1751610,"Megalopyge urens Berg, 1882",20
945,1751625,"Megalopyge albicollis (Walker, 1855)",20
946,1751661,"Norape nigrovenosa (Druce, 1906)",20
947,1751671,"Norape beggoides (Dyar, 1910)",20
948,1751677,"Norape undulata Jones, 1912",13
949,1751749,"Mesoscia pascora Schaus, 1900",13
950,1751758,"Aithorape roseicornis (Dognin, 1899)",20
951,1751842,"Proterocladia roseata (Hopp, 1922)",7
952,1751980,"Perola villosipes (Walker, 1865)",20
953,1751998,"Perola brumalis (Schaus, 1892)",20
954,1752019,"Perola cicur Schaus, 1892",20
955,1752028,"Perola chica (Jones, 1912)",16
956,1752109,"Phobetron hipparchia (Cramer, 1777)",20
957,1752775,"Miresa clarissa (Stoll, 1790)",20
958,1753594,"Semyra finita Walker, 1855",20
959,1753661,"Natada debella Dyar, 1906",20
960,1753662,"Natada pucara (Dognin, 1893)",20
961,1753690,"Natada cochuba Schaus, 1900",20
962,1753708,"Natada debella Dyar, 1906",20
963,1753713,"Natada simois (Stoll, 1780)",20
964,1753818,"Euphobetron cupreitincta Dyar, 1906",20
965,1753993,"Paraclea Dyar, 1905",9
966,1758263,"Dalcerina tijucana (Schaus, 1892)",20
967,1758342,"Acraga moorei Dyar, 1898",20
968,1758765,"Spragueia jaguaralis Hampson, 1910",20
969,1758791,"Ponometia exigua (Fabricius, 1793)",20
970,1763239,"Eulepidotis croceipars Dyar, 1914",20
971,1764142,"Bryolymnia bicon Druce, 1889",20
972,1764145,"Bryolymnia marginata Schaus, 1911",20
973,1765518,"Eusceptis irretita Hübner, 1823",20
974,1765676,"Phuphena transversa Schaus, 1894",16
975,1765812,Pastona rudis,20
976,1766285,"Rachiplusia nu Guenée, 1852",20
977,1767925,"Mouralia tinctoides Guenée, 1852",20
978,1768991,"Argyrosticta decumana Felder, 1874",20
979,1770017,"Gonodonta fulvangula Geyer, 1832",20
980,1770032,"Gonodonta holosericea Guenée, 1852",20
981,1770037,BOLD:AAA3287,17
982,1770069,Gonodonta sicheas Cramer,20
983,1771245,"Agrotis ipsilon (Hufnagel, 1766)",20
984,1773738,"Ferenta cacica (Guenée, 1852)",13
985,1780339,"Elaphria apicalis Schaus, 1898",20
986,1780390,"Elaphria agrotina Guenée, 1852",20
987,1780446,"Elaphria barbarossa Hampson, 1909",20
988,1785024,"Anomis erosa Hübner, 1818",20
989,1785168,Chrysodeixis includens Walker,20
990,1785236,"Rhosus ovata Rothschild, 1896",20
991,1786047,"Renodes curviluna Druce, 1890",20
992,1786244,"Hemeroblemma helima Stoll, 1780",16
993,1787484,"Perasia ora Cramer, 1776",11
994,1788372,"Letis specularis Hübner, 1821",20
995,1789003,"Baniana inaequalis Walker, 1862",16
996,1789007,"Baniana centrata Dognin, 1912",8
997,1789820,"Mursa phtisialis Guenée, 1854",20
998,1790230,"Melipotis cellaris Guenée, 1852",20
999,1790246,"Melipotis fasciolaris Hübner, 1823",20
1000,1790287,"Cyligramma disturbans (Walker, 1858)",20
1001,1792816,"Dargida procinctus Grote, 1873",20
1002,1792909,"Arpia janeira Schaus, 1896",20
1003,1792996,"Peridroma saucia Hübner, 1808",20
1004,1794400,"Deinopa nigricollis Butler, 1879",7
1005,1794636,"Antiblemma harmodia Schaus, 1901",20
1006,1794846,"Eriopyga limonis Schaus, 1911",19
1007,1796407,"Metaprosphera sublimpida Felder, 1874",10
1008,1797570,"Macapta obliqua Jones, 1914",6
1009,1797583,"Macapta lurida Schaus, 1894",7
1010,1798280,"Marimatha furcata Walker, 1857",10
1011,1798289,"Marimatha botyoides Guenée, 1852",20
1012,1798352,"Abolla pellicosta Felder, 1874",14
1013,1798354,"Graphigona regina Guenée, 1852",20
1014,1803163,"Utetheisa pulchella Linnaeus, 1758",20
1015,1803218,"Utetheisa ornatrix Linnaeus, 1758",20
1016,1803657,"Ormetica iheringi Schaus, 1921",13
1017,1803688,"Eupseudosoma involuta Sepp, 1849",20
1018,1804198,"Hyalurga fenestrata Walker, 1855",20
1019,1804889,"Sciopsyche tropica Walker, 1854",20
1020,1805064,"Ichoria tricincta Herrich-Schäffer, 1855",9
1021,1805073,BOLD:AAZ4908,12
1022,1805166,"Machadoia xanthosticta Hampson, 1901",20
1023,1805271,"Symphlebia perflua Walker, 1869",20
1024,1805478,"Neonerita dorsipuncta Hampson, 1901",20
1025,1805719,"Uranophora jinx Geyer, 1832",20
1026,1805733,"Uranophora atricincta Hampson, 1901",12
1027,1805872,"Theages hoffmani Travassos, 1962",16
1028,1805982,"Cyanopepla jucunda Walker, 1854",20
1029,1806007,"Carathis byblis Schaus, 1892",19
1030,1806046,"Eurata Herrich-Schäffer, 1853",20
1031,1806083,"Eurata semiluna Walker, 1854",20
1032,1806105,"Echeta trinotata Reich, 1933",9
1033,1806479,"Chetone catilina Cramer, 1775",20
1034,1806642,"Histioea cepheus Cramer, 1779",20
1035,1806878,"Pareuchaetes aurata Butler, 1875",20
1036,1807317,"Euceriodes wernickei Draudt, 1915",7
1037,1807318,"Euceriodes pallada Druce, 1906",13
1038,1807905,"Epeiromulona hamata Field, 1952",20
1039,1808013,"Viviennea moma Schaus, 1905",20
1040,1808068,"Rhynchopyga meisteri Berg, 1883",20
1041,1808823,"Notophyson heliconides Swainson, 1833",20
1042,1809064,"Cratoplastis catherinae Rothschild, 1916",20
1043,1809294,"Carales astur Cramer, 1777",20
1044,1809485,"Saurita sericea Herrich-Schäffer, 1854",10
1045,1809542,"Pseudomya tipulina (Hübner, 1812)",20
1046,1809971,"Leucanopsis leucanina Felder, 1874",20
1047,1810084,"Leucanopsis lineata Schaus, 1894",8
1048,1810185,"Eucereon marcata Schaus, 1901",15
1049,1810244,"Eucereon mitigata Walker, 1857",20
1050,1810272,Eucereon apicalis Walker,20
1051,1810328,"Eucereon ladas Schaus, 1892",20
1052,1810724,"Euthyone celenna Schaus, 1892",17
1053,1810867,"Phoenicoprocta teda Walker, 1854",20
1054,1810869,"Phoenicoprocta vacillans Walker, 1856",20
1055,1811115,"Hypercompe cunigunda Stoll, 1781",20
1056,1811180,"Isanthrene ustrina Hübner, 1827",20
1057,1811206,"Isanthrene melas Cramer, 1775",20
1058,1811229,"Callopepla emarginata Walker, 1854",20
1059,1811264,"Rhabdatomis mandana Dyar, 1907",9
1060,1811317,"Elysius cingulata Walker, 1856",20
1061,1811322,"Elysius pyrosticta Hampson, 1905",20
1062,1811391,"Cresera optimus Butler, 1877",20
1063,1811393,"Cresera annulata Schaus, 1894",20
1064,1812827,"Prepiella sesapina Butler, 1877",20
1065,1813212,"Xanthophaeina levis Druce, 1899",18
1066,1814044,"Amaxia flavipuncta Hampson, 1904",20
1067,1814231,"Agyrta dux Walker, 1854",20
1068,1814717,"Idalus fasciipuncta Rothschild, 1909",20
1069,1814718,"Idalus citrina Druce, 1890",20
1070,1814968,"Phaegoptera granifera Schaus, 1892",9
1071,1815225,"Acyclania tenebrosa Dognin, 1911",20
1072,1815276,"Coreura fida Hübner, 1827",20
1073,1815283,"Orcynia calcarata Walker, 1854",20
1074,1815399,"Mazaeras francki Schaus, 1896",13
1075,1815640,"Calodesma collaris Drury, 1782",20
1076,1815644,"Calodesma quadrimaculata Hering, 1925",18
1077,1815851,"Dycladia lydia Druce, 1900",20
1078,1816593,"Diptilon bivittata Walker, 1864",15
1079,1817546,"Sychesia dryas Cramer, 1775",15
1080,1817605,"Melese castrena Schaus, 1905",13
1081,1817659,"Sutonocrea reducta Walker, 1856",20
1082,1817738,"Lophocampa seruba parva Rothschild, 1909",20
1083,1818200,"Himerarctia docis Hübner, 1831",20
1084,1818377,"Lepidokirbyia vittipes Walker, 1855",20
1085,1818843,"Eloria lucida Walker, 1856",20
1086,1822704,"Hapigia Guenée, 1852",20
1087,1822719,"Hapigia repandens Schaus, 1906",20
1088,1824174,"Crinodes bellatrix Stoll, 1781",20
1089,1824189,"Crinodes bellatrix Stoll, 1781",20
1090,1824741,"Ginaldia Schaus, 1905",20
1091,1825912,"Moresa costalis Walker, 1855",20
1092,1826772,"Disphragis tharis Stoll, 1782",20
1093,1826943,"Dioptis areolata Walker, 1854",11
1094,1827433,"Dyasia viviana Schaus, 1906",20
1095,1827476,"Navarcostes Schaus, 1905",20
1096,1827857,"Strophocerus thermesia Felder, 1874",20
1097,1830721,"Atteva cosmogona Meyrick, 1931",5
1098,1838422,"Antaeotricha renselariana Stoll, 1781",20
1099,1842479,"Cosmopterix pulchrimella Chambers, 1875",20
1100,1847950,"Battaristis emissurella (Walker, 1864)",6
1101,1853234,"Cnissostages oleagina Zeller, 1863",6
1102,1858283,"Phereoeca uterella (Walsingham, 1897)",20
1103,1858674,"Lantanophaga pusillidactylus (Walker, 1864)",20
1104,1861571,"Perigonia pallida Rothschild & Jordan, 1903",20
1105,1861773,"Cocytius duponchel Poey, 1832",20
1106,1861788,Cocytius beelzebuth Boisduval,20
1107,1861910,"Orecta lycidas Boisduval, 1875",20
1108,1862033,"Callionima nomius Walker, 1856",20
1109,1862088,Xylophanes porcus Hübner,20
1110,1862093,"Xylophanes elara Druce, 1878",20
1111,1862123,"Xylophanes chiron Drury, 1773",20
1112,1862131,"Xylophanes xylobotes Burmeister, 1878",20
1113,1862149,"Xylophanes schausi Rothschild, 1894",20
1114,1862178,Xylophanes isaon Boisduval,20
1115,1862181,"Xylophanes pluto Fabricius, 1777",20
1116,1862198,"Xylophanes tersa Linnaeus, 1771",20
1117,1862207,Xylophanes tyndarus Boisduval,20
1118,1862543,Protambulyx astygonus Boisduval,20
1119,1862551,"Protambulyx eurycles Herrich-Schäffer, 1854",20
1120,1862552,"Protambulyx goeldii Rothschild & Jordan, 1903",20
1121,1863102,"Aleuron carinata Walker, 1856",20
1122,1863150,"Nyceryx continua Walker, 1856",20
1123,1863412,"Neococytius cluentius Cramer, 1775",20
1124,1863426,Madoryx plutonius Hübner,20
1125,1863698,"Hemeroplanes longistriga Rothschild & Jordan, 1903",17
1126,1863701,"Hemeroplanes ornatus Rothschild, 1894",20
1127,1863724,Adhemarius palmeri Boisduval,20
1128,1863725,"Adhemarius gagarini Zikán, 1935",20
1129,1863742,Adhemarius daphne Boisduval,20
1130,1863750,"Adhemarius eurysthenes C.Felder & R.Felder, 1874",20
1131,1863756,"Eupyrrhoglossum venustum Rothschild & Jordan, 1910",8
1132,1863757,"Eupyrrhoglossum sagra Poey, 1832",20
1133,1863858,"Pachylia darceta Druce, 1881",20
1134,1863995,"Manduca brasiliensis Jordan, 1911",18
1135,1864021,"Manduca rustica Fabricius, 1775",20
1136,1864031,"Manduca janira Jordan, 1911",20
1137,1864063,"Manduca leucospila Rothschild & Jordan, 1903",20
1138,1864316,"Erinnyis ello Linnaeus, 1758",20
1139,1864329,"Erinnyis crameri Schaus, 1898",20
1140,1864807,"Eubergia caisa Berg, 1883",20
1141,1864808,"Eubergia argyrea Weymer, 1908",20
1142,1864850,"Pseudautomeris brasiliensis Walker, 1855",20
1143,1864905,"Syssphinx molina Cramer, 1781",20
1144,1864950,"Dirphia dolosa Bouvier, 1929",20
1145,1864978,"Dirphia moderata Bouvier, 1929",20
1146,1864991,Dirphia acidalia Hübner,20
1147,1864994,"Dirphia muscosa Schaus, 1898",20
1148,1865029,"Dirphia araucariae Jones, 1908",20
1149,1865120,"Eacles ducalis Walker, 1855",20
1150,1865132,"Eacles penelope Cramer, 1775",20
1151,1865133,"Eacles lauroi Oiticica Filho, 1938",20
1152,1865378,"Gamelia anableps C.Felder & R.Felder, 1874",20
1153,1865547,"Citheronia hamifera Rothschild, 1907",20
1154,1865557,"Citheronia phoronea Cramer, 1779",20
1155,1865640,"Schausiella janeira Schaus, 1892",20
1156,1865695,"Travassosula subfumata Schaus, 1921",20
1157,1865711,"Hyperchiria incisa Walker, 1855",20
1158,1865714,"Hyperchiria orodina Schaus, 1906",20
1159,1865754,"Adeloneivaia acuta Schaus, 1896",20
1160,1865783,"Adeloneivaia apicalis Bouvier, 1927",20
1161,1865809,"Automerina cypria Gmelin, 1788",20
1162,1865831,"Rhescyntis hermes Rothschild, 1907",20
1163,1865963,"Automeris hamata Schaus, 1906",20
1164,1865990,"Automeris larra Walker, 1855",20
1165,1866010,"Automeris basalis Walker, 1855",20
1166,1866050,"Automeris egeus (Cramer, 1776)",20
1167,1866167,"Automeris inornata Walker, 1855",20
1168,1866169,Automeris beckeri Herrich-Schäffer,20
1169,1866191,"Automeris bilinea Walker, 1855",20
1170,1866220,"Automeris liberia Cramer, 1780",20
1171,1866295,"Arsenura sylla Cramer, 1780",20
1172,1866311,"Arsenura armida Cramer, 1780",20
1173,1866398,"Automerella aurora Maassen & Weymer, 1886",20
1174,1866399,"Automerella flexuosa C.Felder & R.Felder, 1874",20
1175,1866712,"Ptiloscola cinerea Schaus, 1900",20
1176,1866728,"Neorcarnegia basirei Schaus, 1892",20
1177,1866853,"Leucanella maasseni Möschler, 1872",20
1178,1866891,"Cerodirphia rosacordis Walker, 1855",20
1179,1866892,"Cerodirphia speciosa Cramer, 1777",20
1180,1866895,"Cerodirphia rubripes Draudt, 1930",11
1181,1867064,"Hylesia obtusa Dognin, 1923",20
1182,1867124,"Hylesia metapyrrha Walker, 1855",20
1183,1867151,"Hylesia munonia Schaus, 1927",20
1184,1867173,"Hylesia oratex Dyar, 1913",20
1185,1867218,"Hylesia metabus Cramer, 1775",20
1186,1867325,"Scolesa totoma Schaus, 1900",20
1187,1867328,"Scolesa nebulosa Lemaire, 1971",18
1188,1867473,"Loxolomia serpentina Maassen, 1869",20
1189,1867668,"Adelowalkeria flavosignata Walker, 1865",20
1190,1867760,"Grammopelta lineata Schaus, 1906",20
1191,1867776,"Copiopteryx sonthonnaxi André, 1905",20
1192,1868075,"Catacantha latifasciata Bouvier, 1930",12
1193,1868076,"Catacantha ferruginea Draudt, 1929",20
1194,1868088,"Periga circumstans Walker, 1855",20
1195,1868224,"Quentalia vittata (Walker, 1855)",18
1196,1868530,"Sorocaba carmelitaria Guenée, 1857",19
1197,1868532,"Olceclostera seraphica Dyar, 1906",20
1198,1868533,"Olceclostera irrorata Butler, 1878",20
1199,1868538,"Olceclostera truncata Walker, 1855",20
1200,1868688,"Drepatelodes friburgensis Schaus, 1924",16
1201,1870893,"Zanclodes falculalis Ragonot, 1891",20
1202,1871102,"Azamora sororia Druce, 1899",20
1203,1872728,"Arouva albivitta Felder & Rogenhofer, 1874",9
1204,1872803,"Casuaria armata Walker, 1866",6
1205,1876586,"Chrysauge catenulata Warren, 1891",20
1206,1877602,"Hypocosmia pyrochroma Jones, 1912",20
1207,1878205,"Ufa rubedinella Zeller, 1848",20
1208,1878307,"Bonchis munitalis Lederer, 1863",20
1209,1879433,"Hileithia decostalis Guenée, 1854",20
1210,1880271,Diacme mopsalis,20
1211,1880505,Sparagmia gonoptera Latreille,20
1212,1880623,"Phostria temira Stoll, 1781",20
1213,1881156,"Nomophila indistinctalis Walker, 1859",20
1214,1881660,"Argyractis iasusalis Walker, 1859",10
1215,1881702,"Argyractis subornata Hampson, 1897",12
1216,1881764,"Gonocausta zephyralis Lederer, 1863",20
1217,1881813,Azochis mactalis Felder,20
1218,1882941,"Herpetogramma bipunctalis Fabricius, 1794",20
1219,1882942,"Herpetogramma servalis Lederer, 1863",5
1220,1883968,"Samea multiplicalis (Guenée, 1854)",20
1221,1884449,"Parapoynx stagnalis (Zeller, 1852)",20
1222,1884923,"Condylorrhiza vestigialis Guenée, 1854",20
1223,1885892,"Bradina agraphalis Guenée, 1854",12
1224,1886251,"Spoladea recurvalis (Fabricius, 1775)",20
1225,1886451,"Ercta vittata Fabricius, 1794",20
1226,1886684,"Argyrarcha margarita Warren, 1892",20
1227,1887557,"Sisyracera subulalis Guenée, 1854",20
1228,1887634,"Ommatospila narcaeusalis Walker, 1859",20
1229,1887791,"Syllepte striginervalis Guenée, 1854",20
1230,1887987,"Arthromastix pactolalis (Guenée, 1854)",20
1231,1889550,"Praeacrospila melanoproctis Hampson, 1899",20
1232,1891569,"Pycnarmon juanalis Schaus, 1933",12
1233,1891576,Pycnarmon levinia Cramer,11
1234,1892145,"Polygrammodes runicalis Guenée, 1854",20
1235,1892210,"Polygrammodes ostrealis Guenée, 1854",20
1236,1892213,"Polygrammodes maccalis Lederer, 1863",20
1237,1892219,"Polygrammodes dubialis Schaus, 1924",20
1238,1892230,"Polygrammodes ponderalis Guenée, 1854",20
1239,1892510,"Philaethria wernickei (Röber, 1906) Rober, 1906",20
1240,1892518,"Caeruleuptychia urania Butler, 1866",16
1241,1892521,"Caeruleuptychia cyanites (Butler, 1871)",5
1242,1892529,"Caeruleuptychia aegrota (Butler, 1866)",20
1243,1892530,"Caeruleuptychia coelestis Butler, 1866",20
1244,1892534,"Moneuptychia Forster, 1964",40
1245,1892535,"Moneuptychia soter Butler, 1877",20
1246,1892761,"Doxocopa linda (Felder, 1862)",20
1247,1892802,"Doxocopa lavinia (Butler, 1866)",20
1248,1892915,"Eteona tisiphone (Boisduval, 1836)",20
1249,1892949,"Zischkaia saundersii Butler, 1866",6
1250,1893377,"Archeuptychia cluena Drury, 1782",20
1251,1894085,"Hypanartia bella Fabricius, 1793",20
1252,1895243,"Chloreuptychia agatha Butler, 1866",12
1253,1895700,"Catoblepia versitincta Stichel, 1901",6
1254,1895709,"Catoblepia berecynthia (Cramer, 1777)",20
1255,1895789,"Eresia nauplius (Linnaeus, 1758)",20
1256,1896087,"Dynastor darius (Fabricius, 1775)",20
1257,1896126,"Epityches eupompe (Geyer, 1832)",20
1258,1896637,"Dircenna loreta Haensch, 1903",20
1259,1896756,"Catonephele acontius Linnaeus, 1771",20
1260,1896774,"Catonephele numilia Cramer, 1779",20
1261,1896777,"Catonephele sabrina Hewitson, 1852",20
1262,1898367,"Pierella lena Linnaeus, 1767",20
1263,1898858,"Methona themisto Hübner, 1816",20
1264,1900024,"Hermeuptychia sosybius Fabricius, 1793",20
1265,1900112,"Epiphile hubneri Hewitson, 1861",20
1266,1900172,"Heliconius numatus euphone C.Felder & R.Felder, 1862",20
1267,1900195,"Heliconius ricini insulanus (Stichel, 1909)",20
1268,1900199,"Heliconius hecale (Fabricius, 1775)",20
1269,1900303,"Heliconius melpomene (Linnaeus, 1758)",20
1270,1900379,"Heliconius leucadia pseudorhea Staudinger, 1896",20
1271,1900632,"Heliconius ethilla (Latreille & Godart, 1819)",20
1272,1900994,Actinote melanisans,20
1273,1901012,"Actinote momina Jordan, 1910",20
1274,1901032,"Actinote parapheles Jordan, 1913",20
1275,1901055,"Actinote rhodope d'Almeida, 1922",18
1276,1901165,"Actinote carcycina Jordan, 1913",20
1277,1901358,"Amphidecta reynoldsi Sharpe, 1890",20
1278,1902110,"Ortilia dicoma (Hewitson, 1864)",20
1279,1902114,"Ortilia orthia (Hewitson, 1864)",20
1280,1902366,"Oleria aquata (Weymer, 1875)",20
1281,1902406,"Zaretis itys Cramer, 1777",18
1282,1902599,"Sais rosalia (Cramer, 1782)",20
1283,1902623,"Cepheuptychia cephus Fabricius, 1775",20
1284,1902814,"Callithomia lenea (Cramer, 1782)",20
1285,1903607,"Temenis laothoe Cramer, 1779",20
1286,1905451,"Hypna clytemnestra (Cramer, 1777)",20
1287,1908168,"Ithomia agnosia Hewitson, 1854",20
1288,1908199,Taygetis rufomarginata rufomarginata,20
1289,1908203,"Taygetis mermeria Cramer, 1779",20
1290,1908204,"Taygetis thamyra Cramer, 1782",20
1291,1908210,"Taygetis rufomarginata Staudinger, 1888",20
1292,1908217,"Taygetis tripunctata Weymer, 1907",20
1293,1908268,"Selenophanes cassiope (Cramer, 1776)",20
1294,1908299,"Nessaea obrinus (Linnaeus, 1758)",20
1295,1908380,"Opoptera syme (Hübner, 1821)",20
1296,1908383,"Opoptera sulcius Staudinger, 1887",20
1297,1908585,"Cithaerias andromeda Fabricius, 1793",20
1298,1909107,"Baeotus japetus (Staudinger, 1886)",20
1299,1909111,"Baeotus aeilus (Stoll, 1780)",20
1300,1909154,"Dynamine meridionalis Röber, 1915",20
1301,1909155,"Dynamine tithia Hübner, 1823",20
1302,1909159,"Dynamine postverta Cramer, 1782",20
1303,1909186,Dynamine arene Hübner,20
1304,1909201,"Dynamine anubis Hewitson, 1859",20
1305,1909209,Dynamine myrrhina Doubleday,20
1306,1909213,"Dynamine coenus Fabricius, 1793",20
1307,1910773,"Pseudodebis valentina (Cramer, 1782)",20
1308,1910774,"Pseudodebis marpessa (Hewitson, 1862)",20
1309,1911931,"Caerois chorinaeus Fabricius, 1775",20
1310,1914465,"Chlosyne lacinia (Geyer, 1837)",20
1311,1914693,"Harjesia blanda Möschler, 1876",20
1312,1914697,"Posttaygetis penelea (Cramer, 1779)",20
1313,1915339,"Yphthimoides renata Cramer, 1782",20
1314,1915356,"Yphthimoides angularis (Butler, 1867)",8
1315,1915401,"Opsiphanes cassiae (Linnaeus, 1758)",20
1316,1915427,"Opsiphanes quiteria (Stoll, 1782)",20
1317,1915456,"Opsiphanes invirae (Hübner, 1818)",20
1318,1917840,"Tegosa orobia (Hewitson, 1864)",20
1319,1918076,"Caligo beltrao (Illiger, 1801)",20
1320,1918267,"Pareuptychia lydia Cramer, 1779",20
1321,1919129,"Anteos menippe (Hübner, 1818)",20
1322,1919130,"Anteos clorinde (Godart, 1824)",20
1323,1919146,"Ganyra phaloe (Godart, 1819)",20
1324,1919226,"Glennia pylotis (Godart, 1819)",20
1325,1919245,"Dismorphia crisia (Drury, 1782)",20
1326,1919646,"Phoebis philea (Linnaeus, 1763)",20
1327,1919937,"Eurema venusta (Boisduval, 1836)",20
1328,1919945,"Eurema leuce (Boisduval, 1836)",20
1329,1920157,"Leucidia brephos (Hübner, 1809)",20
1330,1920159,"Leucidia elvina (Godart, 1819)",20
1331,1920265,"Hesperocharis anguitia (Godart, 1819)",20
1332,1920266,"Hesperocharis paranensis Schaus, 1898",20
1333,1920269,"Hesperocharis erota (Lucas, 1852)",20
1334,1920275,"Pseudopieris nehemia (Boisduval, 1836)",20
1335,1920426,"Leptophobia aripa (Boisduval, 1836)",20
1336,1920517,"Phulia Herrich-Schäffer, 1867",20
1337,1920552,"Pieriballia viardi (Boisduval, 1836)",20
1338,1920921,"Theritas mavors Hübner, 1818",20
1339,1921123,"Tmolus echion (Linnaeus, 1767)",20
1340,1921427,"Theclopsis Godman & Salvin, 1887",20
1341,1921993,"Stalachtis euterpe (Linnaeus, 1758)",20
1342,1922015,"Stalachtis calliope (Linnaeus, 1758)",20
1343,1922024,"Stalachtis susanna (Fabricius, 1787)",20
1344,1922849,"Calycopis bellera (Hewitson, 1877)",20
1345,1922888,"Cyanophrys Clench, 1961",20
1346,1923499,"Atlides halesus (Cramer, 1779)",20
1347,1923679,"Chlorostrymon simaethis (Drury, 1773)",20
1348,1923997,"Arcas imperialis (Cramer, 1779)",20
1349,1924749,Arawacus melibaeus,20
1350,1924751,"Arawacus aetolus (Sulzer, 1776)",20
1351,1924754,Arawacus separata,20
1352,1924755,"Symbiopsis lenitas (Druce, 1907)",20
1353,1924759,"Symbiopsis lenitas (Druce, 1907)",20
1354,1925423,"Strymon melinus Hübner, 1818",40
1355,1925989,Nesiostrymon calchinia,20
1356,1927388,"Siderus Kaye, 1904",40
1357,1928008,"Rekoa palegon (Cramer, 1780)",20
1358,1928213,"Ministrymon clytie (Edwards, 1877)",20
1359,1928584,"Michaelus ira (Hewitson, 1867)",20
1360,1928589,"Michaelus jebus (Godart, 1823)",20
1361,1929044,"Panthiades aeolus (Fabricius, 1775)",20
1362,1931122,"Parrhasius orgia (Hewitson, 1867)",20
1363,1931310,"Oenomaus ortygnus (Cramer, 1782)",20
1364,1932576,"Ocaria ocrisia (Hewitson, 1868)",20
1365,1933256,"Chalybs hassan (Stoll, 1790)",20
1366,1934617,"Nymphidium baeotia Hewitson, 1852",20
1367,1934619,"Nymphidium mantus (Cramer, 1775)",20
1368,1934626,"Nymphidium azanoides amazonensis Callaghan, 1986",20
1369,1934630,"Nymphidium onaeum Hewitson, 1869",20
1370,1934631,"Nymphidium lisimon (Stoll, 1791)",20
1371,1934651,"Nymphidium omois Hewitson, 1865",11
1372,1934655,"Nymphidium acherois (Boisduval, 1836)",20
1373,1934715,"Parcella amarynthina (Felder, 1865)",20
1374,1934755,"Mesosemia isshia Butler, 1869",12
1375,1934758,"Mesosemia philocles (Linnaeus, 1758)",20
1376,1934809,"Mesosemia moesia Hewitson, 1857",5
1377,1934819,"Mesosemia metope Hewitson, 1859",20
1378,1934884,"Mesosemia minos Hewitson, 1859",20
1379,1934906,"Mesosemia odice (Godart, 1824)",20
1380,1934910,"Mesosemia hesperina Butler, 1874",20
1381,1934990,"Notheme erota (Cramer, 1780)",20
1382,1935008,"Pachythone pasicles Hewitson, 1873",7
1383,1935296,Juditha molpe Hübner,20
1384,1935298,"Juditha azan (Westwood, 1851)",20
1385,1935343,"Riodina lysippus (Linnaeus, 1758)",20
1386,1935350,"Riodina lycisca Doubleday, 1847",20
1387,1935514,"Alesa prema (Godart, 1824)",20
1388,1935682,"Pandemos pasiphae (Cramer, 1775)",20
1389,1935862,"Emesis fastidiosa Ménétriés, 1855",20
1390,1935863,"Emesis diogenia Prittwitz, 1865",20
1391,1935869,"Emesis russula Stichel, 1910",20
1392,1935883,"Emesis neemias Hewitson, 1872",13
1393,1936084,"Zelotaea Bates, 1868",14
1394,1936163,"Baeotis zonata Felder, 1869",20
1395,1936231,"Zabuella tenellus (Burmeister, 1878)",20
1396,1936233,"Zabuella tenellus (Burmeister, 1878)",20
1397,1936274,"Periplacis glaucoma Geyer, 1837",16
1398,1936335,"Calephelis aymaran McAlpine, 1971",20
1399,1936363,"Calephelis braziliensis McAlpine, 1971",20
1400,1936378,"Rhetus periander (Cramer, 1777)",20
1401,1936473,Aricoris signata,20
1402,1936474,"Aricoris tutana (Godart, 1824)",6
1403,1936725,"Euselasia euriteus (Cramer, 1777)",20
1404,1936755,"Euselasia uzita (Hewitson, 1852)",8
1405,1936825,"Euselasia clithra (Bates, 1868)",14
1406,1936896,"Euselasia eugeon (Hewitson, 1856)",6
1407,1937064,"Parides neophilus (Geyer, 1837)",20
1408,1937090,"Parides anchises (Linnaeus, 1758)",20
1409,1937116,"Parides echemon (Hübner, 1813)",20
1410,1937129,"Parides bunichus (Hübner, 1821)",20
1411,1937135,"Parides tros (Fabricius, 1793)",20
1412,1937151,"Parides lysander (Cramer, 1775)",20
1413,1937155,"Parides agavus (Drury, 1782)",20
1414,1937161,"Parides ascanius (Cramer, 1775)",20
1415,1937530,"Papilio arianus Staudinger, 1884",20
1416,1937538,"Mimoides protodamas (Godart, 1819)",20
1417,1938199,"Protesilaus telesilaus (Felder & Felder, 1864)",20
1418,1938207,"Protesilaus stenodesmus (Rothschild & Jordan, 1906)",20
1419,1939336,"Eurytides dolicaon (Cramer, 1775)",20
1420,1941666,"Synpalamides phalaris (Fabricius, 1793)",20
1421,1941832,"Ceretes thais (Drury, 1782)",20
1422,1942073,"Sodalia argyrospila (Mabille, 1876)",20
1423,1942158,"Staphylus ascalon (Staudinger, 1876)",20
1424,1942206,"Staphylus musculus (Burmeister, 1875)",20
1425,1942286,"Anastrus neaeris (Möschler, 1879)",20
1426,1942315,"Paracarystus menestries (Latreille, 1824)",20
1427,1942316,"Paracarystus hypargyra (Herrich-Schäffer, 1867)",20
1428,1942335,"Milanion hemes (Cramer, 1777)",20
1429,1942455,"Niconiades nikko Hayward, 1948",20
1430,1942509,"Proteides mercurius (Fabricius, 1787)",20
1431,1942540,"Zariaspes mys (Hübner, 1808)",20
1432,1942734,"Carrhenes fuscescens (Mabille, 1891)",20
1433,1942854,"Xeniades orchamus (Cramer, 1777)",20
1434,1943001,"Diaeus lacaena (Hewitson, 1871)",20
1435,1943106,"Damas clavus (Herrich-Schäffer, 1869)",20
1436,1943125,BOLD:AAC2009,20
1437,1943349,"Parphorus decora (Herrich-Schäffer, 1869)",20
1438,1943475,"Trina geometrina (C.Felder & R.Felder, 1867)",20
1439,1943563,"Panoquina evansi (H.Freeman, 1946)",20
1440,1943571,"Panoquina ocola (Edwards, 1863)",20
1441,1943585,"Panoquina evadnes (Stoll, 1781)",20
1442,1943635,"Zera hyacinthinus (Mabille, 1877)",9
1443,1943712,"Microceris variicolor (Ménétriés, 1855)",13
1444,1943725,"Vidius Evans, 1955",20
1445,1943935,"Zenis minos (Latreille, 1824)",20
1446,1944240,"Monca penda Evans, 1955",20
1447,1944256,"Eutychide olympia (Plötz, 1883)",17
1448,1944273,"Urbanus esmeraldus (Butler, 1877)",20
1449,1944330,"Urbanus esta Evans, 1952",20
1450,1944356,"Vehilius inca (Scudder, 1872)",20
1451,1944361,"Vehilius stictomenes (Butler, 1877)",20
1452,1944374,"Vehilius clavicula (Plötz, 1884)",20
1453,1944421,"Pyrrhopygopsis socrates (Ménétriés, 1885)",20
1454,1944574,"Aguna asander (Hewitson, 1867)",20
1455,1944579,"Aguna albistria (Plötz, 1881)",20
1456,1944769,"Timochares trifasciata (Hewitson, 1868)",20
1457,1944803,"Synapte silius (Latreille, 1824)",20
1458,1944847,"Lamponia elegantula (Herrich-Schäffer, 1869)",20
1459,1945305,"Turesis complanula (Herrich-Schäffer, 1869)",20
1460,1945310,"Sophista plinius Plötz, 1882",18
1461,1945406,"Mimoniades montana Zikán, 1938",20
1462,1945417,"Talides riosa Evans, 1955",6
1463,1945419,"Talides sergestus (Cramer, 1775)",20
1464,1945425,"Talides alternata Bell, 1941",20
1465,1945626,"Phemiades pohli (Bell, 1932)",20
1466,1945653,"Camptopleura auxo (Möschler, 1878)",20
1467,1945848,"Quinta cannae (Herrich-Schäffer, 1869)",20
1468,1945901,"Phareas coeleste Westwood, 1852",20
1469,1945997,"Mnasitheus ritans (Schaus, 1902)",7
1470,1946158,"Callimormus saturnus (Herrich-Schäffer, 1869)",20
1471,1946163,"Callimormus radiola (Mabille, 1878)",20
1472,1946167,"Callimormus corades (Felder, 1862)",20
1473,1946169,"Callimormus juventus Scudder, 1872",20
1474,1946177,"Callimormus saturnus (Herrich-Schäffer, 1869)",20
1475,1946179,"Callimormus alsimo (Möschler, 1882)",19
1476,1946290,"Thespieus aspernatus Draudt, 1924",20
1477,1946308,"Thespieus xarippe (Butler, 1870)",20
1478,1946310,"Thespieus dalman (Latreille, 1824)",20
1479,1946324,"Thespieus lutetia (Hewitson, 1866)",12
1480,1946359,Perichares seneca (Latreille),20
1481,1946434,"Pheraeus fastus (Hayward, 1938)",6
1482,1946467,"Nyctelius paranensis (Schaus, 1902)",6
1483,1946469,Nyctelius nyctelius nyctelius,20
1484,1946544,"Gorgythion vox Evans, 1953",20
1485,1946550,"Gorgythion begga (Prittwitz, 1868)",20
1486,1946577,"Pellicia arina Evans, 1953",20
1487,1946934,"Thracides cleanthes (Latreille, 1824)",20
1488,1946971,"Entheus gentius (Cramer, 1779)",10
1489,1947021,"Onophas columbaria (Herrich-Schäffer, 1870)",20
1490,1947040,"Cymaenes alumna (Butler, 1877)",20
1491,1947048,"Cymaenes alumna (Butler, 1877)",20
1492,1947049,"Cymaenes gisca Evans, 1955",20
1493,1947243,"Enosis aphilos (Herrich-Schäffer, 1869)",20
1494,1947403,"Orses itea (Swainson, 1821)",20
1495,1947506,"Codatractus aminias (Hewitson, 1867)",20
1496,1947530,"Thargella evansi de Biezanko & Mielke, 1973",5
1497,1947570,"Phocides charon (C.Felder & R.Felder, 1859)",20
1498,1947597,"Phocides polybius (Fabricius, 1793)",20
1499,1947617,"Bungalotis midas (Cramer, 1775)",20
1500,1947793,"Augiades crinisus (Cramer, 1780)",20
1501,1947894,"Epargyreus cruza Evans, 1952",20
1502,1947954,"Telemiades avitus (Stoll, 1781)",20
1503,1947980,"Autochton neis (Geyer, 1832)",20
1504,1948046,"Polyctor polyctor (Prittwitz, 1868)",20
1505,1948458,"Cumbre meridionalis (Hayward, 1934) Hayward, 1934",20
1506,1948528,"Cycloglypha tisias (Godman & Salvin, 1896)",20
1507,1948529,"Cycloglypha enega (Möschler, 1876)",20
1508,1948581,"Marela tamyroides (C.Felder & R.Felder, 1867)",18
1509,1948582,"Marela tamyris Mabille, 1903",7
1510,1948622,"Ludens ludens (Mabille, 1891)",20
1511,1948750,"Cobalopsis vorgia (Schaus, 1902)",6
1512,1948844,"Lucida lucia (Capronnier, 1874)",20
1513,1948872,"Pythonides lerina (Hewitson, 1868)",20
1514,1948883,"Pythonides lancea (Hewitson, 1868)",13
1515,1948890,"Pythonides jovianus (Stoll, 1782)",20
1516,1948933,"Conga iheringii (Mabille, 1891)",20
1517,1948947,"Nascus phocus (Cramer, 1777)",20
1518,1949037,"Udranomia spitzi (Hayward, 1942)",20
1519,1949042,"Gesta inga Evans, 1953",6
1520,1949049,"Gesta gesta (Herrich-Schäffer, 1863)",20
1521,1949068,"Psoralis stacara (Schaus, 1902)",20
1522,1949313,"Aides duma Evans, 1955",20
1523,1949451,"Lerodea eufala (Edwards, 1869)",20
1524,1949460,"Lerodea erythrostictus (Prittwitz, 1868)",20
1525,1949480,"Vertica verticalis (Plötz, 1883)",20
1526,1949488,"Noctuana diurna (Butler, 1870)",20
1527,1949555,"Morys geisa (Möschler, 1878)",16
1528,1949627,"Ebrietas infanda (Butler, 1876)",13
1529,1950039,"Polygonus savigny (Latreille, 1824)",20
1530,1950052,"Pompeius pompeius (Latreille, 1824)",20
1531,1950121,"Lerema liris Evans, 1955",20
1532,1950200,"Nisoniades Hübner, 1819",20
1533,1950226,"Nisoniades castolus (Hewitson, 1878)",20
1534,1950243,"Nisoniades macarius (Herrich-Schäffer, 1870)",20
1535,1950485,"Justinia justinianus (Latreille, 1824)",20
1536,1950754,"Carystoides cathaea (Hewitson, 1866)",20
1537,1950767,"Celaenorrhinus stola Evans, 1952",20
1538,1951039,"Orthos orthos hyalinus (Bell, 1930)",20
1539,1951062,"Tirynthia conflua (Herrich-Schäffer, 1869)",20
1540,1951066,"Anisochoria minorella Mabille, 1897",20
1541,1951097,"Heliopetes arsalte (Linnaeus, 1758)",20
1542,1951103,"Heliopetes omrina (Butler, 1870)",20
1543,1951108,"Heliopetes ochroleuca Zikán, 1938",20
1544,1951119,"Heliopetes libra Evans, 1944",20
1545,1951260,"Dyscophellus porcius (C.Felder & R.Felder, 1862)",20
1546,1951286,"Timochreon satyrus (Felder, 1867)",20
1547,1952945,"Tarema rivara Schaus, 1896",8
1548,1952946,"Tarema fuscosa Dukinfield Jones, 1908",6
1549,1952975,"Trogoptera dietricha Schaus, 1934",11
1550,1953078,"Gonogramma manicora (Schaus, 1928)",20
1551,1953110,BOLD:AAA4866,20
1552,1953135,"Druentica mutara (Schaus, 1933)",12
1553,1955818,"Brachurapteryx breviaria (Hübner, 1831)",20
1554,1959985,"Macrotes netrix (Cramer, 1777)",8
1555,1960257,"Opisthoxia claudiaria Schaus, 1901",20
1556,1962118,Synchlora gerularia (Hübner),20
1557,1963433,"Melanchroia chephise (Stoll, 1782)",20
1558,1964698,"Cathydata batina Druce, 1892",20
1559,1965695,Glena unipennaria (Guenée),5
1560,1966185,"Disclisioprocta stellata (Guenée, 1857)",20
1561,1968313,Phrygionis polita (Cramer),20
1562,1973644,"Oospila flavilimes (Warren, 1904)",20
1563,1973668,"Oospila delphinata (Warren, 1900)",20
1564,1973686,"Oospila tricamerata Prout, 1916",17
1565,1975287,"Neagathia corruptata Felder & Rogenhofer, 1875",20
1566,1976390,Herbita capnodiata (Guenée),9
1567,1976653,"Oxydia translinquens (Walker, 1860)",20
1568,1978162,"Ischnopteris bifinita (Walker, 1862)",14
1569,1980340,"Bagodares castra Jones, 1921",8
1570,1981944,Chloropteryx productaria (Herrich-Schäffer),8
1571,1982337,"Cartellodes levis (Thierry-Mieg, 1893)",20
1572,1985953,"Eubaphe hesperina (Burmeister, 1878)",20
1573,1986882,"Cyphoedma transvolutata (Walker, 1860)",20
1574,1988978,"Pyrinia mephasaria Walker, 1860",15
1575,1989582,"Nepheloleuca politia (Cramer, 1777)",20
1576,1990998,"Thyrinteina arnobia (Stoll, 1782)",20
1577,1991005,"Nematocampa reticulata Butler, 1881",20
1578,1991014,"Nematocampa arenosa Butler, 1881",20
1579,1991405,"Cyllopoda claudicula Dalman, 1823",20
1580,1993196,"Rhodoneura nebulosa (Warren, 1889)",17
1581,1994607,"Phoraspis brachytaenia Hebard, 1921",6
1582,1995086,"Phoetalia pallida (Brunner von Wattenwyl, 1865)",12
1583,1995736,"Parahormetica cicatricosa Saussure, 1869",20
1584,1995787,"Hiereoblatta cassidea (Eschscholtz, 1822)",20
1585,1995914,"Eublaberus distanti (Kirby, 1903)",20
1586,1996295,"Nyctibora humeralis Dohrn, 1888",20
1587,1999197,"Pseudischnoptera nigrofasciata Rocha e Silva, 1974",20
1588,2000919,"Euthyrrhapha pacifica (Coquebert, 1804)",20
1589,2007381,"Coptotermes gestroi (Wasmann, 1896)",20
1590,2007584,"Lethocerus annulipes (Herrich-Schaeffer, 1845)",20
1591,2007652,"Neacoryphus bicrucis (Say, 1825)",20
1592,2007898,"Craspeduchus xanthostaurus (Herrich-Schaeffer, 1850)",20
1593,2007946,"Neopamera bilobata (Say, 1831)",20
1594,2008501,"Rhiginia lateralis (Lepeletier & Serville, 1825)",5
1595,2008545,"Hiranetis Spinola, 1840",20
1596,2008626,"Repipta flavicans (Amyot & Serville, 1843)",20
1597,2008630,"Rasahus hamatus (Fabricius, 1781)",20
1598,2008631,"Rasahus sulcicollis (Serville, 1831)",20
1599,2008670,"Heza binotata (Lepeletier & Serville, 1825)",20
1600,2008712,"Zelurus eburneus (Lepeletier & Serville, 1825)",9
1601,2008782,"Atrachelus cinereus (Fabricius, 1798)",20
1602,2008808,"Emesaya brevipennis (Say, 1832)",20
1603,2010089,"Tenthecoris bicolor J.Scott, 1886",20
1604,2011314,"Proba vittiscutis (Stal, 1860)",20
1605,2011377,"Prepops cruciferus (Berg, 1878)",20
1606,2012126,"Bemisia argentifolii Bellows & Perring, 1994",20
1607,2013135,"Platycorypha nigrivirga Burckhardt, 1987",20
1608,2017382,"Clastoptera cimicoides Germar, 1839",20
1609,2017637,"Typeschata Schmidt, 1920",20
1610,2017704,"Homalogrypota coccinea (Fabricius, 1794)",20
1611,2018818,"Sphenoclypeana parana (Distant, 1909)",20
1612,2019693,"Aeneolamia flavilatera (Urich, 1914)",20
1613,2019716,"Deois incompleta (Walker, 1851)",17
1614,2021352,"Lycoderes gaffa Fairmaire, 1846",9
1615,2021361,"Lycoderes fuscus Amyot & Serville, 1843",19
1616,2021944,"Membracis sanguineoplaga Schmidt, 1906",20
1617,2021950,Membracis celsa Walker,20
1618,2021952,Membracis foliataarcuata DeGeer,5
1619,2021964,Membracis dorsata Fabricius,20
1620,2022927,Paraceresa bifasciata Fairmaire,8
1621,2023309,Ceresa ustulata Fairmaire,20
1622,2023463,Erechtia gibbosa DeGeer,20
1623,2023651,Enchophyllum quinquemaculata Fairmaire,20
1624,2023694,Enchenopa gracilis Germar,20
1625,2023704,Enchenopa squamigera Linnaeus,20
1626,2023712,Smiliorachis octilinea Stål,13
1627,2023838,Horiola picta Coquebert,20
1628,2023886,Germariana terminalis Walker,10
1629,2024168,Umbonia spinosa Fabricius,20
1630,2024577,"Potnia diringshofeni Creão-Duarte & Sakakibara, 1997",20
1631,2024713,Oeda informis Westwood,20
1632,2024934,"Catagonalia conjunctula (Osborn, 1926)",20
1633,2025747,"Lebaja mediana Young, 1977",20
1634,2028918,"Aulacizes quadripunctata (Germar, 1821)",20
1635,2028927,"Aulacizes obsoleta Melichar, 1926",20
1636,2029367,"Cicciana obliqua (Walker, 1851)",20
1637,2029369,"Cicciana latreillei (Distant, 1908)",20
1638,2029782,"Jassolidia munda (Stål, 1862)",20
1639,2031899,"Egidemia speculifera (Walker, 1851)",11
1640,2032207,"Molomea magna (Walker, 1851)",20
1641,2032241,"Molomea confluens (Melichar, 1925)",6
1642,2032253,"Molomea hamleti (Distant, 1908)",20
1643,2032808,"Calliscarta fasciata (Osborn, 1929)",20
1644,2032885,"Juliaca chapini Young, 1977",12
1645,2033654,"Amblyscartidia pardaliota Young, 1977",20
1646,2034158,"Erythrogonia excisa Melichar, 1926",20
1647,2034188,"Erythrogonia colorata (Germar, 1821)",20
1648,2035391,"Exogonia leucampix (Signoret, 1853)",5
1649,2035579,"Ferrariana trivittata (Signoret, 1854)",20
1650,2035764,"Diedrocephala variegata (Fabricius, 1775)",20
1651,2035840,"Dilobopterus disparulus Young, 1977",20
1652,2035870,"Dilobopterus costalimai Young, 1977",20
1653,2035879,"Dilobopterus segmentalis (Signoret, 1853)",10
1654,2036250,"Soosiulus configuratus (Walker, 1858)",11
1655,2038547,"Sibovia nielsoni Young, 1977",20
1656,2038608,"Deltolidia discolor (Stål, 1862)",20
1657,2038643,"Scoposcartula perrisii (Signoret, 1855)",8
1658,2038953,"Pawiloma victima (Germar, 1821)",20
1659,2038978,"Subrasaca nigriventris (Signoret, 1855)",17
1660,2038983,"Subrasaca ignicolor (Signoret, 1854)",20
1661,2039180,"Laneola rubricauda (Signoret, 1854)",10
1662,2040406,"Tettisama quinquemaculata (Germar, 1821)",20
1663,2041741,"Tylozygus geometricus (Signoret, 1854)",20
1664,2042040,"Versigonalia vermiculata (Signoret, 1855)",20
1665,2042414,"Bucephalogonia xanthophis (Berg, 1879)",20
1666,2043861,"Cardioscarta vernicosa (Le Peletier & Audinet-Serville, 1825)",17
1667,2043864,"Cardioscarta quadrifasciata (Linnaeus, 1758)",20
1668,2043866,"Cardioscarta albigutta (Walker, 1851)",20
1669,2043868,"Cardioscarta flavifrons (Signoret, 1853)",20
1670,2044225,"Teletusa limpida (Signoret, 1855)",20
1671,2049961,"Spartocera fusca (Thunberg, 1783)",20
1672,2050090,"Anasa cornuta Amyot & Serville, 1843",9
1673,2050114,"Sethenira testacea Spinola, 1837",20
1674,2053082,"Pteroplegma jacobania Jacobi, 1904",14
1675,2053532,"Paramisia Melichar, 1912",20
1676,2065107,"Coptopola cincticrus Stål, 1869",20
1677,2065272,"Acraephia perspicillata (Fabricius, 1781)",20
1678,2065293,"Cyrpoptus obscurus (Fabricius, 1803)",19
1679,2065499,"Scaralis semilimpida (Walker, 1851)",10
1680,2065563,"Acmonia ficta (Walker, 1858)",13
1681,2065606,"Lystra lanata (Linnaeus, 1758)",20
1682,2065628,"Crepusia nuptialis (Gerstaecker, 1860)",19
1683,2065651,"Pterodictya reticularis (Olivier, 1791)",20
1684,2067095,"Epormenis cestri Berg, 1879",20
1685,2067730,"Poekilloptera phalaenoides (Linnaeus, 1758)",20
1686,2072196,"Aphis nerii Boyer de Fonscolombe, 1841",20
1687,2074364,"Cerataphis brasiliensis (Hempel, 1901)",20
1688,2074893,"Brevicoryne brassicae (Linnaeus, 1758)",20
1689,2078770,"Cyrtomenus emarginatus Stål, 1862",17
1690,2078824,"Stiretrus anchorago (Fabricius, 1775)",40
1691,2078831,"Stiretrus decemguttatus (Lepeletier & Serville, 1828)",20
1692,2078852,"Nezara viridula (Linnaeus, 1758)",20
1693,2078984,"Vulsirea violacea (Fabricius, 1803)",20
1694,2079059,"Euschistus Dallas, 1851",20
1695,2079130,"Proxys albopunctulatus (Palisot, 1811)",20
1696,2079170,"Loxa viridis (Palisot, 1811)",20
1697,2079241,"Edessa meditabunda (Fabricius, 1794)",40
1698,2079296,"Augocoris gomesii Burmeister, 1835",20
1699,2079317,"Pachycoris torridus (Scopoli, 1772)",20
1700,2080592,"Icerya purchasi Maskell, 1879",20
1701,2097774,"Ameromyia pubiventris (Walker, 1860)",20
1702,2097966,"Argentoleon irrigatus (Gerstaecker, 1894)",20
1703,2100271,"Purenleon clavatus (Navás, 1914)",20
1704,2100952,"Dimarella riparia (Navás, 1918)",20
1705,2101076,"Austroleon immitis (Walker, 1853)",20
1706,2101210,"Dimares elegans (Perty, 1833)",20
1707,2102485,"Nusalala tessellata (Gerstaecker, 1888)",20
1708,2103314,"Ameropterus versicolor (Burmeister, 1839)",20
1709,2103501,"Cordulecerus alopecinus (Burmeister, 1839)",20
1710,2103532,"Ascalorphne impavida (Walker, 1853)",20
1711,2103869,"Haploglenius flavicornis McLachlan, 1871",20
1712,2105515,"Chrysoperla externa (Hagen, 1861)",20
1713,2105588,"Vieira elegans (Guérin-Méneville, 1844)",20
1714,2109683,"Isostenosmylus pulverulentus (Gerstaecker, 1894)",20
1715,2115664,"Chelonibia testudinaria (Linnaeus, 1758)",20
1716,2115807,"Tetraclita stalactifera (Lamarck, 1818)",20
1717,2127963,"Thelyphonellus amazonicus (Butler, 1872)",20
1718,2130165,"Tetranychus ludeni Zacher, 1913",20
1719,2130185,"Tetranychus urticae Koch, 1836",20
1720,2133270,"Vectius niger (Simon, 1880)",20
1721,2140839,"Fufius funebris Vellard, 1924",20
1722,2142753,"Cithaeron praedonius O.Pickard-Cambridge, 1872",20
1723,2143658,"Metaltella simoni (Keyserling, 1878)",20
1724,2145925,"Diapontia uruguayensis Keyserling, 1877",20
1725,2146714,"Hogna gumia (Petrunkevitch, 1911)",20
1726,2146895,"Aglaoctenus castaneus (Mello-Leitão, 1942)",20
1727,2147491,"Paratrochosina amica (Mello-Leitão, 1941)",20
1728,2147871,"Gephyrellula violacea (Mello-Leitão, 1918)",20
1729,2149064,"Falconina gracilis (Keyserling, 1891)",20
1730,2149171,"Sphecotypus niger (Perty, 1833)",20
1731,2150043,"Crossopriza lyoni (Blackwall, 1867)",20
1732,2150541,"Physocyclus viridis Mello-Leitão, 1940",6
1733,2151019,"Architis spinipes (Taczanowski, 1874)",20
1734,2151022,"Architis tenuis Simon, 1898",20
1735,2151504,"Leucauge volupis (Keyserling, 1893)",20
1736,2151507,"Leucauge argyra (Walckenaer, 1841)",20
1737,2152451,"Enoploctenus cyclothorax (Bertkau, 1880)",20
1738,2152799,"Ancylometes rufus (Walckenaer, 1837)",20
1739,2152808,"Ancylometes bogotensis (Keyserling, 1877)",20
1740,2152822,"Phoneutria nigriventer (Keyserling, 1891)",20
1741,2153001,"Eidmannella pallida (Emerton, 1875)",20
1742,2153059,"Trechona venosa (Latreille, 1832)",7
1743,2153448,"Iridopelma zorodes (Mello-Leitão, 1926)",20
1744,2153745,"Homoeomma montanum (Mello-Leitão, 1923)",20
1745,2153802,"Acanthoscurria gomesiana Mello-Leitão, 1923",20
1746,2153814,"Acanthoscurria juruenicola Mello-Leitão, 1923",20
1747,2153823,"Acanthoscurria geniculata (C.L.Koch, 1841)",20
1748,2153835,"Acanthoscurria chacoana Brèthes, 1909",20
1749,2153949,"Lasiodora parahybana Mello-Leitão, 1917",20
1750,2153954,"Lasiodora subcanens Mello-Leitão, 1921",20
1751,2153960,"Lasiodora klugi (C.L.Koch, 1841)",20
1752,2154001,"Nhandu coloratovillosus (Schmidt, 1998)",20
1753,2154132,"Ephebopus murinus (Walckenaer, 1837)",20
1754,2155463,"Selenops maranhensis Mello-Leitão, 1918",9
1755,2156257,"Chrysso albomaculata O.Pickard-Cambridge, 1882",20
1756,2156523,"Spintharus gracilis Keyserling, 1886",20
1757,2156566,"Theridion calcynatum Holmberg, 1876",20
1758,2156778,"Theridion biezankoi Levi, 1963",20
1759,2157200,"Steatoda diamantina Levi, 1962",20
1760,2157223,"Steatoda ancorata (Holmberg, 1876)",20
1761,2157245,"Steatoda grossa (C.L.Koch, 1838)",20
1762,2157402,"Parasteatoda tepidariorum (C.L.Koch, 1841)",20
1763,2157540,"Craspedisia cornuta (Keyserling, 1891)",20
1764,2157893,"Ariamnes attenuatus O.Pickard-Cambridge, 1881",20
1765,2157981,"Emertonella taczanowskii (Keyserling, 1886)",11
1766,2158007,"Tidarren sisyphoides (Walckenaer, 1841)",20
1767,2158310,"Dubiepeira dubitata (Soares & Camargo, 1948)",20
1768,2158784,"Mecynogea lemniscata (Walckenaer, 1841)",20
1769,2158821,"Neoscona nautica (L.Koch, 1875)",20
1770,2158954,"Manogea porracea (C.L.Koch, 1838)",20
1771,2159045,"Mangora strenua (Keyserling, 1893)",20
1772,2159112,"Parawixia bistriata (Rengger, 1836)",20
1773,2159252,"Alpaida trispinosa (Keyserling, 1892)",20
1774,2159263,"Alpaida itapua Levi, 1988",20
1775,2159272,"Alpaida truncata (Keyserling, 1865)",20
1776,2159282,"Alpaida alto Levi, 1988",20
1777,2159283,"Alpaida itauba Levi, 1988",8
1778,2159296,"Alpaida scriba (Mello-Leitão, 1940)",20
1779,2159322,"Alpaida natal Levi, 1988",10
1780,2159332,"Alpaida carminea (Taczanowski, 1878)",20
1781,2159357,"Alpaida versicolor (Keyserling, 1877)",20
1782,2159454,"Wixia abdominalis O.Pickard-Cambridge, 1882",20
1783,2159537,"Micrathena digitata (C.L.Koch, 1839)",20
1784,2159554,"Micrathena furva (Keyserling, 1892)",20
1785,2159556,"Micrathena miles Simon, 1895",20
1786,2159559,"Micrathena schenkeli Mello-Leitão, 1939",20
1787,2159563,"Micrathena spitzi Mello-Leitão, 1932",20
1788,2159569,"Micrathena peregrinatorum (Holmberg, 1883)",20
1789,2159573,"Micrathena flaveola (Perty, 1839)",20
1790,2159574,"Micrathena annulata Reimoser, 1917",20
1791,2159591,"Micrathena sexspinosa (Hahn, 1822)",20
1792,2159592,"Micrathena crassispina (C.L.Koch, 1836)",20
1793,2159617,"Micrathena nigrichelis Strand, 1908",20
1794,2159626,"Micrathena excavata (C.L.Koch, 1836)",20
1795,2159630,"Micrathena pungens (Walckenaer, 1841)",20
1796,2159634,"Micrathena bananal Levi, 1985",20
1797,2159676,"Witica cayanus (Taczanowski, 1873)",16
1798,2159742,"Araneus cuiaba Levi, 1991",20
1799,2159800,"Araneus guttatus (Keyserling, 1865)",20
1800,2160044,"Araneus horizonte Levi, 1991",20
1801,2160181,"Araneus lathyrinus (Holmberg, 1875)",20
1802,2160503,"Epeiroides bahiensis Keyserling, 1885",20
1803,2160526,"Verrucosa zebra (Keyserling, 1892)",20
1804,2160831,"Ocrepeira covillei Levi, 1993",20
1805,2160844,"Ocrepeira venustula (Keyserling, 1879)",20
1806,2160850,"Ocrepeira hirsuta (Mello-Leitão, 1942)",7
1807,2161029,"Pozonia bacillifera (Simon, 1897)",5
1808,2161710,"Heteropoda venatoria (Linnaeus, 1767)",20
1809,2161949,"Polybetes rapidus (Keyserling, 1880)",20
1810,2164133,"Cheiracanthium inclusum (Hentz, 1847)",20
1811,2164577,"Idiops pirassununguensis Fukami & Lucas, 2005",5
1812,2165547,"Epicadinus spinipes (Blackwall, 1862)",14
1813,2165555,"Epicadinus villosus Mello-Leitão, 1929",20
1814,2165875,"Stephanopoides brasiliana Keyserling, 1880",20
1815,2165921,"Epicadus rubripes Mello-Leitão, 1924",20
1816,2166923,"Misumenops callinurus Mello-Leitão, 1929",20
1817,2167046,"Strophius albofasciatus Mello-Leitão, 1929",20
1818,2167387,"Gelanor zonatus (C.L.Koch, 1845)",20
1819,2167609,"Kukulcania hibernalis (Hentz, 1842)",20
1820,2167907,"Marma nigritarsis (Simon, 1900)",20
1821,2168026,"Lyssomanes bitaeniatus G.W.Peckham, E.G.Peckham & Wheeler, 1889",20
1822,2168041,"Lyssomanes remotus G.W.Peckham & E.G.Peckham, 1896",20
1823,2168044,"Lyssomanes nigropictus G.W.Peckham, E.G.Peckham & Wheeler, 1889",6
1824,2168819,"Akela ruricola Galiano, 1999",20
1825,2169575,"Metaphidippus albopilosus (G.W.Peckham & E.G.Peckham, 1901)",20
1826,2169880,"Corythalia fimbriata (G.W.Peckham & E.G.Peckham, 1901)",8
1827,2169912,"Corythalia vervloeti Soares & Camargo, 1948",20
1828,2169943,"Corythalia latipes (C.L.Koch, 1846)",20
1829,2170144,"Noegus comatulus Simon, 1900",20
1830,2170159,"Noegus bidens Simon, 1900",20
1831,2170509,"Naubolus posticatus Simon, 1901",20
1832,2171094,"Cotinusa magna (G.W.Peckham & E.G.Peckham, 1894)",8
1833,2171431,"Acragas trimaculatus Mello-Leitão, 1917",20
1834,2171545,"Neonella salafraria Ruiz & Brescovit, 2004",7
1835,2171808,"Coryphasia albibarbis Simon, 1902",10
1836,2172142,"Gypogyna forceps Simon, 1900",20
1837,2173584,"Encolpius guaraniticus Galiano, 1968",20
1838,2173588,"Asaphobelis physonychus Simon, 1902",20
1839,2174676,"Phiale crocea C.L.Koch, 1846",20
1840,2174681,"Phiale longibarba (Mello-Leitão, 1943)",16
1841,2174693,"Phiale gratiosa C.L.Koch, 1846",20
1842,2174705,"Phiale tristis Mello-Leitão, 1945",13
1843,2174754,"Frigga quintensis (Tullgren, 1905)",20
1844,2175090,"Atelurius segmentatus Simon, 1901",20
1845,2175654,"Mopiopia comatula Simon, 1902",5
1846,2175757,"Eustiromastix major Simon, 1902",20
1847,2175968,"Semiopyla cataphracta Simon, 1901",20
1848,2175979,"Maeota dichrura Simon, 1901",20
1849,2175984,"Metaphidippus perfectus (G.W.Peckham & E.G.Peckham, 1901)",20
1850,2176014,"Tacuna delecta G.W.Peckham & E.G.Peckham, 1901",20
1851,2176043,"Nosferattus palmatus Ruiz & Brescovit, 2005",13
1852,2176590,"Hypaeus taczanowskii (Mello-Leitão, 1948)",20
1853,2177150,"Sassacus aurantiacus Simon, 1901",19
1854,2177203,"Synemosyna aurantiaca (Mello-Leitão, 1917)",20
1855,2177667,"Ilargus coccineus Simon, 1901",20
1856,2177741,"Hasarius adansoni (Audouin, 1826)",20
1857,2177874,"Sumampattus quinqueradiatus (Taczanowski, 1878)",20
1858,2178525,"Tapinillus longipes (Taczanowski, 1872)",20
1859,2178568,"Peucetia flava Keyserling, 1877",20
1860,2178571,"Peucetia rubrolineata Keyserling, 1877",20
1861,2179498,"Dossenus marginatus Simon, 1898",20
1862,2179543,"Paradossenus longipes (Taczanowski, 1874)",20
1863,2179557,"Neoctenus comosus Simon, 1897",20
1864,2179832,"Neodiplothele fluminensis Mello-Leitão, 1924",13
1865,2181344,"Heterophrynus batesii (Butler, 1873)",20
1866,2203611,"Armadillidium vulgare (Latreille, 1804)",20
1867,2211559,"Balloniscus sellowii (Brandt, 1833)",9
1868,2212773,"Dubioniscus marmoratus Lemos de Castro, 1970",9
1869,2212925,"Excirolana armata (Dana, 1853)",20
1870,2221529,"Ocypode quadrata (Fabricius, 1787)",20
1871,2221550,"Uca maracoani (Latreille, 1803)",20
1872,2221639,"Panulirus laevicauda (Latreille, 1817)",20
1873,2221803,"Persephona punctata (Linnaeus, 1758)",20
1874,2221809,"Persephona mediterranea (Herbst, 1794)",20
1875,2224450,"Clibanarius antillensis Stimpson, 1859",20
1876,2224492,"Petrochirus diogenes (Linnaeus, 1758)",20
1877,2224580,"Macrobrachium carcinus (Linnaeus, 1758)",20
1878,2224710,"Macrobrachium amazonicum (Heller, 1862)",20
1879,2224756,"Macrobrachium potiuna (Müller, 1880)",20
1880,2224804,"Macrobrachium iheringi (Ortmann, 1897)",20
1881,2224826,"Macrobrachium olfersii (Wiegmann, 1836)",20
1882,2225554,"Arenaeus cribrarius (Lamarck, 1818)",20
1883,2225632,"Charybdis hellerii (A.Milne-Edwards, 1867)",20
1884,2225646,"Callinectes sapidus Rathbun, 1896",20
1885,2225648,"Callinectes bocourti A.Milne-Edwards, 1879",20
1886,2225650,"Callinectes danae Smith, 1869",20
1887,2225767,"Cyclograpsus integer H.Milne Edwards, 1837",20
1888,2225788,"Plagusia depressa (Fabricius, 1775)",20
1889,2225810,"Pachygrapsus gracilis (de Saussure, 1857)",20
1890,2225816,"Pachygrapsus transversus (Gibbes, 1850)",20
1891,2225819,"Grapsus grapsus (Linnaeus, 1758)",20
1892,2226175,"Alpheus bouvieri A.Milne-Edwards, 1878",16
1893,2226397,"Lysmata moorei (M.J.Rathbun, 1901)",17
1894,2226795,BOLD:ADM9032,18
1895,2226860,"Dissodactylus crinitichelis Moreira, 1901",19
1896,2227747,"Platypodiella spectabilis (Herbst, 1794)",20
1897,2232111,"Rhysida longipes Newport, 1845",20
1898,2232177,"Rhysida brasiliensis Kraepelin, 1903",20
1899,2232191,"Scolopendropsis bahiensis Brandt, 1841",20
1900,2239310,"Aplysina fulva (Pallas, 1766)",20
1901,2243424,"Tedania ignis (Duchassaing & Michelotti, 1864)",20
1902,2245351,"Amphimedon viridis Duchassaing & Michelotti, 1864",20
1903,2248879,"Cinachyrella alloclada (Uliczka, 1929)",20
1904,2248884,"Cinachyrella apion (Uliczka, 1929)",20
1905,2256554,"Actinia bermudensis (McMurrich, 1889)",20
1906,2256642,"Anemonia sargassensis Hargitt, 1908",20
1907,2257002,"Homostichanthus duerdeni Carlgren, 1900",20
1908,2257862,"Bellactis ilkalyseae Dube, 1983",20
1909,2257973,"Zoanthus sociatus (Ellis, 1768)",20
1910,2258898,"Siderastrea radians (Pallas, 1766)",20
1911,2259549,"Tubastraea coccinea Lesson, 1830",20
1912,2264675,"Chiropsalmus quadrumanus (F.Muller, 1859)",20
1913,2270672,"Luidia senegalensis (Lamarck, 1816)",20
1914,2272969,"Oreaster reticulatus (Linnaeus, 1758)",20
1915,2273832,"Coscinasterias tenuispina (Lamarck, 1816)",20
1916,2274679,"Tropiometra carinata (Lamarck, 1816)",20
1917,2276030,"Ophiothela mirabilis (Verrill, 1867)",20
1918,2276151,"Ophiactis savignyi (Müller & Troschel, 1842)",20
1919,2278314,"Ophionereis reticulata (Say, 1825)",20
1920,2278772,"Arbacia lixula (Linnaeus, 1758)",20
1921,2279048,"Mellita quinquiesperforata (Leske, 1778)",20
1922,2279052,"Encope emarginata (Leske, 1778)",20
1923,2279173,"Holothuria grisea Selenka, 1867",20
1924,2279178,"Holothuria princeps Selenka, 1867",20
1925,2279466,"Chiridota rotifera (Pourtalès, 1851)",20
1926,2285737,"Brachidontes exustus (Linnaeus, 1758)",20
1927,2285813,"Nodipecten nodosus (Linnaeus, 1758)",20
1928,2285959,"Euvola ziczac (Linnaeus, 1758)",20
1929,2286102,"Plicatula gibbosa Lamarck, 1801",20
1930,2286199,"Cucullaearca candida (Helbling, 1779)",20
1931,2286227,"Lunarca ovalis (Bruguière, 1789)",20
1932,2286438,"Mactrellona alata (Spengler, 1802)",20
1933,2286966,"Strigilla carnaria (Linnaeus, 1758)",20
1934,2287055,"Tagelus plebeius (Lightfoot) , 1786",20
1935,2287387,"Divalinga quadrisulcata (d'Orbigny, 1846)",20
1936,2287786,"Tivela mactroides (Born, 1778)",20
1937,2288749,"Cyrtopleura costata (Linnaeus, 1758)",20
1938,2290426,"Sepioteuthis sepioidea (Blainville, 1823)",20
1939,2291021,"Biomphalaria glabrata (Say, 1818)",20
1940,2292413,"Cadlina rumia Er.Marcus, 1955",20
1941,2292582,"Pomacea canaliculata (Lamarck, 1822)",20
1942,2293272,"Eulithidium affine (C.B.Adams, 1850)",20
1943,2295425,"Zonitoides arboreus (Say, 1817)",20
1944,2295438,"Limax maximus Linnaeus, 1758",20
1945,2297108,"Milax gagates (Draparnaud, 1801)",20
1946,2297154,"Bradybaena similaris (A.Férussac, 1822)",20
1947,2298885,"Oxynoe antillarum Mörch, 1863",20
1948,2299074,"Cerithium atratum (Born, 1778)",20
1949,2299115,"Bittiolum varium (L.Pfeiffer, 1840)",20
1950,2299285,"Janthina exigua Lamarck, 1816",20
1951,2299286,"Janthina janthina (Linnaeus, 1758)",20
1952,2299623,"Cypraecassis testiculus (Linnaeus, 1758)",20
1953,2300393,"Polinices hepaticus (Röding, 1798)",20
1954,2300446,"Tonna galea (Linnaeus, 1758)",20
1955,2301268,"Macrocypraea zebra (Linnaeus, 1758)",20
1956,2303067,"Terebra taurina (Lightfoot) , 1786",20
1957,2303995,"Leucozonia ocellata (Gmelin, 1791)",20
1958,2304950,"Pisania pusio (Linnaeus, 1758)",20
1959,2305782,"Costoanachis sparsa (Reeve, 1859)",20
1960,2306564,"Ischnochiton striolatus (Gray, 1828)",20
1961,2317572,"Eurythoe complanata (Pallas, 1766)",20
1962,2330172,"Clavelina oblonga Herdman, 1880",20
1963,2330276,"Cystodytes dellechiajei (Della Valle, 1877)",20
1964,2332243,"Symplegma brakenhielmi (Michaelsen, 1904)",20
1965,2332248,"Symplegma rubra Monniot C., 1972",20
1966,2334560,"Scorpaena plumieri Bloch, 1789",20
1967,2338660,"Pseudoplatystoma corruscans (Spix & Agassiz, 1829)",20
1968,2338667,"Pseudoplatystoma tigrinum (Valenciennes, 1840)",20
1969,2338711,"Calophysus macropterus (Lichtenstein, 1819)",20
1970,2338793,"Phractocephalus hemioliopterus (Bloch & Schneider, 1801)",20
1971,2338869,"Sorubimichthys planiceps (Spix & Agassiz, 1829)",15
1972,2338915,"Pimelodus ornatus Kner, 1858",20
1973,2342499,"Hoplosternum littorale (Hancock, 1828)",20
1974,2342524,"Megalechis thoracata (Valenciennes, 1840)",18
1975,2343049,"Trichomycterus goeldii Boulenger, 1896",10
1976,2343451,"Pimelodella lateristriga (Lichtenstein, 1823)",17
1977,2343628,"Acentronichthys leptos Eigenmann & Eigenmann, 1889",10
1978,2343735,"Rhamdia quelen (Quoy & Gaimard, 1824)",20
1979,2343905,"Oxydoras niger (Valenciennes, 1821)",20
1980,2345063,"Genidens barbus (Lacepède, 1803)",20
1981,2350050,"Poecilia reticulata Peters, 1859",20
1982,2350109,"Phalloceros harpagos Lucinda, 2008",17
1983,2350164,"Xiphophorus maculatus (Günther, 1866)",20
1984,2350911,"Opsanus beta (Goode & Bean, 1880)",20
1985,2351979,"Synbranchus marmoratus Bloch, 1795",20
1986,2352126,"Semaprochilodus insignis (Jardine, 1841)",20
1987,2352216,"Hoplerythrinus unitaeniatus (Spix & Agassiz, 1829)",20
1988,2352479,"Pygocentrus nattereri Kner, 1858",20
1989,2352553,"Moenkhausia bonita Benine, Castro & Sabino, 2004",13
1990,2352710,"Mylossoma duriventre (Cuvier, 1818)",20
1991,2353219,"Piaractus mesopotamicus (Holmberg, 1887)",20
1992,2353244,"Triportheus angulatus (Spix & Agassiz, 1829)",20
1993,2353263,"Triportheus nematurus (Kner, 1858)",20
1994,2353395,"Hollandichthys multifasciatus (Eigenmann & Norris, 1900)",20
1995,2353493,"Brycon amazonicus (Spix & Agassiz, 1829)",20
1996,2353523,"Brycon reinhardtii Lütken, 1875",8
1997,2354030,"Bario Myers, 1940",20
1998,2354117,"Serrasalmus maculatus Kner, 1858",20
1999,2354146,"Serrasalmus humeralis Valenciennes, 1850",18
2000,2354274,"Bryconops melanurus (Bloch, 1794)",20
2001,2354661,"Hyphessobrycon bifasciatus Ellis, 1911",14
2002,2354769,"Salminus brasiliensis (Cuvier, 1816)",20
2003,2354805,"Parodon nasus Kner, 1859",14
2004,2355517,"Leporellus vittatus (Valenciennes, 1850)",20
2005,2355576,"Acestrorhynchus pantaneiro Menezes, 1992",20
2006,2355955,"Boulengerella maculata (Valenciennes, 1850)",20
2007,2369330,"Diapterus auratus Ranzani, 1842",20
2008,2369921,"Mesonauta festivus (Heckel, 1840)",20
2009,2370243,"Astronotus ocellatus (Agassiz, 1831)",20
2010,2371331,BOLD:AAE3520,7
2011,2371333,"Retroculus lapidifer (Castelnau, 1855)",20
2012,2371393,"Acarichthys heckelii (Müller & Troschel, 1849)",20
2013,2371462,"Uaru amphiacanthoides Heckel, 1840",20
2014,2371881,"Cichlasoma orientale Kullander, 1983",20
2015,2372367,"Oreochromis aureus (Steindachner, 1864)",20
2016,2375036,"Priacanthus arenatus Cuvier, 1829",20
2017,2375376,"Ctenogobius boleosoma (Jordan & Gilbert, 1882)",20
2018,2377096,"Bathygobius soporator (Valenciennes, 1837)",20
2019,2382527,"Brachygenys chrysargyreus (Günther, 1859)",20
2020,2382528,"Haemulon aurolineatum Cuvier, 1830",20
2021,2382596,"Anisotremus virginicus (Linnaeus, 1758)",20
2022,2382784,"Conodon nobilis (Linnaeus, 1758)",20
2023,2384111,"Halichoeres radiatus (Linnaeus, 1758)",20
2024,2384837,"Lutjanus synagris (Linnaeus, 1758)",20
2025,2385448,"Chaetodon ocellatus Bloch, 1787",20
2026,2386401,"Dormitator maculatus (Bloch, 1792)",20
2027,2386951,"Pseudopercis numida Miranda Ribeiro, 1903",8
2028,2387710,"Rypticus saponaceus (Bloch & Schneider, 1801)",20
2029,2388456,"Epinephelus itajara (Lichtenstein, 1822)",20
2030,2388507,"Epinephelus marginatus (Lowe, 1834)",20
2031,2388519,"Epinephelus adscensionis (Osbeck, 1765)",20
2032,2389013,"Mycteroperca bonaci (Poey, 1860)",20
2033,2389407,"Trichiurus lepturus Linnaeus, 1758",20
2034,2389661,"Labrisomus nuchipinnis (Quoy & Gaimard, 1824)",20
2035,2389831,"Lopholatilus villarii Miranda Ribeiro, 1915",6
2036,2390537,"Alectis ciliaris (Bloch, 1787)",20
2037,2390733,"Selene setapinnis (Mitchill, 1815)",20
2038,2390778,"Caranx hippos (Linnaeus, 1766)",20
2039,2390847,"Caranx latus Agassiz, 1831",20
2040,2391079,"Chloroscombrus chrysurus (Linnaeus, 1766)",20
2041,2393679,"Scarus trispinosus Valenciennes, 1840",16
2042,2393899,"Sparisoma frondosum (Agassiz, 1831)",20
2043,2393922,"Sparisoma axillare (Steindachner, 1878)",20
2044,2395157,"Scartella cristata (Linnaeus, 1758)",20
2045,2395285,"Ophioblennius trinitatis Miranda Ribeiro, 1919",20
2046,2395658,"Entomacrodus vomerinus (Valenciennes, 1836)",20
2047,2395741,"Parablennius marmoreus (Poey, 1876)",20
2048,2396447,"Pomacanthus paru (Bloch, 1787)",20
2049,2396813,"Pseudupeneus maculatus (Bloch, 1793)",20
2050,2398623,"Abudefduf saxatilis (Linnaeus, 1758)",20
2051,2398808,"Stegastes rocasensis (Emery, 1972)",20
2052,2398866,"Stegastes fuscus (Cuvier, 1830)",20
2053,2399667,"Umbrina coroides Cuvier, 1830",20
2054,2399692,"Umbrina canosai Berg, 1895",12
2055,2399855,"Micropogonias furnieri (Desmarest, 1823)",20
2056,2400654,"Mugil liza Valenciennes, 1836",20
2057,2403930,"Gymnothorax vicinus (Castelnau, 1855)",20
2058,2403964,"Gymnothorax funebris Ranzani, 1839",20
2059,2404065,"Gymnothorax moringa (Cuvier, 1829)",20
2060,2404911,"Bascanichthys paulensis Storey, 1939",8
2061,2406485,"Chilomycterus reticulatus (Linnaeus, 1758)",20
2062,2406708,"Aluterus monoceros (Linnaeus, 1758)",20
2063,2406957,"Cantherhines macrocerus (Hollard, 1853)",20
2064,2407732,"Canthigaster figueiredoi Moura & Castro, 2002",8
2065,2407750,"Lagocephalus laevigatus (Linnaeus, 1766)",20
2066,2407828,"Sphoeroides testudineus (Linnaeus, 1758)",40
2067,2407839,"Sphoeroides greeleyi Gilbert, 1900",20
2068,2407878,"Sphoeroides testudineus (Linnaeus, 1758)",20
2069,2408186,"Acanthostracion polygonius Poey, 1876",20
2070,2412202,"Atherinella brasiliensis (Quoy & Gaimard, 1825)",20
2071,2413573,"Pellona harroweri (Fowler, 1917)",20
2072,2414053,"Cetengraulis edentulus (Cuvier, 1829)",20
2073,2417495,"Ginglymostoma cirratum (Bonnaterre, 1788)",20
2074,2417854,"Rhizoprionodon lalandii (Müller & Henle, 1839)",20
2075,2418789,"Sphyrna lewini (Griffith & Smith, 1834)",20
2076,2419210,"Mobula hypostoma (Bancroft, 1831)",20
2077,2419426,"Pteroplatytrygon violacea (Bonaparte, 1832)",20
2078,2419892,"Atlantoraja castelnaui (Miranda Ribeiro, 1907)",20
2079,2419972,"Sympterygia acuta Garman, 1877",20
2080,2420091,"Rioraja agassizii (Müller & Henle, 1841)",20
2081,2421588,"Dermatonotus muelleri (Boettger, 1885)",20
2082,2421918,"Chiasmocleis leucosticta (Boulenger, 1888)",19
2083,2421919,"Chiasmocleis ventrimaculata (Andersson, 1945)",13
2084,2421923,"Chiasmocleis hudsoni Parker, 1940",19
2085,2421924,"Chiasmocleis mehelyi Caramaschi & Cruz, 1997",8
2086,2421949,"Elachistocleis bicolor (Guérin-Méneville, 1838)",20
2087,2421976,"Ctenophryne geayi Mocquard, 1904",20
2088,2422073,"Hamptophryne boliviana (Parker, 1927)",20
2089,2422147,"Melanophryniscus devincenzii Klappenbach, 1968",20
2090,2422149,"Melanophryniscus tumifrons (Boulenger, 1905)",17
2091,2422162,"Melanophryniscus admirabilis Di-Bernardo, Maneyro & Grillo, 2006",20
2092,2422260,"Dendrophryniscus leucomystax Izecksohn, 1968",13
2093,2423489,"Engystomops petersi Jiménez de la Espada, 1872",20
2094,2423520,"Pseudopaludicola canga Giaretta & Kokubum, 2003",18
2095,2423528,"Physalaemus nattereri (Steindachner, 1863)",20
2096,2423542,"Physalaemus olfersii (Lichtenstein & Martens, 1856)",20
2097,2423543,"Physalaemus biligonigerus (Cope, 1861)",20
2098,2423555,"Physalaemus lisei Braun & Braun, 1977",20
2099,2423557,"Physalaemus albonotatus (Steindachner, 1864)",17
2100,2423965,"Pipa carvalhoi (Miranda-Ribeiro, 1937)",20
2101,2423969,"Pipa arrabali Izecksohn, 1976",6
2102,2424002,"Adelophryne baturitensis Hoogmoed, Borges & Cascon, 1994",5
2103,2424296,"Limnomedusa macroglossa (Duméril & Bibron, 1841)",20
2104,2424304,"Proceratophrys concavitympanum Giaretta, Bernarde & Kokubum, 2000",9
2105,2424305,"Proceratophrys melanopogon (Miranda-Ribeiro, 1926)",16
2106,2424313,"Proceratophrys renalis (Miranda-Ribeiro, 1920)",20
2107,2424328,"Proceratophrys appendiculata (Günther, 1873)",20
2108,2424332,"Proceratophrys schirchi (Miranda-Ribeiro, 1937)",20
2109,2424347,"Cycloramphus brasiliensis (Steindachner, 1864)",20
2110,2424393,"Odontophrynus maisuma Rosset, 2008",20
2111,2424402,"Thoropa miliaris (Spix, 1824)",20
2112,2424407,"Thoropa megatympanum Caramaschi & Sazima, 1984",20
2113,2424829,"Ischnocnema izecksohni (Caramaschi & Kisteumacher, 1989)",10
2114,2424831,"Ischnocnema manezinho (Garcia, 1996)",20
2115,2424848,"Ischnocnema holti (Cochran, 1948)",6
2116,2424873,"Ischnocnema juipoca (Sazima & Cardoso, 1978)",18
2117,2424875,"Ischnocnema nasuta (Lutz, 1925)",20
2118,2425838,"Pristimantis fenestratus (Steindachner, 1864)",20
2119,2425908,"Barycholos ternetzi (Miranda-Ribeiro, 1937)",20
2120,2426052,"Adenomera bokermanni (Heyer, 1973)",10
2121,2426101,"Adenomera andreae (Müller, 1923)",18
2122,2426122,"Adenomera marmorata Steindachner, 1867",20
2123,2426128,"Adenomera hylaedactyla (Cope, 1868)",18
2124,2426171,"Lithodytes lineatus (Schneider, 1799)",20
2125,2426183,"Paratelmatobius cardosoi Pombal & Haddad, 1999",20
2126,2426226,"Anomaloglossus stepheni (Martins, 1989)",20
2127,2427091,"Lithobates catesbeianus (Shaw, 1802)",20
2128,2427337,"Xenohyla truncata (Izecksohn, 1959)",20
2129,2427342,"Aplastodiscus cochranae (Mertens, 1952)",8
2130,2427345,"Aplastodiscus ehrhardti (Müller, 1924)",19
2131,2427349,"Aplastodiscus leucopygius (Cruz & Peixoto, 1985)",20
2132,2427353,"Aplastodiscus perviridis Lutz, 1950",20
2133,2427363,"Aplastodiscus cavicola (Cruz & Peixoto, 1985)",13
2134,2427632,"Osteocephalus oophagus Jungfer & Schiesari, 1995",20
2135,2427968,"Phyllomedusa vaillantii Boulenger, 1882",20
2136,2427974,"Phyllomedusa tetraploidea Pombal & Haddad, 1992",20
2137,2427977,"Phyllomedusa bicolor (Boddaert, 1772)",20
2138,2427994,"Phyllomedusa distincta Lutz, 1950",20
2139,2428010,"Sphaenorhynchus planicola (Lutz & Lutz, 1938)",20
2140,2428011,"Sphaenorhynchus surdus (Cochran, 1953)",17
2141,2428016,"Sphaenorhynchus caramaschii Toledo, Garcia, Lingnau & Haddad, 2007",20
2142,2428021,"Sphaenorhynchus palustris Bokermann, 1966",20
2143,2428022,"Sphaenorhynchus lacteus (Daudin, 1800)",20
2144,2428039,"Bokermannohyla pseudopseudis (Miranda-Ribeiro, 1937)",20
2145,2428042,"Bokermannohyla saxicola (Bokermann, 1964)",19
2146,2428044,"Bokermannohyla circumdata (Cope, 1871)",20
2147,2428057,"Bokermannohyla oxente Lugli & Haddad, 2006",7
2148,2428058,"Bokermannohyla astartea (Bokermann, 1967)",9
2149,2428068,"Bokermannohyla nanuzae (Bokermann & Sazima, 1973)",10
2150,2428070,"Bokermannohyla alvarengai (Bokermann, 1956)",20
2151,2428350,"Itapotihyla langsdorffii (Duméril & Bibron, 1841)",20
2152,2428373,"Pseudis limellum (Cope, 1862)",19
2153,2428381,"Pseudis cardosoi Kwet, 2000",16
2154,2428392,"Dendropsophus elegans (Wied-Neuwied, 1824)",20
2155,2428401,"Dendropsophus branneri (Cochran, 1948)",20
2156,2428412,"Dendropsophus minusculus (Rivero, 1971)",20
2157,2428456,"Dendropsophus rubicundulus (Reinhardt & Lütken, 1862)",20
2158,2428475,"Dendropsophus microps (Peters, 1872)",19
2159,2428512,"Dendropsophus decipiens (Lutz, 1925)",20
2160,2428520,"Dendropsophus triangulum (Günther, 1869)",20
2161,2428535,"Dendropsophus haddadi (Bastos & Pombal, 1996)",20
2162,2428545,"Dendropsophus anceps (Lutz, 1929)",20
2163,2428549,"Dendropsophus minutus (Peters, 1872)",20
2164,2428561,"Dendropsophus oliveirai (Bokermann, 1963)",19
2165,2428573,"Dendropsophus soaresi (Caramaschi & Jim, 1983)",20
2166,2429036,"Ameerega braccata (Steindachner, 1864)",17
2167,2429038,"Ameerega trivittata (Spix, 1824)",20
2168,2429046,"Ameerega picta (Tschudi, 1838)",20
2169,2429086,"Ranitomeya sirensis (Aichinger, 1991)",20
2170,2429156,"Adelphobates quinquevittatus (Steindachner, 1864)",20
2171,2429314,"Hyalinobatrachium iaspidiense (Ayarzagüena, 1992)",20
2172,2429868,"Crossodactylus gaudichaudii Duméril & Bibron, 1841",20
2173,2430983,"Luetkenotyphlus brasiliensis (Lütken, 1851)",5
2174,2432445,"Myotis ruber (E.Geoffroy, 1806)",20
2175,2433095,"Rhynchonycteris naso (Wied-Neuwied, 1820)",20
2176,2433176,"Carollia perspicillata (Linnaeus, 1758)",20
2177,2433203,"Tonatia bidens (Spix, 1823)",12
2178,2433255,"Pygoderma bilabiatum (Wagner, 1843)",20
2179,2433268,"Artibeus fimbriatus Gray, 1838",20
2180,2433270,"Artibeus lituratus (Olfers, 1818)",20
2181,2433271,"Artibeus planirostris (Spix, 1823)",20
2182,2433279,"Phyllostomus hastatus (Pallas, 1767)",20
2183,2433281,"Phyllostomus elongatus (E.Geoffroy, 1810)",20
2184,2433300,"Trachops cirrhosus (Spix, 1823)",20
2185,2433341,"Vampyrum spectrum (Linnaeus, 1758)",20
2186,2433343,"Noctilio leporinus (Linnaeus, 1758)",20
2187,2433344,"Noctilio albiventris Desmarest, 1818",20
2188,2433471,"Arctocephalus tropicalis (J.E.Gray, 1872)",20
2189,2433480,"Arctocephalus australis (Zimmermann, 1783)",20
2190,2433536,"Nasua nasua (Linnaeus, 1766)",20
2191,2433573,"Potos flavus (Schreber, 1774)",20
2192,2434331,"Lycalopex vetulus (Lund, 1842)",20
2193,2434333,"Lycalopex griseus (Gray, 1837)",20
2194,2434444,"Speothos venaticus (Lund, 1842)",20
2195,2434814,"Mirounga leonina (Linnaeus, 1758)",20
2196,2434982,"Leopardus pardalis (Linnaeus, 1758)",20
2197,2435035,"Felis catus Linnaeus, 1758",20
2198,2435099,"Puma concolor (Linnaeus, 1771)",20
2199,2435296,"Trichechus manatus Linnaeus, 1758",20
2200,2436326,"Cyclopes didactylus (Linnaeus, 1758)",20
2201,2436340,"Tamandua tetradactyla (Linnaeus, 1758)",20
2202,2436393,"Callicebus melanochir (Wied-Neuwied, 1820)",19
2203,2436404,"Callicebus nigrifrons (Spix, 1823)",20
2204,2436410,"Cacajao calvus (I.Geoffroy Saint-Hilaire, 1847)",20
2205,2436470,"Saguinus bicolor (Spix, 1823)",20
2206,2436480,"Leontopithecus chrysopygus (Mikan, 1823)",19
2207,2436482,"Leontopithecus rosalia (Linnaeus, 1766)",20
2208,2436644,"Ateles marginatus É.Geoffroy Saint-Hilaire, 1809",20
2209,2436645,"Ateles paniscus (Linnaeus, 1758)",20
2210,2436655,"Alouatta belzebul (Linnaeus, 1766)",20
2211,2436663,"Saimiri boliviensis (I.Geoffroy Saint-Hilaire & de Blainville, 1834)",20
2212,2436666,"Brachyteles arachnoides (É.Geoffroy Saint-Hilaire, 1806)",20
2213,2436940,"Oryctolagus cuniculus (Linnaeus, 1758)",20
2214,2437580,"Dasyprocta prymnolopha Wagler, 1831",20
2215,2437582,"Dasyprocta azarae Lichtenstein, 1823",20
2216,2438198,"Wiedomys pyrrhorhinos (Wied-Neuwied, 1821)",19
2217,2439261,"Rattus norvegicus (Berkenhout, 1769)",20
2218,2439270,"Rattus rattus (Linnaeus, 1758)",20
2219,2439718,"Kannabateomys amblyonyx (Wagner, 1845)",20
2220,2439856,"Gracilinanus microtarsus (Wagner, 1842)",20
2221,2439873,"Marmosa murina (Linnaeus, 1758)",20
2222,2439920,"Didelphis marsupialis Linnaeus, 1758",20
2223,2439930,"Didelphis albiventris Lund, 1840",20
2224,2439953,"Marmosops incanus (Lund, 1840)",20
2225,2439960,"Monodelphis iheringi (Thomas, 1888)",20
2226,2439970,"Monodelphis americana (Müller, 1776)",20
2227,2439986,"Glironia venusta Thomas, 1912",13
2228,2440447,"Tursiops truncatus (Montagu, 1821)",20
2229,2440776,"Dasypus septemcinctus Linnaeus, 1758",20
2230,2440793,"Tolypeutes tricinctus (Linnaeus, 1758)",20
2231,2440799,"Euphractus sexcinctus (Linnaeus, 1758)",20
2232,2440811,"Cabassous tatouay (Desmarest, 1804)",20
2233,2440963,"Blastocerus dichotomus (Illiger, 1815)",20
2234,2440978,"Ozotoceros bezoarticus (Linnaeus, 1758)",20
2235,2440993,"Tayassu pecari (Link, 1795)",20
2236,2441022,"Bos taurus Linnaeus, 1758",20
2237,2441056,"Capra hircus Linnaeus, 1758",20
2238,2441394,"Paleosuchus trigonatus (Schneider, 1801)",20
2239,2441396,"Paleosuchus palpebrosus (Cuvier, 1807)",20
2240,2441927,"Chelus fimbriata (Schneider, 1783)",20
2241,2441991,"Acanthochelys macrocephala (Rhodin, Mittermeier & Mcmorris, 1984)",20
2242,2442043,"Mesoclemmys gibba (Schweigger, 1812)",20
2243,2442077,"Mesoclemmys wermuthi (Mertens, 1969)",20
2244,2442081,"Ranacephala hogei (Mertens, 1967)",7
2245,2442089,"Phrynops hilarii (Duméril & Bibron, 1835)",20
2246,2442094,"Phrynops geoffroanus (Schweigger, 1812)",20
2247,2442361,"Kinosternon cruentatum (Duméril, Bibron & Duméril, 1851)",20
2248,2442782,"Podocnemis unifilis Troschel, 1848",20
2249,2442785,"Podocnemis erythrocephala Spix, 1824",20
2250,2442795,"Podocnemis expansa (Schweigger, 1812)",20
2251,2442977,"Trachemys dorbigni (Duméril & Bibron, 1835)",20
2252,2443002,"Trachemys scripta (Thunberg In Schoepff, 1792)",20
2253,2443655,"Rhinoclemmys punctularia (Daudin, 1801)",20
2254,2444433,"Crotalus durissus Linnaeus, 1758",20
2255,2445828,"Thecadactylus solimoensis Bergmann & Russell, 2007",20
2256,2446452,"Lepidoblepharis heyerorum Vanzolini, 1978",20
2257,2447631,"Gonatodes humeralis (Guichenot, 1855)",20
2258,2450473,"Rhachisaurus brachylepis (Dixon, 1974)",6
2259,2450501,"Iphisa elegans Gray, 1851",20
2260,2450607,"Colobosauroides cearensis Cunha, Lima-Verde & Lima, 1991",20
2261,2450718,"Tretioscincus agilis (Ruthven, 1916)",20
2262,2450794,"Colobosaura modesta (Reinhardt & Lütken, 1862)",20
2263,2450798,"Acratosaura mentalis (Amaral, 1933)",20
2264,2450826,"Alopoglossus angulatus (Linnaeus, 1758)",20
2265,2450966,"Colobodactylus taunayi Amaral, 1933",20
2266,2451673,"Anilius scytale (Linnaeus, 1758)",20
2267,2452394,"Phalotris matogrossensis Lema, D'Agostini & Cappelari, 2005",20
2268,2453479,"Philodryas nattereri (Steindachner, 1870)",20
2269,2453506,"Philodryas patagoniensis (Girard, 1858)",20
2270,2453625,"Oxybelis fulgidus (Daudin, 1803)",20
2271,2453632,"Oxybelis aeneus (Wagler, 1824)",20
2272,2454428,"Hydrodynastes gigas (Duméril, Bibron & Duméril, 1854)",20
2273,2454778,"Thamnodynastes pallidus (Linnaeus, 1758)",20
2274,2454986,"Oxyrhopus guibei Hoge & Romano, 1977",20
2275,2455028,"Oxyrhopus clathratus Duméril, Bibron & Duméril, 1854",20
2276,2455042,"Oxyrhopus occipitalis (Wied-Neuwied, 1824)",20
2277,2455043,"Oxyrhopus trigeminus Duméril, Bibron & Duméril, 1854",20
2278,2456203,"Mastigodryas boddaerti (Sentzen, 1796)",20
2279,2457302,"Chironius exoletus (Linnaeus, 1758)",20
2280,2457673,"Helicops carinicaudus (Wied-Neuwied, 1824)",20
2281,2457677,"Helicops hagmanni Roux, 1910",15
2282,2457678,"Helicops infrataeniatus Jan, 1865",20
2283,2457699,"Helicops angulatus (Linnaeus, 1758)",20
2284,2457705,"Helicops modestus Günther, 1861",20
2285,2458314,"Apostolepis cearensis Gomes, 1915",20
2286,2458324,"Apostolepis dimidiata (Jan, 1862)",20
2287,2458656,"Imantodes lentiferus (Cope, 1894)",20
2288,2458769,"Echinanthera melanostigma (Wagler, 1824)",20
2289,2458775,"Echinanthera cephalomaculata Di Bernardo, 1994",20
2290,2459758,"Stenocercus caducus (Cope, 1862)",20
2291,2460090,"Eurolophosaurus nanuzae (Rodrigues, 1981)",20
2292,2460155,"Eurolophosaurus divaricatus (Rodrigues, 1986)",6
2293,2460423,"Liolaemus lutzae Mertens, 1938",20
2294,2460773,"Typhlophis squamosus (Schlegel, 1839)",20
2295,2460796,"Liotyphlops schubarti Vanzolini, 1948",5
2296,2464899,"Boa constrictor Linnaeus, 1758",20
2297,2464991,"Corallus caninus (Linnaeus, 1758)",20
2298,2467252,"Anolis porcatus Gray, 1840",20
2299,2468213,"Diploglossus fasciatus (Gray, 1831)",20
2300,2468217,"Diploglossus lessonae Peracca, 1890",20
2301,2471945,"Tupinambis quadrilineatus Manzani & Abe, 1997",20
2302,2471983,"Kentropyx calcarata Spix, 1825",20
2303,2471992,"Kentropyx striata (Daudin, 1802)",20
2304,2472932,"Amphisbaena vermicularis Wagler, 1824",20
2305,2472952,"Amphisbaena darwinii Duméril & Bibron, 1839",20
2306,2472962,"Amphisbaena mertensii Strauch, 1881",20
2307,2472999,"Amphisbaena alba Linnaeus, 1758",20
2308,2473055,"Leposternon wuchereri (Peters, 1879)",7
2309,2474332,"Eurypyga helias (Pallas, 1781)",20
2310,2474343,"Heliornis fulica (Boddaert, 1783)",20
2311,2474356,"Psophia viridis Spix, 1825",18
2312,2474382,"Fulica armillata Vieillot, 1817",20
2313,2474388,"Fulica leucoptera Vieillot, 1817",20
2314,2474390,"Fulica rufifrons Philippi & Landbeck, 1861",20
2315,2474448,"Amaurolimnas concolor (Gosse, 1847)",20
2316,2474589,"Laterallus exilis (Temminck, 1831)",19
2317,2474590,"Laterallus jamaicensis (Gmelin, 1789)",12
2318,2474596,"Laterallus xenopterus Conover, 1934",10
2319,2474598,"Laterallus leucopyrrhus (Vieillot, 1819)",10
2320,2474658,"Aramides saracura (Spix, 1825)",20
2321,2474659,"Aramides cajanea (Statius Muller, 1776)",20
2322,2474707,"Pardirallus nigricans (Vieillot, 1819)",19
2323,2474715,"Pardirallus sanguinolentus (Swainson, 1838)",20
2324,2474784,"Porphyriops melanops (Vieillot, 1819)",20
2325,2475038,"Jacamaralcyon tridactyla (Vieillot, 1817)",20
2326,2475040,"Brachygalba lugubris (Swainson, 1838)",20
2327,2475086,"Galbalcyrhynchus purusianus Goeldi, 1904",20
2328,2475098,"Notharchus tectus (Boddaert, 1783)",19
2329,2475102,"Notharchus macrorhynchos (J.F.Gmelin, 1788)",20
2330,2475107,"Notharchus ordii (Cassin, 1851)",18
2331,2475122,"Nonnula rubecula (von Spix, 1824)",20
2332,2475157,"Malacoptila fusca (J.F.Gmelin, 1788)",19
2333,2475179,"Monasa morphoeus (Hahn & Küster, 1823)",20
2334,2475195,"Nystalus maculatus (J.F.Gmelin, 1788)",20
2335,2475321,"Electron platyrhynchum (Leadbeater, 1829)",20
2336,2475466,"Megaceryle torquata (Linnaeus, 1766)",20
2337,2475482,"Chloroceryle amazona (Latham, 1790)",20
2338,2475483,"Chloroceryle aenea (Pallas, 1764)",20
2339,2475486,"Chloroceryle americana (J.F.Gmelin, 1788)",20
2340,2476048,"Stephanoxis lalandi (Vieillot, 1818)",19
2341,2476116,"Campylopterus largipennis (Boddaert, 1783)",20
2342,2476149,"Anopetia gounellei (Boucard, 1891)",18
2343,2476217,"Ramphodon naevius (Dumont, 1818)",20
2344,2476272,"Augastes scutatus (Temminck, 1824)",20
2345,2476373,"Calliphlox amethystina (Boddaert, 1783)",20
2346,2476527,"Thalurania watertonii (Bourcier, 1847)",19
2347,2476533,"Thalurania furcata (J.F.Gmelin, 1788)",20
2348,2476548,"Thalurania glaucopis (J.F.Gmelin, 1788)",20
2349,2476580,"Phaethornis rupurumii Boucard, 1892",12
2350,2476592,"Phaethornis eurynome (R.Lesson, 1832)",20
2351,2476598,"Phaethornis philippii (Bourcier, 1847)",13
2352,2476599,"Phaethornis pretrei (R.Lesson & Delattre, 1839)",20
2353,2476612,"Phaethornis malaris (Nordmann, 1835)",20
2354,2476619,"Phaethornis hispidus (Gould, 1846)",19
2355,2476719,"Anthracothorax viridigula (Boddaert, 1783)",20
2356,2476721,"Avocettula recurvirostris (Swainson, 1822)",19
2357,2476794,"Heliactin bilophus (Temminck, 1820)",20
2358,2476890,"Glaucis dohrnii (Bourcier & Mulsant, 1852)",18
2359,2476907,"Discosura langsdorffi (Temminck, 1821)",20
2360,2476993,"Heliomaster squamosus (Temminck, 1823)",20
2361,2477001,"Lophornis chalybeus (Temminck, 1821)",20
2362,2477008,"Lophornis gouldii (R.Lesson, 1832)",19
2363,2477017,"Lophornis magnificus (Vieillot, 1817)",20
2364,2477079,"Streptoprocne biscutata (P.L.Sclater, 1866)",19
2365,2477082,"Streptoprocne zonaris (Shaw, 1796)",20
2366,2477137,"Panyptila cayennensis (J.F.Gmelin, 1789)",20
2367,2477288,"Cypseloides senex (Temminck, 1826)",20
2368,2477464,"Rhynchotus rufescens (Temminck, 1815)",20
2369,2477503,"Crypturellus noctivagus (zu Wied-Neuwied, 1820)",15
2370,2477527,"Crypturellus variegatus (J.F.Gmelin, 1789)",15
2371,2477535,"Crypturellus obsoletus (Temminck, 1815)",19
2372,2477558,"Crypturellus parvirostris (Wagler, 1827)",20
2373,2477599,"Nothura boraquira (von Spix, 1825)",20
2374,2477600,"Nothura maculosa (Temminck, 1815)",20
2375,2477627,"Tinamus solitarius (Vieillot, 1819)",20
2376,2477630,"Tinamus major (J.F.Gmelin, 1789)",20
2377,2478101,"Melanerpes cactorum (d'Orbigny, 1840)",20
2378,2478144,"Melanerpes candidus (Otto, 1796)",20
2379,2478272,"Colaptes melanochloros (J.F.Gmelin, 1788)",20
2380,2478568,"Campephilus robustus (M.H.K.Lichtenstein, 1818)",20
2381,2478572,"Campephilus leucopogon (Valenciennes, 1826)",20
2382,2478756,"Selenidera gouldii (Natterer, 1837)",19
2383,2478760,"Selenidera maculirostris (M.H.K.Lichtenstein, 1823)",20
2384,2478765,"Ramphastos toco P.L.S.Müller, 1776",20
2385,2478774,"Ramphastos tucanus Linnaeus, 1758",20
2386,2478814,"Pteroglossus inscriptus Swainson, 1822",20
2387,2478817,"Pteroglossus azara (Vieillot, 1819)",20
2388,2478822,"Pteroglossus castanotis Gould, 1834",20
2389,2478828,"Pteroglossus aracari (Linnaeus, 1758)",20
2390,2478834,"Pteroglossus bitorquatus Vigors, 1826",20
2391,2478973,"Eubucco richardsoni (G.R.Gray, 1846)",19
2392,2479045,"Capito dayi Cherrie, 1916",18
2393,2479051,"Capito niger (P.L.S.Müller, 1776)",20
2394,2479060,"Forpus modestus (Cabanis, 1848)",19
2395,2479075,"Forpus xanthopterygius (Spix, 1824)",20
2396,2479097,"Aratinga auricapillus (Kuhl, 1820)",20
2397,2479113,"Aratinga weddellii (Deville, 1851)",20
2398,2479185,"Cyanopsitta spixii (Wagler, 1832)",18
2399,2479268,"Primolius auricollis (Cassin, 1853)",20
2400,2479359,"Anodorhynchus hyacinthinus (Latham, 1790)",19
2401,2479437,"Pionites melanocephalus (Linnaeus, 1758)",20
2402,2479535,"Deroptyus accipitrinus (Linnaeus, 1758)",19
2403,2479562,"Brotogeris tirica (Gmelin, 1788)",20
2404,2479573,"Brotogeris sanctithomae (Statius Muller, 1776)",20
2405,2479576,"Brotogeris cyanoptera (Pelzeln, 1870)",20
2406,2479583,"Brotogeris chiriri (Vieillot, 1818)",20
2407,2479606,"Amazona farinosa (Boddaert, 1783)",20
2408,2479630,"Amazona brasiliensis (Linnaeus, 1758)",20
2409,2479639,"Amazona pretrei (Temminck, 1830)",20
2410,2479652,"Amazona festiva (Linnaeus, 1758)",20
2411,2479662,"Amazona aestiva (Linnaeus, 1758)",20
2412,2479666,"Amazona amazonica (Linnaeus, 1766)",20
2413,2479735,"Graydidascalus brachyurus (Kuhl, 1820)",20
2414,2479817,"Pyrrhura devillei (Massena & Souance, 1854)",20
2415,2479824,"Pyrrhura melanura (Spix, 1824)",20
2416,2479831,"Pyrrhura picta (Statius Muller, 1776)",20
2417,2479840,"Pyrrhura frontalis (Vieillot, 1818)",20
2418,2479844,"Pyrrhura leucotis (Kuhl, 1820)",20
2419,2479851,"Pyrrhura perlata (Spix, 1824)",20
2420,2479902,"Pionus menstruus (Linnaeus, 1766)",20
2421,2479907,"Pionus maximiliani (Kuhl, 1820)",20
2422,2479983,"Pionopsitta pileata (Scopoli, 1769)",20
2423,2480124,"Touit surdus (Kuhl, 1820)",20
2424,2480136,"Touit melanonotus (Wied-Neuwied, 1820)",19
2425,2480295,"Charadrius semipalmatus Bonaparte, 1825",20
2426,2480328,"Pluvialis dominica (P.L.S.Müller, 1776)",20
2427,2480367,"Elanus leucurus (Vieillot, 1818)",20
2428,2480400,"Leucopternis kuhli Bonaparte, 1850",20
2429,2480402,"Leucopternis melanops (Latham, 1790)",20
2430,2480410,"Parabuteo unicinctus (Temminck, 1824)",20
2431,2480415,"Rostrhamus sociabilis (Vieillot, 1817)",20
2432,2480435,"Geranospiza caerulescens (Vieillot, 1817)",20
2433,2480461,"Elanoides forficatus (Linnaeus, 1758)",20
2434,2480538,"Buteo platypterus (Vieillot, 1823)",20
2435,2480553,"Buteo brachyurus Vieillot, 1816",20
2436,2480556,"Buteo plagiatus (Schlegel, 1862)",20
2437,2480654,"Buteogallus aequinoctialis (Gmelin, 1788)",20
2438,2480692,"Busarellus nigricollis (Latham, 1790)",20
2439,2480720,"Ictinia plumbea (Gmelin, 1788)",20
2440,2480726,"Pandion haliaetus (Linnaeus, 1758)",20
2441,2480757,"Glareola pratincola (Linnaeus, 1766)",15
2442,2480787,"Theristicus caerulescens (Vieillot, 1817)",20
2443,2480795,"Cercibis oxycerca (Spix, 1825)",20
2444,2480803,"Platalea ajaja Linnaeus, 1758",20
2445,2480812,"Phimosus infuscatus (Lichtenstein, 1823)",20
2446,2480816,"Pilherodius pileatus (Boddaert, 1783)",20
2447,2480830,"Ardea ibis Linnaeus, 1758",20
2448,2480833,"Cochlearius cochlearius (Linnaeus, 1766)",20
2449,2480836,"Agamia agami (Gmelin, 1789)",20
2450,2480851,"Ixobrychus involucris (Vieillot, 1823)",10
2451,2480852,"Ixobrychus exilis (Gmelin, 1789)",10
2452,2480863,"Nycticorax nycticorax (Linnaeus, 1758)",20
2453,2480869,"Tigrisoma lineatum (Boddaert, 1783)",20
2454,2480894,"Egretta caerulea (Linnaeus, 1758)",20
2455,2480921,"Syrigma sibilatrix (Temminck, 1824)",20
2456,2480953,"Nyctanassa violacea (Linnaeus, 1758)",20
2457,2480967,"Sula dactylatra Lesson, 1831",20
2458,2481006,"Falco femoralis Temminck, 1822",20
2459,2481021,"Falco deiroleucus Temminck, 1825",20
2460,2481047,"Falco peregrinus Tunstall, 1771",19
2461,2481071,"Herpetotheres cachinnans (Linnaeus, 1758)",20
2462,2481085,"Micrastur mintoni Whittaker, 2003",18
2463,2481088,"Micrastur semitorquatus (Vieillot, 1817)",20
2464,2481106,"Phoenicoparrus andinus (Philippi, 1854)",20
2465,2481110,"Phoenicopterus chilensis Molina, 1782",20
2466,2481173,"Larus dominicanus M.H.K.Lichtenstein, 1823",20
2467,2481213,"Gygis candida (Gmelin, 1789)",20
2468,2481364,"Phaethon lepturus Daudin, 1802",20
2469,2481399,"Thalassarche chlororhynchos (Gmelin, 1789)",20
2470,2481609,"Stercorarius pomarinus (Temminck, 1815)",20
2471,2481616,"Stercorarius maccormicki H.Saunders, 1893",20
2472,2481672,"Limnodromus griseus (J.F.Gmelin, 1789)",20
2473,2481705,"Bartramia longicauda (Bechstein, 1812)",20
2474,2481721,"Tringa flavipes (J.F.Gmelin, 1789)",20
2475,2481744,"Calidris melanotos (Vieillot, 1819)",20
2476,2481748,"Calidris alba (Pallas, 1764)",20
2477,2481756,"Calidris fuscicollis (Vieillot, 1819)",20
2478,2481764,"Calidris pusilla (Linnaeus, 1766)",20
2479,2481770,"Calidris bairdii (Coues, 1861)",20
2480,2481784,"Numenius phaeopus (Linnaeus, 1758)",20
2481,2481798,"Actitis macularius (Linnaeus, 1766)",20
2482,2481812,"Gallinago undulata (Boddaert, 1783)",19
2483,2481829,"Gallinago paraguaiae (Vieillot, 1816)",20
2484,2481846,"Jacana jacana (Linnaeus, 1766)",20
2485,2481923,"Sarcoramphus papa (Linnaeus, 1758)",20
2486,2481930,"Cathartes aura (Linnaeus, 1758)",20
2487,2481937,"Mycteria americana Linnaeus, 1758",20
2488,2481942,"Coragyps atratus (Bechstein, 1793)",20
2489,2482063,"Podiceps occipitalis Garnot, 1826",20
2490,2482077,"Podilymbus podiceps (Linnaeus, 1758)",20
2491,2482179,"Crax blumenbachii Spix, 1825",20
2492,2482211,"Penelope jacucaca Spix, 1825",20
2493,2482212,"Penelope obscura Temminck, 1815",20
2494,2482223,"Penelope ochrogaster Pelzeln, 1870",20
2495,2482254,"Ortalis guttata (Spix, 1825)",20
2496,2482564,"Cyanocorax violaceus Du Bus de Gisignies, 1847",20
2497,2482571,"Cyanocorax cayanus (Linnaeus, 1766)",20
2498,2482572,"Cyanocorax cyanomelas (Vieillot, 1818)",19
2499,2482576,"Cyanocorax cyanopogon (Wied-Neuwied, 1821)",20
2500,2482645,"Pseudocolopteryx sclateri (Oustalet, 1892)",20
2501,2482651,"Tachuris rubrigastra (Vieillot, 1817)",20
2502,2482657,"Conopias trivirgatus (Wied-Neuwied, 1831)",18
2503,2482671,"Arundinicola leucocephala (Linnaeus, 1764)",20
2504,2482675,"Culicivora caudacuta (Vieillot, 1818)",19
2505,2482736,"Xolmis velatus (Lichtenstein, 1823)",20
2506,2482747,"Xolmis irupero (Vieillot, 1823)",20
2507,2482752,"Philohydor lictor (Lichtenstein, 1823)",20
2508,2482755,"Pitangus sulphuratus (Linnaeus, 1766)",20
2509,2482852,"Suiriri suiriri (Vieillot, 1818)",20
2510,2482868,"Myiornis ecaudatus (Orbigny & Lafresnaye, 1837)",14
2511,2482874,"Tolmomyias flaviventris (Wied-Neuwied, 1831)",20
2512,2482882,"Tolmomyias sulphurescens (Spix, 1825)",20
2513,2482899,"Tolmomyias flavotectus (Hartert & Ejo, 1902)",15
2514,2482908,"Tolmomyias poliocephalus (Taczanowski, 1884)",20
2515,2482921,"Myiozetetes cayanensis (Linnaeus, 1766)",20
2516,2482926,"Myiozetetes luteiventris (P.L.Sclater, 1858)",19
2517,2482934,"Machetornis rixosa (Vieillot, 1819)",20
2518,2482940,"Legatus leucophaius (Vieillot, 1818)",20
2519,2482945,"Myiopagis flavivertex (P.L.Sclater, 1887)",14
2520,2482984,"Hemitriccus iohannis (E.Snethlage, 1907)",16
2521,2482985,"Hemitriccus kaempferi (Zimmer, 1953)",18
2522,2482986,"Hemitriccus mirandae (E.Snethlage, 1925)",20
2523,2482988,"Hemitriccus striaticollis (Lafresnaye, 1853)",20
2524,2482991,"Hemitriccus griseipectus (E.Snethlage, 1907)",16
2525,2482994,"Hemitriccus flammulatus Berlepsch, 1901",16
2526,2483009,"Hemitriccus nidipendulus (Wied-Neuwied, 1831)",20
2527,2483014,"Hemitriccus furcatus (Lafresnaye, 1846)",20
2528,2483023,"Hemitriccus zosterops (Pelzeln, 1868)",12
2529,2483027,"Knipolegus poecilocercus (Pelzeln, 1868)",19
2530,2483043,"Knipolegus poecilurus (P.L.Sclater, 1862)",20
2531,2483049,"Knipolegus nigerrimus (Vieillot, 1818)",20
2532,2483052,"Knipolegus cyanirostris (Vieillot, 1818)",20
2533,2483203,"Phylloscartes roquettei E.Snethlage, 1928",15
2534,2483221,"Phylloscartes oustaleti (P.L.Sclater, 1887)",18
2535,2483234,"Phylloscartes ceciliae Teixeira, 1987",19
2536,2483238,"Alectrurus tricolor (Vieillot, 1816)",20
2537,2483239,"Alectrurus risora (Vieillot, 1824)",20
2538,2483242,"Hirundinea ferruginea (Gmelin, 1788)",20
2539,2483252,"Stigmatura budytoides (Orbigny & Lafresnaye, 1837)",20
2540,2483259,"Todirostrum poliocephalum (Wied-Neuwied, 1831)",20
2541,2483262,"Todirostrum chrysocrotaphum Strickland, 1850",19
2542,2483268,"Todirostrum maculatum (Desmarest, 1806)",20
2543,2483274,"Todirostrum cinereum (Linnaeus, 1766)",20
2544,2483298,"Myiobius atricaudus Lawrence, 1863",20
2545,2483306,"Myiobius barbatus (Gmelin, 1789)",17
2546,2483318,"Euscarthmus meloryphus Wied-Neuwied, 1831",20
2547,2483322,"Euscarthmus rufomarginatus (Pelzeln, 1868)",20
2548,2483387,"Cnemotriccus fuscatus (Wied-Neuwied, 1831)",19
2549,2483401,"Lophotriccus galeatus (Boddaert, 1783)",14
2550,2483408,"Lophotriccus eulophotes Todd, 1925",12
2551,2483410,"Megarynchus pitangua (Linnaeus, 1766)",19
2552,2483427,"Sublegatus obscurior Todd, 1920",20
2553,2483497,"Myiodynastes maculatus (Statius Muller, 1776)",20
2554,2483511,"Camptostoma obsoletum (Temminck, 1824)",20
2555,2483531,"Myiarchus tuberculifer (Orbigny & Lafresnaye, 1837)",20
2556,2483589,"Myiarchus tyrannulus (Statius Muller, 1776)",19
2557,2483623,"Attila phoenicurus Pelzeln, 1868",19
2558,2483624,"Attila bolivianus Lafresnaye, 1848",20
2559,2483642,"Attila rufus (Vieillot, 1819)",20
2560,2483645,"Attila cinnamomeus (Gmelin, 1789)",20
2561,2483662,"Muscipipra vetula (Lichtenstein, 1823)",20
2562,2483664,"Ochthornis littoralis (Pelzeln, 1868)",20
2563,2483676,"Rhytipterna simplex (Lichtenstein, 1823)",19
2564,2483680,"Onychorhynchus coronatus (Statius Muller, 1776)",19
2565,2483845,"Capsiempis flaveola (Lichtenstein, 1823)",20
2566,2483853,"Gubernetes yetapa (Vieillot, 1818)",20
2567,2483862,"Ramphotrigon megacephalum (Swainson, 1835)",20
2568,2483868,"Ramphotrigon fuscicauda Chapman, 1925",12
2569,2483871,"Poecilotriccus latirostris (Pelzeln, 1868)",16
2570,2483892,"Poecilotriccus fumifrons (Hartlaub, 1853)",19
2571,2483899,"Poecilotriccus sylvia (Desmarest, 1806)",19
2572,2483906,"Poecilotriccus plumbeiceps (Lafresnaye, 1846)",19
2573,2483950,"Zimmerius acer (Salvin & Godman, 1883)",20
2574,2483959,"Serpophaga hypoleuca P.L.Sclater & Salvin, 1866",19
2575,2483966,"Serpophaga subcristata (Vieillot, 1817)",20
2576,2483980,"Casiornis rufus (Vieillot, 1816)",20
2577,2483982,"Casiornis fuscus P.L.Sclater & Salvin, 1873",20
2578,2484022,"Terenotriccus erythrurus (Cabanis, 1847)",20
2579,2484033,"Phyllomyias griseiceps (P.L.Sclater & Salvin, 1871)",18
2580,2484045,"Phyllomyias virescens (Temminck, 1824)",18
2581,2484057,"Phyllomyias fasciatus (Thunberg, 1822)",19
2582,2484068,"Corythopis delalandi (Lesson, 1831)",18
2583,2484069,"Corythopis torquatus Tschudi, 1844",16
2584,2484099,"Chrysomus ruficapillus (Vieillot, 1819)",20
2585,2484199,"Agelasticus cyanopus (Vieillot, 1819)",20
2586,2484205,"Agelasticus thilius (Molina, 1782)",20
2587,2484214,"Pseudoleistes guirahuro (Vieillot, 1819)",20
2588,2484216,"Psarocolius viridis (Statius Muller, 1776)",20
2589,2484217,"Psarocolius decumanus (Pallas, 1769)",20
2590,2484230,"Psarocolius bifasciatus (Spix, 1824)",20
2591,2484254,"Sturnella magna (Linnaeus, 1758)",20
2592,2484396,"Molothrus bonariensis (Gmelin, 1789)",20
2593,2484417,"Dolichonyx oryzivorus (Linnaeus, 1758)",20
2594,2484926,"Synallaxis cinerascens Temminck, 1823",17
2595,2484963,"Synallaxis rutilans Temminck, 1823",17
2596,2484980,"Synallaxis infuscata Pinto, 1950",13
2597,2484982,"Synallaxis albilora Pelzeln, 1856",19
2598,2484989,"Synallaxis spixi P.L.Sclater, 1856",19
2599,2485007,"Synallaxis gujanensis (Gmelin, 1789)",19
2600,2485014,"Synallaxis cinerea Wied-Neuwied, 1831",16
2601,2485019,"Synallaxis albigularis P.L.Sclater, 1858",19
2602,2485028,"Synallaxis scutata P.L.Sclater, 1859",18
2603,2485067,"Cinclodes pabsti Sick, 1969",20
2604,2485069,"Cinclodes fuscus (Vieillot, 1818)",20
2605,2485086,"Anumbius annumbi (Vieillot, 1817)",20
2606,2485120,"Phacellodomus erythrophthalmus (Wied-Neuwied, 1821)",19
2607,2485123,"Phacellodomus striaticollis (Orbigny & Lafresnaye, 1838)",20
2608,2485136,"Phacellodomus ruber (Vieillot, 1817)",20
2609,2485200,"Deconychura longicauda (Pelzeln, 1868)",11
2610,2485214,"Sclerurus caudacutus (Vieillot, 1816)",14
2611,2485236,"Sclerurus scansor (Menetries, 1835)",20
2612,2485248,"Hylexetastes perrotii (Lafresnaye, 1844)",17
2613,2485250,"Hylexetastes uniformis Hellmayr, 1909",16
2614,2485291,"Cranioleuca vulpina (Pelzeln, 1856)",20
2615,2485306,"Cranioleuca obsoleta (Reichenbach, 1853)",20
2616,2485324,"Cranioleuca muelleri (Hellmayr, 1911)",11
2617,2485326,"Cranioleuca semicinerea (Reichenbach, 1853)",20
2618,2485357,"Syndactyla dimidiata (Pelzeln, 1859)",16
2619,2485377,"Syndactyla rufosuperciliata (Lafresnaye, 1832)",19
2620,2485458,"Xiphocolaptes falcirostris (Spix, 1824)",17
2621,2485461,"Xiphocolaptes promeropirhynchus (Lesson, 1840)",20
2622,2485485,"Xiphocolaptes albicollis (Vieillot, 1818)",19
2623,2485604,"Megaxenops parnaguae Reiser, 1905",18
2624,2485628,"Sittasomus griseicapillus (Vieillot, 1818)",20
2625,2485651,"Synallaxis hellmayri Reiser, 1905",17
2626,2485705,"Philydor pyrrhodes (Cabanis, 1848)",16
2627,2485707,"Philydor atricapillus (Wied-Neuwied, 1821)",20
2628,2485780,"Clibanornis dendrocolaptoides (Pelzeln, 1859)",18
2629,2485827,"Furnarius figulus (Lichtenstein, 1823)",20
2630,2485830,"Furnarius minor Pelzeln, 1858",20
2631,2485856,"Pseudoseisura unirufa (Orbigny & Lafresnaye, 1838)",20
2632,2485908,"Schoeniophylax phryganophilus (Vieillot, 1817)",20
2633,2485950,"Dendrocincla turdina (Lichtenstein, 1820)",20
2634,2485989,"Phleocryptes melanops (Vieillot, 1817)",20
2635,2486001,"Cichlocolaptes leucophrus (Jardine & Selby, 1830)",19
2636,2486007,"Thripophaga macroura (Wied-Neuwied, 1821)",18
2637,2486034,"Lepidocolaptes squamatus (Lichtenstein, 1822)",20
2638,2486070,"Certhiaxis mustelinus (P.L.Sclater, 1874)",20
2639,2486232,"Gymnoderus foetidus (Linnaeus, 1758)",20
2640,2486253,"Querula purpurata (Statius Muller, 1776)",20
2641,2486255,"Conioptilon mcilhennyi Lowery & O'Neill, 1966",17
2642,2486330,"Xenopsaris albinucha (Burmeister, 1869)",20
2643,2486345,"Phoenicircus carnifex (Linnaeus, 1758)",19
2644,2486347,"Xipholena atropurpurea (Wied-Neuwied, 1820)",20
2645,2486348,"Xipholena punicea (Pallas, 1764)",20
2646,2486394,"Carpornis melanocephala (Wied-Neuwied, 1820)",20
2647,2486400,"Procnias averano (Hermann, 1783)",20
2648,2486405,"Procnias nudicollis (Vieillot, 1817)",20
2649,2486411,"Laniisoma elegans (Thunberg, 1823)",19
2650,2486429,"Piprites chloris (Temminck, 1822)",20
2651,2486446,"Schiffornis virescens (Lafresnaye, 1838)",20
2652,2486447,"Schiffornis turdina (Wied-Neuwied, 1831)",20
2653,2486462,"Schiffornis major Des Murs, 1856",17
2654,2486476,"Tityra inquisitor (Lichtenstein, 1823)",20
2655,2486483,"Tityra cayana (Linnaeus, 1766)",20
2656,2486500,"Lipaugus lanioides (Lesson, 1844)",20
2657,2486506,"Lipaugus vociferans (Wied-Neuwied, 1820)",17
2658,2486509,"Phibalura flavirostris Vieillot, 1816",20
2659,2486514,"Iodopleura pipra (Lesson, 1831)",18
2660,2487484,"Vireolanius leucotis (Swainson, 1838)",15
2661,2487593,"Polioptila dumicola (Vieillot, 1817)",20
2662,2487594,"Polioptila lactea Sharpe, 1885",18
2663,2487617,"Antilophia galeata (Lichtenstein, 1823)",12
2664,2487626,"Pipra filicauda Spix, 1825",20
2665,2487634,"Pipra aureola (Linnaeus, 1758)",20
2666,2487653,"Pipra fasciicauda Hellmayr, 1906",20
2667,2487700,"Xenopipo atronitens Cabanis, 1847",18
2668,2487708,"Tyranneutes stolzmanni (Hellmayr, 1906)",12
2669,2487755,"Machaeropterus pyrocephalus (P.L.Sclater, 1852)",16
2670,2487763,"Ilicura militaris (Shaw, 1809)",20
2671,2487775,"Chiroxiphia caudata (Shaw, 1793)",20
2672,2487778,"Corapipo gutturalis (Linnaeus, 1766)",20
2673,2487959,"Euphonia plumbea Du Bus de Gisignies, 1855",19
2674,2487964,"Euphonia chlorotica (Linnaeus, 1766)",20
2675,2487970,"Euphonia violacea (Linnaeus, 1758)",20
2676,2487980,"Euphonia pectoralis (Latham, 1801)",20
2677,2487991,"Euphonia chrysopasta P.L.Sclater & Salvin, 1869",20
2678,2488007,"Euphonia rufiventris (Vieillot, 1819)",18
2679,2488010,"Euphonia cayennensis (J.F.Gmelin, 1789)",17
2680,2488011,"Euphonia xanthogaster Sundevall, 1834",20
2681,2488060,"Schistochlamys ruficapillus (Vieillot, 1817)",20
2682,2488064,"Schistochlamys melanopis (Latham, 1790)",20
2683,2488072,"Hemithraupis guira (Linnaeus, 1766)",20
2684,2488081,"Hemithraupis flavicollis (Vieillot, 1818)",20
2685,2488097,"Tangara cyanocephala (P.L.S.Müller, 1776)",20
2686,2488104,"Tangara seledon (P.L.S.Müller, 1776)",20
2687,2488113,"Tangara callophrys (Cabanis, 1849)",20
2688,2488114,"Tangara gyrola (Linnaeus, 1758)",20
2689,2488136,"Tangara desmaresti (Vieillot, 1819)",20
2690,2488157,"Tangara velia (Linnaeus, 1758)",20
2691,2488169,"Tangara mexicana (Linnaeus, 1766)",19
2692,2488213,"Tangara fastuosa (R.Lesson, 1831)",20
2693,2488288,"Lanio versicolor (d'Orbigny & Lafresnaye, 1837)",19
2694,2488315,"Chlorophonia cyanea (Thunberg, 1822)",20
2695,2488364,"Dacnis lineata (J.F.Gmelin, 1789)",20
2696,2488369,"Dacnis nigripes Pelzeln, 1856",20
2697,2488373,"Orthogonys chloricterus (Vieillot, 1819)",20
2698,2488430,"Ramphocelus bresilia (Linnaeus, 1766)",20
2699,2488438,"Ramphocelus nigrogularis (Spix, 1825)",20
2700,2488498,"Piranga flava (Vieillot, 1822)",20
2701,2488524,"Eucometis penicillata (Spix, 1825)",20
2702,2488545,"Tersina viridis (Illiger, 1811)",20
2703,2488583,"Tachyphonus rufus (Boddaert, 1783)",20
2704,2488602,"Thraupis episcopus (Linnaeus, 1766)",20
2705,2488622,"Thraupis sayaca (Linnaeus, 1766)",20
2706,2488626,"Thraupis cyanoptera (Vieillot, 1817)",19
2707,2488682,"Lamprospiza melanoleuca (Vieillot, 1817)",19
2708,2488692,"Thlypopsis sordida (d'Orbigny & Lafresnaye, 1837)",20
2709,2488778,"Trichothraupis melanops (Vieillot, 1818)",19
2710,2488890,"Cyanerpes cyaneus (Linnaeus, 1766)",20
2711,2488902,"Cyanerpes nitidus (Hartlaub, 1847)",20
2712,2488937,"Conopophaga roberti Hellmayr, 1905",20
2713,2489133,"Progne chalybea (Gmelin, 1789)",20
2714,2489136,"Progne tapera (Linnaeus, 1766)",20
2715,2489160,"Riparia riparia (Linnaeus, 1758)",20
2716,2489169,"Petrochelidon pyrrhonota (Vieillot, 1817)",20
2717,2489207,"Pygochelidon cyanoleuca (Vieillot, 1817)",20
2718,2489620,"Granatellus pelzelni P.L.Sclater, 1865",20
2719,2490003,"Gymnopithys bicolor (Lawrence, 1863)",20
2720,2490010,"Hypocnemoides melanopogon (P.L.Sclater, 1857)",19
2721,2490012,"Terenura maculata (Wied-Neuwied, 1831)",20
2722,2490013,"Terenura sicki Teixeira & Gonzaga, 1983",14
2723,2490026,"Myrmorchilus strigilatus (Wied-Neuwied, 1831)",18
2724,2490033,"Dysithamnus mentalis (Temminck, 1823)",20
2725,2490041,"Formicivora rufa (Wied-Neuwied, 1831)",20
2726,2490043,"Formicivora melanogaster Pelzeln, 1868",20
2727,2490044,"Formicivora erythronotos Hartlaub, 1852",20
2728,2490045,"Formicivora serrana (Hellmayr, 1929)",17
2729,2490046,"Formicivora iheringi Hellmayr, 1909",15
2730,2490048,"Sakesphorus luctuosus (Lichtenstein, 1823)",20
2731,2490066,"Pyriglena maura (Ménétriés, 1835)",18
2732,2490067,"Pyriglena atra (Swainson, 1825)",17
2733,2490068,"Pyriglena leucoptera (Vieillot, 1818)",19
2734,2490078,"Cymbilaimus sanctaemariae Gyldenstolpe, 1941",17
2735,2490079,"Cymbilaimus lineatus (Leach, 1814)",20
2736,2490107,"Herpsilochmus longirostris Pelzeln, 1868",19
2737,2490108,"Herpsilochmus pectoralis P.L.Sclater, 1857",19
2738,2490109,"Herpsilochmus rufimarginatus (Temminck, 1822)",19
2739,2490111,"Herpsilochmus pileatus (Lichtenstein, 1823)",17
2740,2490113,"Herpsilochmus atricapillus Pelzeln, 1868",19
2741,2490122,"Myrmoborus leucophrys (Tschudi, 1844)",19
2742,2490125,"Myrmoborus myotherinus (Spix, 1825)",20
2743,2490129,"Cercomacra brasiliana Hellmayr, 1905",18
2744,2490132,"Cercomacra carbonaria P.L.Sclater & Salvin, 1873",16
2745,2490134,"Cercomacra manu Fitzpatrick & Willard, 1990",15
2746,2490139,"Cercomacra melanaria (Ménétriés, 1835)",18
2747,2490154,"Myrmeciza longipes (Swainson, 1825)",20
2748,2490178,"Myrmotherula menetriesii (Orbigny, 1837)",13
2749,2490189,"Myrmotherula klagesi Todd, 1927",14
2750,2490199,"Myrmotherula minor Salvadori, 1864",17
2751,2490200,"Myrmotherula multostriata P.L.Sclater, 1858",15
2752,2490201,"Myrmotherula assimilis Pelzeln, 1868",17
2753,2490205,"Sclateria naevia (Gmelin, 1788)",17
2754,2490207,"Mackenziaena severa (Lichtenstein, 1823)",14
2755,2490208,"Mackenziaena leachii (Such, 1825)",20
2756,2490210,"Rhegmatorhina melanosticta (P.L.Sclater & Salvin, 1880)",15
2757,2490216,"Thamnomanes schistogynus Hellmayr, 1911",19
2758,2490218,"Thamnomanes ardesiacus (P.L.Sclater & Salvin, 1868)",16
2759,2490224,"Taraba major (Vieillot, 1816)",20
2760,2490226,"Clytoctantes atrogularis S.Lanyon, Stotz & Willard, 1991",13
2761,2490230,"Phlegopsis nigromaculata (Orbigny & Lafresnaye, 1837)",19
2762,2490236,"Dichrozona cincta (Pelzeln, 1868)",16
2763,2490271,"Anthus nattereri P.L.Sclater, 1878",18
2764,2490280,"Anthus hellmayri Hartert, 1909",20
2765,2490354,"Caryothraustes canadensis (Linnaeus, 1766)",20
2766,2490545,"Grallaria varia (Boddaert, 1783)",18
2767,2490548,"Formicarius colma Boddaert, 1783",18
2768,2490554,"Myrmothera campanisona (Hermann, 1783)",12
2769,2490562,"Hylopezus paraensis (E.Snethlage, 1910)",19
2770,2490567,"Chamaeza ruficauda Cabanis & Heine, 1859",16
2771,2490568,"Chamaeza meruloides Vigors, 1825",16
2772,2490570,"Chamaeza campanisona (Lichtenstein, 1823)",20
2773,2490718,"Turdus rufiventris Vieillot, 1818",20
2774,2490726,"Turdus leucomelas Vieillot, 1818",20
2775,2490743,"Turdus hauxwelli Lawrence, 1869",16
2776,2490752,"Turdus amaurochalinus Cabanis, 1850",20
2777,2490970,"Merulaxis ater Lesson, 1831",20
2778,2490995,"Scytalopus speluncae (Ménétriés, 1835)",19
2779,2491015,"Melanopareia torquata (Wied-Neuwied, 1831)",20
2780,2491076,"Coryphaspiza melanotis (Temminck, 1822)",19
2781,2491143,"Poospiza nigrorufa (d'Orbigny & Lafresnaye, 1837)",20
2782,2491289,"Haplospiza unicolor Cabanis, 1851",20
2783,2491298,"Ammodramus aurifrons (Spix, 1825)",20
2784,2491303,"Ammodramus humeralis (Bosc, 1792)",20
2785,2491315,"Sporophila ardesiaca (A.J.C.Dubois, 1894)",18
2786,2491320,"Sporophila cinnamomea (Lafresnaye, 1839)",19
2787,2491335,"Sporophila nigricollis (Vieillot, 1823)",20
2788,2491339,"Sporophila bouvronides (R.Lesson, 1831)",20
2789,2491342,"Sporophila palustris (Barrows, 1883)",20
2790,2491348,"Sporophila castaneiventris Cabanis, 1849",20
2791,2491350,"Sporophila collaris (Boddaert, 1783)",20
2792,2491376,"Sporophila caerulescens (Vieillot, 1823)",20
2793,2491385,"Sporophila frontalis (J.Verreaux, 1869)",19
2794,2491614,"Arremon taciturnus (Hermann, 1783)",19
2795,2491618,"Arremon flavirostris Swainson, 1838",19
2796,2491741,"Volatinia jacarina (Linnaeus, 1766)",20
2797,2491846,"Sicalis luteola (Sparrman, 1789)",20
2798,2491862,"Sicalis flaveola (Linnaeus, 1766)",20
2799,2491907,"Donacospiza albifrons (Vieillot, 1817)",19
2800,2491982,"Charitospiza eucosma Oberholser, 1905",19
2801,2491988,"Coryphospingus pileatus (Wied-Neuwied, 1821)",20
2802,2492001,"Embernagra longicauda Strickland, 1844",20
2803,2492087,"Paroaria capitata (d'Orbigny & Lafresnaye, 1837)",20
2804,2492090,"Paroaria baeri Hellmayr, 1907",18
2805,2493660,"Estrilda astrild (Linnaeus, 1758)",20
2806,2493836,"Microcerculus marginatus (P.L.Sclater, 1855)",15
2807,2493890,"Cistothorus stellaris (J.F.Naumann, 1823)",19
2808,2493958,"Henicorhina leucosticta (Cabanis, 1847)",17
2809,2495314,"Patagioenas plumbea (Vieillot, 1818)",20
2810,2495339,"Patagioenas speciosa (J.F.Gmelin, 1789)",20
2811,2495380,"Uropelia campestris (von Spix, 1825)",20
2812,2495853,"Columbina minuta (Linnaeus, 1766)",20
2813,2495858,"Columbina talpacoti (Temminck, 1810)",20
2814,2495865,"Columbina picui (Temminck, 1813)",20
2815,2495869,"Columbina passerina (Linnaeus, 1758)",20
2816,2495888,"Columbina squammata (R.Lesson, 1831)",20
2817,2495922,"Claravis pretiosa (Ferrari-Pérez, 1886)",18
2818,2496060,"Leptotila verreauxi Bonaparte, 1855",20
2819,2496121,"Geotrygon montana (Linnaeus, 1758)",20
2820,2496202,"Opisthocomus hoazin (Statius Muller, 1776)",20
2821,2496209,"Crotophaga ani Linnaeus, 1758",20
2822,2496210,"Crotophaga major Gmelin, 1788",20
2823,2496293,"Coccyzus euleri Cabanis, 1873",20
2824,2496297,"Coccyzus melacoryphus Vieillot, 1817",20
2825,2496431,"Piaya melanogaster (Vieillot, 1817)",20
2826,2496432,"Piaya cayana (Linnaeus, 1766)",20
2827,2496517,"Dromococcyx phasianellus (Spix, 1824)",20
2828,2496683,"Trogon tenellus Cabanis, 1862",20
2829,2496690,"Trogon violaceus J.F.Gmelin, 1788",20
2830,2496718,"Pharomachrus pavoninus (Spix, 1824)",18
2831,2496811,"Nyctibius griseus (J.F.Gmelin, 1789)",20
2832,2496814,"Nyctibius leucopterus (zu Wied-Neuwied, 1821)",20
2833,2496990,"Nyctidromus albicollis (J.F.Gmelin, 1789)",20
2834,2497017,"Hydropsalis torquata (J.F.Gmelin, 1789)",19
2835,2497035,"Chordeiles minor (J.R.Forster, 1771)",20
2836,2497240,"Athene cunicularia (Molina, 1782)",20
2837,2497295,"Asio flammeus (Pontoppidan, 1763)",20
2838,2497332,"Megascops watsonii (Cassin, 1849)",15
2839,2497365,"Megascops choliba (Vieillot, 1817)",20
2840,2497406,"Megascops sanctaecatarinae (Salvin, 1897)",19
2841,2497529,"Strix hylophila Temminck, 1825",20
2842,2497878,"Pulsatrix perspicillata (Latham, 1790)",20
2843,2497885,"Pulsatrix koeniswaldiana (M.Bertoni & W.Bertoni, 1901)",20
2844,2498003,"Sarkidiornis sylvicola H.Ihering & R.Ihering, 1907",20
2845,2498127,"Anas georgica J.F.Gmelin, 1789",20
2846,2498181,"Netta peposaca (Vieillot, 1816)",20
2847,2498252,"Alopochen aegyptiaca (Linnaeus, 1766)",20
2848,2498316,"Nomonyx dominicus (Linnaeus, 1766)",20
2849,2498344,"Cygnus atratus (Latham, 1790)",20
2850,2498387,"Aix sponsa (Linnaeus, 1758)",20
2851,2498396,"Dendrocygna viduata (Linnaeus, 1766)",20
2852,2498402,"Dendrocygna bicolor (Vieillot, 1816)",20
2853,2498411,"Amazonetta brasiliensis (J.F.Gmelin, 1789)",20
2854,2502938,"Bipalium kewense Moseley, 1878",20
2855,2512963,Dacryopinax elegans (Berk. & M.A.Curtis) G.W.Martin,20
2856,2514679,Puccinia malvacearum Bertero ex Mont.,20
2857,2515351,Puccinia oxalidis Dietel & Ellis,20
2858,2519071,Echinoporia aculeifera (Berk. & M.A.Curtis) Ryvarden,20
2859,2519731,Hymenochaete damicornis (Link) Lév.,20
2860,2520543,Fuscoporia gilva (Schwein.) T.Wagner & M.Fisch.,20
2861,2521224,Inonotus rickii (Pat.) D.A.Reid,20
2862,2523008,Trechispora thelephora (Lév.) Ryvarden,20
2863,2524108,Phallus indusiatus Vent.,20
2864,2525106,Phlebopus beniensis (Singer & Digilio) Heinem. & Rammeloo,20
2865,2525455,Pisolithus arhizus (Scop.) Rauschert,20
2866,2526599,Pleurotus djamor (Rumph. ex Fr.) Boedijn,20
2867,2527610,Panellus pusillus (Pers. ex Lév.) Burds. & O.K.Mill.,18
2868,2532704,Leucopaxillus gracillimus Singer & A.H.Sm.,20
2869,2534522,"Parasola plicatilis (Curtis) Redhead, Vilgalys & Hopple",20
2870,2535598,Leucocoprinus birnbaumii (Corda) Singer,20
2871,2535638,Ripartitella brasiliensis (Speg.) Singer,20
2872,2536719,Macrolepiota pulchella de Meijer & Vellinga,20
2873,2537483,Tetrapyrgos nigripes (Fr.) E.Horak,20
2874,2537755,Lentinula boryana (Berk. & Mont.) Pegler,20
2875,2537897,Trogia cantharelloides (Mont.) Pat.,20
2876,2540162,Pseudomerulius curtisii (Berk.) Redhead & Ginns,20
2877,2544114,Abortiporus biennis (Bull.) Singer,20
2878,2546485,Coriolopsis caperata (Berk.) Murrill,20
2879,2547179,Tinctoporellus epimiltinus (Berk. & Broome) Ryvarden,20
2880,2547651,Echinochaete brachypora (Mont.) Ryvarden,20
2881,2548374,Trametes ochracea (Pers.) Gilb. & Ryvarden,20
2882,2548580,Stiptophyllum erubescens (Berk.) Ryvarden,20
2883,2549396,Earliella scabrosa (Pers.) Gilb. & Ryvarden,20
2884,2549632,Ganoderma lobatum (Cooke) G.F.Atk.,20
2885,2549779,Ganoderma australe (Fr.) Pat.,20
2886,2554333,Geastrum saccatum Fr.,20
2887,2601127,Coccocarpia palmicola (Spreng.) Arv. & D.J.Galloway,20
2888,2606178,Flavoparmelia caperata (L.) Hale,20
2889,2640986,Coelastrum pulchrum Schmidle,20
2890,2641920,Pediastrum duplex Meyen,20
2891,2641972,"Sorastrum americanum (Bohlin) Schmidle, 1900",20
2892,2642922,Caulerpa sertularioides (S.G.Gmel.) M.Howe,20
2893,2642943,Caulerpa fastigiata Mont.,13
2894,2642947,Caulerpa webbiana Mont.,20
2895,2643072,Caulerpa mexicana Sond. ex Kütz.,20
2896,2643093,Caulerpa racemosa (Forssk.) J.Agardh,20
2897,2643120,Caulerpa chemnitzia (Esper) J.V.Lamour.,20
2898,2643172,Caulerpa taxifolia (M.Vahl) C.Agardh,20
2899,2643331,Halimeda cuneata K.Hering,20
2900,2643340,Boodleopsis pusilla (Collins) W.R.Taylor,7
2901,2643420,Udotea cyathiformis Decne.,9
2902,2643445,Udotea occidentalis A.Gepp & E.Gepp,20
2903,2644838,Dictyosphaeria versluysii Weber Bosse,20
2904,2644890,Cladophoropsis membranacea (Bang ex C.Agardh) Børgesen,18
2905,2650125,Cheiroglossa palmata (L.) C.Presl,20
2906,2650137,Ophioglossum reticulatum L.,17
2907,2650239,Polytaenium cajenense (Desv.) Benedict,19
2908,2650246,Vittaria lineata (L.) J.E.Sm.,20
2909,2650252,Hecistopteris pumila (Spreng.) J.Sm.,20
2910,2650256,Anemia phyllitidis (L.) Sw.,20
2911,2650275,Cyathea spectabilis (Kunze) Domin,20
2912,2650349,Lellingeria suspensa (L.) A.R.Sm. & R.C.Moran,20
2913,2650434,Lygodium volubile Sw.,20
2914,2650477,Phlebodium decumanum (Willd.) J.Sm.,20
2915,2650479,Phlebodium aureum (L.) J.Sm.,20
2916,2650508,Pecluma pectinata (L.) M.G.Price,15
2917,2650516,Campyloneurum phyllitidis (L.) C.Presl,20
2918,2650518,Campyloneurum repens (Aubl.) C.Presl,20
2919,2650542,Microgramma reptans (Cav.) A.R.Sm.,20
2920,2650557,Schizaea fluminensis Miers ex J.W.Sturm,19
2921,2650593,Asplenium auritum Sw.,20
2922,2650599,Asplenium pteropus Kaulf.,15
2923,2650605,Asplenium cirrhatum Rich. ex Willd.,16
2924,2650614,Asplenium praemorsum Sw.,20
2925,2650631,Asplenium resiliens Kunze,20
2926,2650635,Asplenium serra Langsd. & Fisch.,20
2927,2650638,Asplenium abscissum Willd.,20
2928,2650661,Asplenium serratum L.,20
2929,2650687,Asplenium formosum Willd.,20
2930,2650693,Asplenium radicans L.,17
2931,2650696,Asplenium pumilum Sw.,20
2932,2650708,Asplenium auriculatum Sw.,20
2933,2650768,Lindsaea portoricensis Desv.,20
2934,2650769,Lindsaea guianensis (Aubl.) Dryand.,20
2935,2650774,Histiopteris incisa (Thunb.) J.Sm.,20
2936,2650778,Dennstaedtia obtusifolia (Willd.) T.Moore,16
2937,2650784,Dennstaedtia cicutaria (Sw.) T.Moore,12
2938,2650792,Saccoloma inaequale (Kunze) Mett.,20
2939,2650868,Diplazium plantaginifolium (L.) Urb.,20
2940,2650883,Hemidictyum marginatum (L.) C.Presl,20
2941,2650910,Ctenitis ampla (Humb. & Bonpl. ex Willd.) Ching,17
2942,2650915,Ctenitis submarginalis (Langsd. & Fisch.) Ching,20
2943,2650927,Nephrolepis exaltata (L.) Schott,20
2944,2650930,Nephrolepis cordifolia (L.) C.Presl,20
2945,2650934,Nephrolepis undulata (Afzel. ex Sw.) J.Sm.,20
2946,2650936,Nephrolepis biserrata (Sw.) Schott,20
2947,2650938,Nephrolepis pectinata (Willd.) Schott,16
2948,2650944,Rumohra adiantiformis (G.Forst.) Ching,20
2949,2650965,Bolbitis aliena (Sw.) Alston,20
2950,2651035,Elaphoglossum lingua (Raddi) Brack.,20
2951,2651038,Elaphoglossum glabellum J.Sm.,18
2952,2651039,Elaphoglossum peltatum (Sw.) Urb.,20
2953,2651048,Elaphoglossum decoratum (Kunze) T.Moore,20
2954,2651054,Elaphoglossum latifolium (Sw.) J.Sm.,19
2955,2651073,Elaphoglossum petiolatum (Sw.) Urb.,17
2956,2651076,Elaphoglossum piloselloides (C.Presl) T.Moore,20
2957,2651219,Cyclopeltis semicordata (Sw.) J.Sm.,20
2958,2651288,Hymenophyllum lineare (Sw.) Sw.,15
2959,2651289,Hymenophyllum hirsutum (L.) Sw.,20
2960,2651310,Hymenophyllum fucoides var. pedicellatum (Kunze ex Klotzsch) Hieron.,13
2961,2651313,Hymenophyllum fragile (Hedw.) C.V.Morton,19
2962,2651314,Hymenophyllum asplenioides (Sw.) Sw.,18
2963,2651528,Blechnum polypodioides Raddi,20
2964,2651539,Blechnum lanceola Sw.,17
2965,2651586,Ceratopteris thalictroides (L.) Brongn.,20
2966,2651590,Ceratopteris pteridoides (Hook.) Hieron.,20
2967,2651707,Acrostichum danaeifolium Langsd. & Fisch.,20
2968,2651790,Pityrogramma calomelanos (L.) Link,20
2969,2651796,Pityrogramma ebenea (L.) Proctor,20
2970,2651799,Pityrogramma trifoliata (L.) R.M.Tryon,20
2971,2651824,Adiantum petiolatum Desv.,20
2972,2651834,Adiantum tenerum Sw.,20
2973,2651837,Adiantum latifolium Lam.,20
2974,2651838,Adiantum obliquum Willd.,20
2975,2651840,Adiantum tetraphyllum Humb. & Bonpl. ex Willd.,20
2976,2651850,Adiantum macrophyllum Sw.,20
2977,2652481,Desmodesmus communis (E.Hegewald) E.Hegewald,20
2978,2652689,Murrayella periclados (C.Agardh) F.Schmitz,14
2979,2653382,Ephedra tweediana C.A.Mey.,19
2980,2662161,Caloglossa leprieurii (Mont.) G.Martens,14
2981,2662919,Pterocladiella capillacea (S.G.Gmel.) Santel. & Hommers.,20
2982,2663441,Champia parvula (C.Agardh) Harv.,20
2983,2668973,Sphagnum perichaetiale Hampe,20
2984,2669006,Sphagnum palustre L.,20
2985,2669111,Sphagnum recurvum P.Beauv.,20
2986,2669819,Thamniopsis killipii (R.S.Williams) E.B.Bartram,7
2987,2670289,Syrrhopodon gaudichaudii Mont.,20
2988,2670298,Syrrhopodon prolifer Schwägr.,16
2989,2671164,Pseudosymblepharis schimperiana (Paris) H.A.Crum,18
2990,2671342,Tortella humilis (Hedw.) Jenn.,20
2991,2671357,Tuerckheimia linearis (Sw.) E.Britton,12
2992,2672343,Macromitrium microstomum (Hook. & Grev.) Schwägr.,20
2993,2672452,Coleochaetium standleyi E.B.Bartram,13
2994,2672468,Groutiella tumidula (Mitt.) Vitt,19
2995,2674627,Octoblepharum erectifolium Mitt. ex R.S.Williams,9
2996,2676138,Bartramidula wilsonii Bruch & Schimp.,19
2997,2676616,Bryum coronatum Schwägr.,20
2998,2676627,Bryum pallescens Schleich. ex Schwägr.,19
2999,2676636,Bryum atenense R.S.Williams,9
3000,2676667,Bryum argenteum Hedw.,20
3001,2676748,Bryum apiculatum Schwägr.,11
3002,2677620,Plagiomnium rhynchophorum (Harv.) T.J.Kop.,20
3003,2677766,Squamidium brasiliense (Hornsch.) Broth.,20
3004,2677856,Floribundaria flaccida (Mitt.) Broth.,11
3005,2677978,Meteorium teres Mitt.,18
3006,2678000,Meteoridium remotifolium (Müll.Hal.) Manuel,18
3007,2678455,Neckeropsis disticha (Hedw.) Kindb.,20
3008,2678469,Neckeropsis undulata (Hedw.) Reichardt,20
3009,2678661,Porotrichum longirostre (Hook.) Mitt.,18
3010,2678760,Rhacocarpus inermis (Müll.Hal.) Lindb.,14
3011,2679555,Entodontopsis nitens (Mitt.) W.R.Buck & Ireland,17
3012,2679565,Entodontopsis leucostega (Brid.) W.R.Buck & Ireland,20
3013,2679572,Eulacophyllum cultelliforme (Sull.) W.R.Buck & Ireland,12
3014,2680447,Taxithelium planum (Brid.) Mitt.,20
3015,2680935,Sematophyllum sericifolium Mitt.,19
3016,2680969,Acroporium pungens (Hedw.) Broth.,17
3017,2681038,Potamium vulpinum (Mont.) Mitt.,10
3018,2681889,Isopterygium tenerum (Sw.) Mitt.,20
3019,2682395,Leucomium strumosum (Hornsch.) Mitt.,10
3020,2682458,Mittenothamnium reptans (Hedw.) Cardot,14
3021,2682666,Taxiphyllum taxirameum (Mitt.) M.Fleisch.,20
3022,2682977,Pogonatum pensilvanicum (E.B.Bartram ex Hedw.) P.Beauv.,10
3023,2683092,Polytrichum juniperinum Hedw.,20
3024,2684030,Cupressus sempervirens L.,20
3025,2684075,Hesperocyparis macrocarpa (Hartw. ex Gordon) Bartel,20
3026,2684120,Sequoiadendron giganteum (Lindl.) J.T.Buchholz,20
3027,2684191,Taxodium distichum (L.) Rich.,20
3028,2684391,Juniperus virginiana L.,20
3029,2684451,Juniperus oxycedrus L.,20
3030,2684709,Juniperus communis L.,20
3031,2684918,Araucaria bidwillii Hook.,20
3032,2684921,Araucaria columnaris (J.R.Forst.) Hook.,20
3033,2684969,Araucaria heterophylla (Salisb.) Franco,20
3034,2685383,Abies balsamea (L.) Mill.,20
3035,2687182,Tsuga canadensis (L.) Carrière,20
3036,2687885,Ginkgo biloba L.,20
3037,2687927,Equisetum hyemale L.,20
3038,2687940,Equisetum ramosissimum Desf.,20
3039,2688189,Selaginella kraussiana (Kunze) A.Braun,20
3040,2688219,Selaginella rupestris (L.) Spring,20
3041,2688613,Dumortiera hirsuta (Sw.) Nees,20
3042,2688635,Monoclea gottschei Lindb.,20
3043,2688828,Leptolejeunea elliptica (Lehm. & Lindenb.) Schiffn.,18
3044,2688850,Acanthocoleus aberrans (Lindenb. & Gottsche) Kruijt,20
3045,2688860,Anoplolejeunea conferta (C.F.W.Meissn. ex Spreng.) A.Evans,20
3046,2688862,Diplasiolejeunea pellucida (C.F.W.Meissn. ex Spreng.) Schiffn.,11
3047,2688904,Lejeunea adpressa Nees,20
3048,2688906,Lejeunea flava (Sw.) Nees,20
3049,2688933,Bryopteris filicina (Sw.) Nees,20
3050,2689633,Syngonanthus humboldtii (Kunth) Ruhland,17
3051,2689651,Syngonanthus nitens (Bong.) Ruhland,20
3052,2689724,Syngonanthus longipes Gleason,17
3053,2689921,Syngonanthus fischerianus (Bong.) Ruhland,20
3054,2689968,Syngonanthus helminthorrhizus (Mart. ex Körn.) Ruhland,13
3055,2690137,Syngonanthus verticillatus (Bong.) Ruhland,17
3056,2690167,Syngonanthus caulescens (Poir.) Ruhland,20
3057,2690208,Syngonanthus davidsei Huft,20
3058,2690298,Eriocaulon ulaei Ruhland,8
3059,2690447,Eriocaulon gibbosum Körn.,11
3060,2690482,Eriocaulon neglectum Ruhland,8
3061,2690583,Eriocaulon linearifolium Körn.,19
3062,2690603,Eriocaulon elichrysoides Bong.,13
3063,2691146,Tonina fluviatilis Aubl.,17
3064,2692633,Xyris bialata Malme,16
3065,2692649,Xyris insignis L.A.Nilsson,17
3066,2692685,Xyris trachyphylla Mart.,19
3067,2692699,Xyris brevifolia Michx.,20
3068,2692713,Xyris rigida Kunth,14
3069,2692734,Xyris tortula Mart.,19
3070,2692750,Xyris peregrina Malme,17
3071,2692759,Xyris anceps Lam.,20
3072,2692791,Xyris capensis Thunb.,20
3073,2692800,Xyris stenophylla L.A.Nilsson,16
3074,2692802,Xyris guaranitica Malme,11
3075,2692915,Xyris subsetigera Malme,15
3076,2693014,Xyris neglecta L.A.Nilsson,19
3077,2693015,Xyris dusenii Malme,11
3078,2693043,Xyris blanchetiana Malme,10
3079,2693181,Xyris ciliata Thunb.,13
3080,2693252,Spathanthus unilateralis (Rudge) Desv.,20
3081,2693288,Cephalostemon riedelianus Körn.,20
3082,2693341,Rapatea muaju García-Barr. & L.E.Mora,18
3083,2693674,Fernseea itatiaiae (Wawra) Baker,20
3084,2693702,Billbergia morelii Brongn.,19
3085,2693714,Billbergia zebrina (Herb.) Lindl.,20
3086,2693753,Billbergia elegans Mart. ex Schult. & Schult.f.,20
3087,2693754,Billbergia pyramidalis (Sims) Lindl.,20
3088,2693788,Billbergia nutans H.Wendl. ex Regel,20
3089,2693796,Billbergia euphemiae É.Morren,20
3090,2693825,Billbergia lietzei É.Morren,20
3091,2693826,Billbergia vittata Brongn. ex C.Morel,20
3092,2693845,Billbergia minarum L.B.Sm.,7
3093,2693871,Billbergia meyeri Mez,20
3094,2693875,Billbergia horrida Regel,20
3095,2693884,Billbergia iridifolia (Nees & Mart.) Lindl.,20
3096,2693888,Billbergia sanderiana É.Morren,20
3097,2693968,Neoregelia laevis (Mez) L.B.Sm.,20
3098,2693977,Neoregelia marmorata (Baker) L.B.Sm.,20
3099,2694041,Neoregelia princeps (Baker) L.B.Sm.,13
3100,2694123,Neoregelia johannis (Carrière) L.B.Sm.,20
3101,2694140,Neoregelia farinosa (Ule) L.B.Sm.,20
3102,2694233,Neoregelia compacta (Mez) L.B.Sm.,20
3103,2694283,Wittrockia superba Lindm.,20
3104,2694306,Wittrockia cyathiformis (Vell.) Leme,20
3105,2694326,Edmundoa lindenii (Regel) Leme,20
3106,2694459,Portea fosteriana L.B.Sm.,19
3107,2694462,Portea alatisepala Philcox,19
3108,2694464,Cottendorfia florida Schult. & Schult.f.,20
3109,2694927,Tillandsia pruinosa Sw.,20
3110,2695026,Tillandsia gardneri Lindl.,20
3111,2695114,Tillandsia tenuifolia L.,20
3112,2695136,Tillandsia neglecta E.Pereira,14
3113,2695180,Tillandsia aeranthos (Loisel.) L.B.Sm.,17
3114,2695286,Tillandsia loliacea Mart. ex Schult. & Schult.f.,20
3115,2695323,Tillandsia kautskyi E.Pereira,20
3116,2695342,Tillandsia adpressiflora Mez,20
3117,2695421,Tillandsia streptocarpa Baker,20
3118,2695435,Tillandsia mallemontii Glaz. ex Mez,20
3119,2695564,Tillandsia polystachia (L.) L.,20
3120,2695645,Tillandsia bulbosa Hook.,20
3121,2695697,Tillandsia globosa Wawra,20
3122,2695741,Tillandsia pohliana Mez,20
3123,2695746,Tillandsia araujei Mez,20
3124,2695923,Tillandsia sprengeliana Klotzsch ex Mez,11
3125,2695963,Tillandsia didisticha (É.Morren) Baker,20
3126,2696538,Quesnelia quesneliana (Brongn.) L.B.Sm.,20
3127,2696560,Quesnelia kautskyi C.M.Vieira,20
3128,2696565,Quesnelia marmorata (Lem.) Read,20
3129,2696601,Dyckia heloisae L.B.Sm.,5
3130,2697606,Orthophytum foliosum L.B.Sm.,20
3131,2697613,Sincoraea amoena Ule,20
3132,2697637,Nidularium cariacicaense (W.Weber) Leme,20
3133,2697654,Nidularium antoineanum Wawra,20
3134,2697668,Canistropsis billbergioides (Schult. & Schult.f.) Leme,20
3135,2697686,Nidularium longiflorum Ule,20
3136,2697691,Nidularium kautskyanum Leme,13
3137,2697698,Nidularium angustifolium Ule,19
3138,2697710,Nidularium angustibracteatum Leme,20
3139,2697726,Nidularium amazonicum (Baker) Linden & É.Morren ex Lindm.,20
3140,2697762,Nidularium innocentii Lem.,20
3141,2697815,Aechmea ramosa Mart. ex Schult. & Schult.f.,20
3142,2697845,Aechmea kertesziae Reitz,20
3143,2697849,Aechmea setigera Mart. ex Schult. & Schult.f.,20
3144,2697872,Aechmea perforata L.B.Sm.,20
3145,2697884,Aechmea bambusoides L.B.Sm. & Reitz,20
3146,2697899,Aechmea macrochlamys L.B.Sm.,20
3147,2697900,"Aechmea vallerandii (Carrière) Erhardt, Götz & Seybold",20
3148,2697920,Aechmea pedicellata Leme & H.Luther,5
3149,2697959,Aechmea pectinata Baker,20
3150,2697976,Aechmea coelestis (K.Koch) E.Morren,19
3151,2697985,Aechmea mertensii (G.Mey.) Schult. & Schult.f.,20
3152,2698002,Aechmea weilbachii Didr.,20
3153,2698107,Aechmea calyculata (É.Morren) Baker,20
3154,2698159,Aechmea digitata L.B.Sm. & Read,16
3155,2698162,Aechmea bocainensis E.Pereira & Leme,20
3156,2698202,Aechmea triangularis L.B.Sm.,20
3157,2698275,Aechmea blumenavii Reitz,20
3158,2698310,Aechmea gracilis Lindm.,20
3159,2698340,Aechmea blanchetiana (Baker) L.B.Sm.,20
3160,2698376,Aechmea lamarchei Mez,20
3161,2698386,Aechmea recurvata (Klotzsch) L.B.Sm.,20
3162,2698409,Aechmea dealbata É.Morren ex Baker,19
3163,2698412,Aechmea fulgens Brongn.,20
3164,2698421,Aechmea aquilega (Salisb.) Griseb.,20
3165,2698439,Aechmea wittmackiana (Regel) Mez,17
3166,2698460,Aechmea pineliana (Brongn. ex Planch.) Baker,20
3167,2698477,Aechmea marauensis Leme,19
3168,2698630,Aechmea rubens (L.B.Sm.) L.B.Sm.,20
3169,2698655,Aechmea bromeliifolia (Rudge) Baker,18
3170,2698687,Aechmea leptantha (Harms) Leme & J.A.Siqueira,20
3171,2699018,Guzmania monostachia (L.) Rusby ex Mez,20
3172,2699095,Guzmania lingulata (L.) Mez,20
3173,2699185,Guzmania melinonis Regel,20
3174,2699258,Guzmania brasiliensis Ule,20
3175,2699290,Hohenbergia pennae E.Pereira,20
3176,2699291,Hohenbergia brachycephala L.B.Sm.,19
3177,2699319,Hohenbergia catingae Ule,20
3178,2699549,Dyckia maritima Baker,19
3179,2699558,Dyckia bracteata (Wittm.) Mez,20
3180,2699604,Dyckia microcalyx Baker,20
3181,2699668,Dyckia macedoi L.B.Sm.,20
3182,2699699,Dyckia minarum Mez,19
3183,2699706,Dyckia densiflora Schult. & Schult.f.,10
3184,2699725,Dyckia brevifolia Baker,20
3185,2699741,Dyckia braunii Rauh,20
3186,2699745,Dyckia marnier-lapostollei L.B.Sm.,20
3187,2699947,Alcantarea regina (Vell.) Harms,20
3188,2699985,Alcantarea extensa (L.B.Sm.) J.R.Grant,20
3189,2700828,Luzula campestris (L.) DC.,20
3190,2701311,Juncus effusus L.,20
3191,2702084,Juncus tenuis Willd.,20
3192,2702462,Ischaemum rugosum Salisb.,20
3193,2702503,Melinis minutiflora P.Beauv.,20
3194,2702504,Melinis repens (Willd.) Zizka,20
3195,2702522,Eriochloa punctata (L.) Ham.,20
3196,2702793,Briza minor L.,20
3197,2702804,Echinochloa crus-pavonis (Kunth) Schult.,20
3198,2702808,Echinochloa crus-galli (L.) P.Beauv.,20
3199,2702854,Lasiacis sorghoidea (Ham.) Hitchc. & Chase,20
3200,2703246,Hyparrhenia rufa (Nees) Stapf,20
3201,2703323,Lithachne pauciflora (Sw.) P.Beauv.,20
3202,2703453,Tripogon spicatus (Nees) Ekman,18
3203,2703456,Oryza latifolia Desv.,19
3204,2703641,Pharus latifolius L.,20
3205,2703885,Leptochloa virgata (L.) P.Beauv.,20
3206,2703930,Saccharum giganteum (Walter) Pers.,20
3207,2704075,Rottboellia cochinchinensis (Lour.) Clayton,20
3208,2704414,Sorghastrum nutans (L.) Nash,20
3209,2704447,Schizachyrium tenerum Nees,20
3210,2704451,Schizachyrium condensatum (Kunth) Nees,20
3211,2704505,Arrhenatherum elatius (L.) P.Beauv. ex J.Presl & C.Presl,20
3212,2704523,Cortaderia selloana (Schult. & Schult.f.) Asch. & Graebn.,20
3213,2704740,Zoysia matrella (L.) Merr.,20
3214,2704745,Sporobolus virginicus (L.) Kunth,20
3215,2704757,Sporobolus indicus (L.) R.Br.,20
3216,2704798,Sporobolus purpurascens (Sw.) Ham.,20
3217,2705066,Panicum hirticaule J.Presl,20
3218,2705068,Panicum trichoides Sw.,20
3219,2705093,Panicum repens L.,20
3220,2705162,Panicum capillare L.,20
3221,2705169,Panicum trichanthum Nees,19
3222,2705185,Sorghum halepense (L.) Pers.,20
3223,2705228,Catapodium rigidum (L.) C.E.Hubb.,20
3224,2705275,Cymbopogon citratus (DC.) Stapf,20
3225,2705297,Avena fatua L.,20
3226,2705300,Avena barbata Pott ex Link,20
3227,2705308,Dactylis glomerata L.,20
3228,2705323,"Eragrostis hypnoides (Lam.) Britton, Sterns & Poggenb.",20
3229,2705350,Eragrostis plana Nees,20
3230,2705378,Eragrostis curvula (Schrad.) Nees,20
3231,2705397,Eragrostis tenuifolia (A.Rich.) Hochst. ex Steud.,20
3232,2705400,Eragrostis pilosa (L.) P.Beauv.,20
3233,2705409,Eragrostis secundiflora J.Presl,20
3234,2705419,Eragrostis airoides Nees,19
3235,2705420,Eragrostis pectinacea (Michx.) Nees,20
3236,2705432,Eragrostis lugens Nees,20
3237,2705452,Eragrostis bahiensis Schult.,20
3238,2705464,Mnesithea granularis (L.) de Koning & Sosef,20
3239,2705565,Paspalum dilatatum Poir.,20
3240,2705584,Paspalum plicatulum Michx.,20
3241,2705587,Paspalum paniculatum L.,20
3242,2705598,Paspalum acuminatum Raddi,20
3243,2705613,Paspalum maritimum Trin.,20
3244,2705637,Paspalum nicorae Parodi,19
3245,2705650,Paspalum urvillei Steud.,20
3246,2705655,Paspalum repens P.J.Bergius,20
3247,2705762,Bambusa tuldoides Munro,20
3248,2705837,Urochloa arrecta (Hack.) Morrone & Zuloaga,16
3249,2705848,Urochloa mutica (Forssk.) T.Q.Nguyen,20
3250,2705863,Urochloa ruziziensis (R.Germ. & C.M.Evrard) Crins,20
3251,2705933,Axonopus affinis Chase,18
3252,2705966,Secale cereale L.,19
3253,2705975,Anthoxanthum odoratum L.,20
3254,2706096,Andropogon leucostachyus Kunth,18
3255,2706112,Andropogon gayanus Kunth,20
3256,2706177,Luziola peruviana J.F.Gmel.,20
3257,2706180,Luziola bahiensis (Steud.) Hitchc.,20
3258,2706241,Lolium perenne L.,20
3259,2706242,Lolium temulentum L.,17
3260,2706490,Agrostis capillaris L.,20
3261,2707877,Mayaca longipes Mart. ex Seub.,19
3262,2707904,Cyperus trigynus Spreng.,20
3263,2708266,Fimbristylis aestivalis (Retz.) Vahl,20
3264,2708407,Abildgaardia ovata (Burm.f.) Kral,20
3265,2708680,Fimbristylis complanata (Retz.) Link,20
3266,2708808,Fimbristylis dichotoma (L.) Vahl,20
3267,2709016,Fimbristylis vahlii (Lam.) Link,20
3268,2709087,Fimbristylis littoralis var. koidzumiana (Ohwi) T.Koyama,20
3269,2709404,Hypolytrum schraderianum Nees,17
3270,2710765,Schoenoplectiella supina (L.) Lye,20
3271,2710884,Cyperus blepharoleptos Steud.,20
3272,2710941,Schoenoplectus lacustris (L.) Palla,20
3273,2711157,Schoenoplectus tabernaemontani (C.C.Gmel.) Palla,20
3274,2711871,Trilepis microstachya (C.B.Clarke) H.Pfeiff.,16
3275,2712101,Pleurostachys gaudichaudii Brongn.,15
3276,2712104,Rhynchospora orbignyana (Brongn.) L.B.Sm.,16
3277,2712171,Rhynchospora scalaris L.B.Sm.,18
3278,2712288,Scleria huberi C.B.Clarke,18
3279,2712318,Scleria violacea Pilg.,19
3280,2712333,Scleria ciliata Michx.,20
3281,2712448,Scleria balansae Maury ex Micheli,12
3282,2712490,Scleria verticillata Muhl. ex Willd.,20
3283,2712635,Scleria myricocarpa Kunth,18
3284,2713479,Cyperus compressus L.,20
3285,2713662,Cyperus aggregatus (Willd.) Endl.,20
3286,2714084,Cyperus dichromeniformis Kunth,15
3287,2714156,Cyperus alternifolius L.,20
3288,2714679,Cyperus luzulae (L.) Retz.,20
3289,2714722,Cyperus reflexus Vahl,20
3290,2714758,Cyperus coriifolius Boeckeler,17
3291,2714818,Cyperus rotundus L.,20
3292,2715068,Cyperus ligularis L.,20
3293,2715274,Cyperus friburgensis Boeckeler,19
3294,2715295,Cyperus surinamensis Rottb.,20
3295,2715482,Cyperus eragrostis Lam.,20
3296,2715729,Cyperus iria L.,20
3297,2715757,Cyperus entrerianus Boeckeler,20
3298,2715828,Cyperus haspan L.,20
3299,2715950,Cyperus schomburgkianus Nees,15
3300,2716055,Cyperus crassipes Vahl,20
3301,2716311,Cyperus papyrus L.,20
3302,2716410,Cyperus intricatus Schrad. ex Schult.,12
3303,2716420,Cyperus virens Michx.,20
3304,2716444,Cyperus amabilis Vahl,20
3305,2716750,Cyperus hermaphroditus (Jacq.) Standl.,20
3306,2716972,Eleocharis interstincta (Vahl) Roem. & Schult.,20
3307,2717758,Eleocharis nudipes (Kunth) Palla,19
3308,2718307,Bolboschoenus maritimus (L.) Palla,20
3309,2718562,Diplacrum guianense (Nees) T.Koyama,20
3310,2719069,Fuirena robusta Kunth,12
3311,2720622,Rhynchospora tenerrima Nees ex Spreng.,20
3312,2720706,Rhynchospora holoschoenoides (Rich.) Herter,20
3313,2720791,Rhynchospora globosa (Kunth) Roem. & Schult.,20
3314,2721017,Rhynchospora organensis C.B.Clarke,18
3315,2721090,Rhynchospora riparia (Nees) Boeckeler,20
3316,2721160,Rhynchospora consanguinea (Kunth) Boeckeler,20
3317,2721237,Rhynchospora pubera (Vahl) Boeckeler,20
3318,2721307,Rhynchospora nervosa (Vahl) Boeckeler,20
3319,2721321,Rhynchospora ciliata (G.Mey.) Kük.,16
3320,2721342,Rhynchospora gigantea Link,20
3321,2721495,Rhynchospora corymbosa (L.) Britton,20
3322,2721655,Rhynchospora cephalotes (L.) Vahl,20
3323,2724268,Carex brasiliensis A.St.-Hil.,20
3324,2730059,Calyptrocarya poeppigiana Kunth,16
3325,2730407,Cyperus polystachyos Rottb.,20
3326,2730506,Cyperus niger Ruiz & Pav.,20
3327,2730544,Cyperus megapotamicus (A.Dietr.) Kunth,15
3328,2730887,Cyperus fugax Liebm.,16
3329,2731082,Cyperus pedunculatus (R.Br.) J.Kern,20
3330,2731327,Cladium mariscus (L.) Pohl,20
3331,2731705,Thurnia jenmanii Hook.f.,17
3332,2731882,Elaeis guineensis Jacq.,20
3333,2732027,Allagoptera campestris (Mart.) Kuntze,20
3334,2732033,Allagoptera leucocalyx (Drude) Kuntze,20
3335,2732489,Sabal bermudana L.H.Bailey,20
3336,2732609,Archontophoenix alexandrae (F.Muell.) H.Wendl. & Drude,20
3337,2732669,Attalea oleifera Barb.Rodr.,20
3338,2732743,Attalea compta Mart.,12
3339,2732744,Attalea dubia (Mart.) Burret,20
3340,2732758,Attalea phalerata Mart. ex Spreng.,20
3341,2732792,Attalea exigua Drude,20
3342,2733060,Bactris gasipaes Kunth,20
3343,2733118,Bactris acanthocarpa Mart.,20
3344,2733150,Bactris glassmanii Med.-Costa & Noblick ex A.J.Hend.,5
3345,2733179,Bactris glaucescens Drude,20
3346,2733183,Bactris hirta var. hirta,20
3347,2733238,Bactris vulgaris Barb.Rodr.,15
3348,2733328,Bactris caryotifolia Mart.,20
3349,2733372,Bactris ferruginea Burret,17
3350,2733377,Bactris setosa Mart.,20
3351,2733384,Astrocaryum aculeatum G.Mey.,20
3352,2733738,Roystonea oleracea (Jacq.) O.F.Cook,20
3353,2733750,Roystonea borinquena O.F.Cook,20
3354,2733755,Roystonea regia (Kunth) O.F.Cook,20
3355,2734237,Geonoma schottiana Mart.,20
3356,2734255,Geonoma elegans Mart.,20
3357,2734352,Geonoma pohliana Mart.,20
3358,2734367,Geonoma gamiova Barb.Rodr.,20
3359,2735117,Cocos nucifera L.,20
3360,2735187,Trithrinax brasiliensis Mart.,17
3361,2735454,Oenocarpus bacaba Mart.,20
3362,2736211,Butia capitata (Mart.) Becc.,20
3363,2736245,Butia microspadix Burret,14
3364,2736259,Butia paraguayensis (Barb.Rodr.) L.H.Bailey,20
3365,2736602,Areca vestiaria Giseke,20
3366,2736747,Rhapis excelsa (Thunb.) A.Henry,20
3367,2738100,Astrocaryum acaule Mart.,20
3368,2738136,Astrocaryum jauari Mart.,20
3369,2738262,Copernicia prunifera (Mill.) H.E.Moore,20
3370,2738754,Desmoncus orthacanthos Mart.,20
3371,2738831,Desmoncus polyacanthos Mart.,20
3372,2739116,Verschaffeltia splendida H.Wendl.,20
3373,2739148,Acrocomia aculeata (Jacq.) Lodd. ex Mart.,18
3374,2739279,Latania lontaroides (Gaertn.) H.E.Moore,20
3375,2739494,Pinanga coronata (Blume ex Mart.) Blume,20
3376,2742427,Dietes grandiflora N.E.Br.,20
3377,2742428,Dietes iridioides (L.) Sweet ex Klatt,20
3378,2742454,Dietes bicolor (Steud.) Sweet ex Klatt,20
3379,2744074,Kelissa brasiliensis (Baker) Ravenna,5
3380,2744102,Cipura paludosa Aubl.,20
3381,2745689,Neomarica caerulea (Ker Gawl.) Sprague,17
3382,2745701,Neomarica humilis (Klatt) Capell.,16
3383,2745713,Neomarica northiana (Schneev.) Sprague,16
3384,2745739,Neomarica gracilis (Herb.) Sprague,19
3385,2745759,Neomarica sabini (Lindl.) Chukr,17
3386,2745881,Cypella herbertii (Lindl.) Herb.,20
3387,2745927,Cypella crenata (Vell.) Ravenna,15
3388,2747084,Freesia refracta (Jacq.) Klatt,20
3389,2747939,Crocosmia × crocosmiiflora (Lemoine) N.E.Br.,20
3390,2749556,Eleutherine bulbosa (Mill.) Urb.,20
3391,2749643,Trimezia sincorana Ravenna,8
3392,2749648,Trimezia martinicensis (Jacq.) Herb.,20
3393,2750406,Gladiolus dalenii Van Geel,20
3394,2753135,Lilium regale E.H.Wilson,20
3395,2753675,Alstroemeria inodora Herb.,18
3396,2753696,Alstroemeria julieae M.C.Assis,5
3397,2753728,Alstroemeria ochracea M.C.Assis,20
3398,2753743,Alstroemeria psittacina Lehm.,20
3399,2753834,Alstroemeria apertiflora Baker,18
3400,2753842,Alstroemeria gardneri Baker,20
3401,2753888,Alstroemeria fuscovinosa Ravenna,20
3402,2753948,Bomarea rosea (Ruiz & Pav.) Herb.,14
3403,2754028,Bomarea edulis (Tussac) Herb.,20
3404,2754381,Dioscorea multiflora Mart. ex Griseb.,20
3405,2754467,Dioscorea laxiflora Mart. ex Griseb.,20
3406,2754536,Dioscorea glandulosa (Griseb.) Klotzsch ex Kunth,20
3407,2754617,Dioscorea grisebachii Kunth,19
3408,2754637,Dioscorea trisecta Griseb.,20
3409,2754687,Dioscorea mucronata Uline ex R.Knuth,20
3410,2754923,Dioscorea dodecaneura Vell.,20
3411,2754981,Dioscorea rumicoides Griseb.,18
3412,2755093,Dioscorea galiiflora R.Knuth,14
3413,2755132,Dioscorea subhastata Vell.,19
3414,2755160,Dioscorea monadelpha (Kunth) Griseb.,19
3415,2755227,"Dioscorea pseudomacrocapsa G.M.Barroso, E.F.Guim. & Sucre",20
3416,2755299,Dioscorea mollis Kunth,18
3417,2755313,Dioscorea acanthogene Rusby,20
3418,2755323,Dioscorea leptostachya Gardner,16
3419,2755387,Dioscorea sincorensis R.Knuth,17
3420,2755410,Dioscorea marginata Griseb.,20
3421,2755614,Dioscorea stegelmanniana R.Knuth,17
3422,2755642,Dioscorea amaranthoides C.Presl,18
3423,2756396,Dictyostega orobanchoides subsp. parviflora (Benth.) Snelders & Maas,20
3424,2756443,Thismia panamensis (Standl.) Jonker,20
3425,2756534,Campylosiphon purpurascens Benth.,20
3426,2756818,Costus arabicus L.,20
3427,2756867,Costus spiralis (Jacq.) Roscoe,20
3428,2756885,Costus scaber Ruiz & Pav.,20
3429,2756925,Costus spicatus (Jacq.) Sw.,20
3430,2756961,Costus guanaiensis var. macrostrobilus (K.Schum.) Maas,20
3431,2757280,Zingiber officinale Roscoe,20
3432,2758601,Hedychium flavescens Carey ex Roscoe,20
3433,2758700,Hedychium gardnerianum Sheph. ex Ker Gawl.,20
3434,2758716,Hedychium coccineum Buch.-Ham. ex Sm.,20
3435,2759896,Etlingera elatior (Jack) R.M.Sm.,20
3436,2760669,Heliconia psittacorum L.f.,20
3437,2760714,Heliconia richardiana Miq.,20
3438,2760766,Heliconia hirsuta L.f.,20
3439,2760887,Heliconia farinosa Raddi,20
3440,2760940,Heliconia latispatha Benth.,20
3441,2760973,Heliconia episcopalis Vell.,20
3442,2760977,Heliconia subulata Ruiz & Pav.,20
3443,2761003,Myrosma cannifolia L.f.,20
3444,2761031,Ischnosiphon ovatus Körn.,19
3445,2761036,Ischnosiphon gracilis (Rudge) Körn.,20
3446,2761057,Ischnosiphon martianus Eichler ex Petersen,20
3447,2761068,Ischnosiphon puberulus Loes.,20
3448,2761256,Stromanthe schottiana (Körn.) Eichler,20
3449,2761303,Maranta orbiculata (Körn.) K.Schum.,20
3450,2761326,Maranta protracta Miq.,15
3451,2761367,Maranta sobolifera L.Andersson,20
3452,2761390,Maranta zingiberina L.Andersson,19
3453,2761395,Maranta noctiflora Regel & Körn.,14
3454,2762100,Saranthe madagascariensis (Benth.) K.Schum.,16
3455,2762107,Saranthe eichleri Petersen,20
3456,2762309,Monotagma densiflorum (Körn.) K.Schum.,20
3457,2762408,Ctenanthe compressa (A.Dietr.) Eichler,20
3458,2762418,Ctenanthe luschnathiana (Regel & Körn.) Eichler,7
3459,2762420,Ctenanthe lanceolata Petersen,18
3460,2762421,Ctenanthe muelleri Petersen,20
3461,2762422,Ctenanthe setosa (Roscoe) Eichler,19
3462,2762435,Ctenanthe lubbersiana (É.Morren) Eichler ex Petersen,18
3463,2762442,Ctenanthe marantifolia (Vell.) J.M.A.Braga & H.Gomes,20
3464,2762752,Musa × paradisiaca L.,20
3465,2762950,Musa balbisiana Colla,20
3466,2762971,Musa velutina H.Wendl. & Drude,20
3467,2763116,Strelitzia reginae Banks,20
3468,2763146,Phenakospermum guyannense (A.Rich.) Endl. ex Miq.,20
3469,2763593,Dichorisandra gaudichaudiana Kunth,20
3470,2763609,Dichorisandra penduliflora Kunth,20
3471,2763658,Dichorisandra acaulis Cogn.,20
3472,2763941,Commelina benghalensis L.,20
3473,2763970,Commelina rufipes var. glabrata (D.R.Hunt) Faden & D.R.Hunt,20
3474,2764039,Commelina platyphylla Klotzsch ex Seub.,20
3475,2764202,Commelina diffusa Burm.f.,20
3476,2764337,Commelina obliqua Vahl,20
3477,2764872,Gibasis geniculata (Jacq.) Rohweder,20
3478,2764892,Gibasis pellucida (M.Martens & Galeotti) D.R.Hunt,20
3479,2765134,Tradescantia zanonia (L.) Sw.,20
3480,2765156,Tradescantia fluminensis Vell.,20
3481,2765158,Tradescantia mundula Kunth,20
3482,2765160,Tradescantia tenella Kunth,20
3483,2765221,Tradescantia pallida (Rose) D.R.Hunt,20
3484,2765248,Tradescantia umbraculifera Hand.-Mazz.,20
3485,2765308,Tradescantia ambigua Mart. ex Schult. & Schult.f.,20
3486,2765318,Tradescantia cerinthoides Kunth,20
3487,2765359,Tradescantia zebrina Bosse,20
3488,2765378,Tripogandra diuretica (Mart.) Handlos,20
3489,2765547,Floscopa hirsuta (Kunth) Hassk.,20
3490,2765942,Pontederia crassipes Mart.,20
3491,2765966,Pontederia paniculata Spreng.,20
3492,2766030,Pontederia cordata L.,20
3493,2766047,Pontederia subovata (Seub.) Lowden,20
3494,2766055,Pontederia rotundifolia L.f.,20
3495,2766139,Heteranthera oblongifolia Mart. ex Schult. & Schult.f.,20
3496,2766146,Heteranthera zosterifolia Mart.,20
3497,2766151,Heteranthera reniformis Ruiz & Pav.,20
3498,2766169,Heteranthera rotundifolia (Kunth) Griseb.,20
3499,2766278,Cordyline fruticosa (L.) A.Chev.,20
3500,2766387,Cordyline spectabilis Kunth & C.D.Bouché,13
3501,2766613,Agave attenuata Salm-Dyck,20
3502,2766846,Agave angustifolia Haw.,20
3503,2767031,Agave americana L.,20
3504,2767123,Agave fourcroydes Lem.,20
3505,2768503,Asparagus densiflorus (Kunth) Jessop,20
3506,2768686,Asparagus setaceus (Kunth) Jessop,20
3507,2769766,Ruscus aculeatus L.,20
3508,2769796,Furcraea foetida (L.) Haw.,20
3509,2771375,Herreria glaziovii Lecomte,16
3510,2775619,Yucca gloriosa L.,20
3511,2775716,Yucca gigantea Lem.,20
3512,2775744,Yucca aloifolia L.,20
3513,2777273,Aloe spicata L.f.,20
3514,2777537,Aloe arborescens Mill.,20
3515,2781074,Hemerocallis fulva (L.) L.,20
3516,2781774,Aspidogyne argentea (Vell.) Garay,20
3517,2781786,Microchilus foliosus (Poepp. & Endl.) D.Dietr.,19
3518,2781816,Aspidogyne bruxelii (Pabst) Garay,10
3519,2782673,Anathallis aristulata (Lindl.) Luer,19
3520,2782687,Anathallis linearifolia (Cogn.) Pridgeon & M.W.Chase,19
3521,2782801,Anathallis pusilla (Barb.Rodr.) F.Barros,7
3522,2782826,Anathallis sclerophylla (Lindl.) Pridgeon & M.W.Chase,17
3523,2782842,Anathallis dryadum (Schltr.) F.Barros,18
3524,2782847,Anathallis pubipetala (Hoehne) Pridgeon & M.W.Chase,7
3525,2782856,Pleurothallis brevipes H.Focke,15
3526,2782917,Anathallis obovata (Lindl.) Pridgeon & M.W.Chase,18
3527,2782947,Anathallis bleyensis (Pabst) F.Barros,5
3528,2783046,Anathallis rubens (Lindl.) Pridgeon & M.W.Chase,20
3529,2783537,Cirrhaea dependens (Lodd.) Loudon,16
3530,2785162,Barbosella australis (Cogn.) Schltr.,11
3531,2785217,Barbosella orbicularis Luer,10
3532,2785220,Barbosella macaheensis (Cogn.) Luer,7
3533,2785859,Cleistes montana Gardner,20
3534,2785876,Cleistes rosea Lindl.,20
3535,2785967,Cleistes paranaensis (Barb.Rodr.) Schltr.,20
3536,2786243,Acianthera alborosea (Kraenzl.) Luer,5
3537,2786753,Pabstiella sordida (Kraenzl.) Luer,19
3538,2786810,Pabstiella bradei (Schltr.) Luer,9
3539,2786895,Pabstiella quadridentata (Barb.Rodr.) Luer,17
3540,2787104,Pabstiella cordilabia (Pabst) Luer,11
3541,2787192,Pabstiella versicolor (Porsch) Luer,12
3542,2787293,Pleurothallis lingua Lindl.,14
3543,2787341,Pabstiella lineolata (Barb.Rodr.) Luer,6
3544,2787345,Pabstiella matinhensis (Hoehne) Luer,17
3545,2788035,Wullschlaegelia aphylla (Sw.) Rchb.f.,20
3546,2789792,Cranichis candida (Barb.Rodr.) Cogn.,20
3547,2789983,Dichaea trulla Rchb.f.,20
3548,2790005,Dichaea calyculata Poepp. & Endl.,20
3549,2790468,Eltroplectris calcarata (Sw.) Garay & H.R.Sweet,20
3550,2790484,Eltroplectris triloba (Lindl.) Pabst,20
3551,2790493,Eltroplectris schlechteriana (Porto & Brade) Pabst,9
3552,2790732,Platystele oxyglossa (Schltr.) Garay,20
3553,2791305,Cochleanthes flabelliformis (Sw.) R.E.Schult. & Garay,14
3554,2791949,Loefgrenianthus blancheamesii (Loefgr.) Hoehne,14
3555,2792004,Polystachya foliosa (Hook.) Rchb.f.,20
3556,2792021,Polystachya caracasana Rchb.f.,8
3557,2792457,Polystachya concreta (Jacq.) Garay & H.R.Sweet,20
3558,2794015,Prosthechea aemula (Lindl.) W.E.Higgins,20
3559,2794024,Prosthechea vespa (Vell.) W.E.Higgins,20
3560,2794075,Prosthechea pygmaea (Hook.) W.E.Higgins,20
3561,2794271,Prosthechea calamaria (Lindl.) W.E.Higgins,20
3562,2794328,Prosthechea fragrans (Sw.) W.E.Higgins,20
3563,2794447,Prosthechea moojenii (Pabst) W.E.Higgins,15
3564,2794467,Prosthechea fausta (Rchb.f. ex Cogn.) W.E.Higgins,20
3565,2794591,Bletia catenulata Ruiz & Pav.,20
3566,2796019,Bifrenaria mellicolor Rchb.f.,9
3567,2796022,Bifrenaria inodora Lindl.,20
3568,2796032,Bifrenaria harrisoniae (Hook.) Rchb.f.,20
3569,2796089,Bifrenaria vitellina (Lindl.) Lindl.,20
3570,2796109,Bifrenaria aureofulva (Hook.) Lindl.,20
3571,2797094,Sarcoglottis curvisepala Szlach. & Rutk.,7
3572,2797128,Sarcoglottis homalogastra (Rchb.f. & Warm.) Schltr.,10
3573,2797213,Sarcoglottis acaulis (Sm.) Schltr.,20
3574,2797248,Uleiorchis ulei (Cogn.) Handro,16
3575,2797465,Sobralia macrophylla Rchb.f.,20
3576,2797557,Sobralia sessilis Lindl.,20
3577,2797564,Cattleya violacea (Kunth) Rolfe,17
3578,2797700,Isochilus linearis (Jacq.) R.Br.,20
3579,2798703,Skeptrostachys rupestris (Lindl.) Garay,9
3580,2799588,Pleurothallis ochracea Porsch,15
3581,2800863,Cattleya harrisoniana Bateman ex Lindl.,20
3582,2800974,Cattleya elongata Barb.Rodr.,20
3583,2801082,Cattleya tigrina A.Rich.,20
3584,2801141,Cattleya intermedia Graham ex Hook.,20
3585,2801401,Trizeuxis falcata Lindl.,20
3586,2801418,Corymborkis flava (Sw.) Kuntze,20
3587,2801872,Myoxanthus punctatus (Barb.Rodr.) Luer,17
3588,2801915,Myoxanthus lonchophyllus (Barb.Rodr.) Luer,15
3589,2801927,Myoxanthus exasperatus (Lindl.) Luer,19
3590,2802528,Promenaea stapelioides (Link & Otto) Lindl.,20
3591,2803042,Zeuxine strateumatica (L.) Schltr.,20
3592,2803330,Vanilla phaeantha Rchb.f.,20
3593,2803422,Vanilla parvifolia Barb.Rodr.,10
3594,2803444,Vanilla palmarum (Salzm. ex Lindl.) Lindl.,20
3595,2803633,Miltonia moreliana A.Rich.,19
3596,2803638,Miltonia regnellii Rchb.f.,20
3597,2803646,Miltonia spectabilis Lindl.,20
3598,2803664,Miltonia clowesii (Lindl.) Lindl.,20
3599,2803669,Miltonia flavescens (Lindl.) Lindl.,20
3600,2803720,Catasetum osculatum Lacerda & V.P.Castro,20
3601,2803775,Catasetum roseoalbum (Hook.) Lindl.,20
3602,2803793,Catasetum schmidtianum F.E.L.Miranda & K.G.Lacerda,5
3603,2803797,Catasetum fimbriatum (C.Morren) Lindl.,20
3604,2803839,Catasetum cernuum (Lindl.) Rchb.f.,20
3605,2803850,Catasetum confusum G.A.Romero,14
3606,2803879,Catasetum juruenense Hoehne,13
3607,2803914,Catasetum purum Nees & Sinning,19
3608,2803934,Catasetum denticulatum F.E.L.Miranda,8
3609,2804004,Catasetum luridum (Link) Lindl.,20
3610,2804041,Catasetum arietinum F.E.L.Miranda & K.G.Lacerda,12
3611,2804043,Catasetum gardneri Schltr.,20
3612,2804049,Catasetum macrocarpum Rich. ex Kunth,20
3613,2804070,Catasetum discolor (Lindl.) Lindl.,20
3614,2806982,Phymatidium aquinoi Schltr.,9
3615,2806991,Phymatidium glaziovii Toscano,6
3616,2806994,Phymatidium microphyllum (Barb.Rodr.) Toscano,6
3617,2807001,Phymatidium hysteranthum Barb.Rodr.,19
3618,2807489,Cyclopogon longibracteatus (Barb.Rodr.) Schltr.,18
3619,2807501,Cyclopogon graciliscapus Schltr.,6
3620,2807590,Cyclopogon argyrifolius (Barb.Rodr.) Barb.Rodr.,19
3621,2807626,Cyclopogon elegans Hoehne,15
3622,2807711,Cyclopogon elatus (Sw.) Schltr.,20
3623,2807734,Cyclopogon multiflorus Schltr.,6
3624,2807812,Malaxis parthoni C.Morren,20
3625,2808161,Malaxis warmingii (Rchb.f.) Kuntze,7
3626,2808280,Hylaeorchis petiolaris (Schltr.) Carnevali & G.A.Romero,16
3627,2808912,Sacoila lanceolata (Aubl.) Garay,20
3628,2809595,Zygostates dasyrhiza (Kraenzl.) Schltr.,20
3629,2809599,Zygostates lunata Lindl.,20
3630,2809622,Zygostates alleniana Kraenzl.,20
3631,2809638,Zygostates multiflora (Rolfe) Schltr.,14
3632,2809643,Zygostates pellucida Rchb.f.,20
3633,2811916,Cattleya lobata Lindl.,20
3634,2811980,Cattleya acuensis (Fowlie) Van den Berg,20
3635,2812081,Cattleya cinnabarina (Bateman ex Lindl.) Van den Berg,20
3636,2812096,Cattleya mantiqueirae (Fowlie) Van den Berg,20
3637,2812125,Cattleya crispa Lindl.,20
3638,2812519,Cyanaeorchis arundinae (Rchb.f.) Barb.Rodr.,17
3639,2813261,Gomesa gomezoides (Barb.Rodr.) Pabst,19
3640,2816572,Brachionidium restrepioides (Hoehne) Pabst,13
3641,2816752,Pseudolaelia corcovadensis Porto & Brade,20
3642,2816761,Pseudolaelia citrina Pabst,13
3643,2816823,Sauroglossum elatum Lindl.,20
3644,2816982,Octomeria warmingii Rchb.f.,10
3645,2816988,Octomeria decumbens Cogn.,13
3646,2817007,Octomeria alexandri Schltr.,10
3647,2817009,Octomeria estrellensis Hoehne,9
3648,2817018,Octomeria grandiflora Lindl.,20
3649,2817051,Octomeria pusilla Lindl.,7
3650,2817059,Octomeria crassifolia Lindl.,20
3651,2817070,Octomeria linearifolia Barb.Rodr.,18
3652,2817127,Octomeria octomeriantha (Hoehne) Pabst,14
3653,2817131,Octomeria diaphana Lindl.,20
3654,2817132,Octomeria micrantha Barb.Rodr.,5
3655,2817141,Octomeria tricolor Rchb.f.,20
3656,2817915,Pelexia novofriburgensis (Rchb.f.) Garay,20
3657,2820702,Grobya galeata Lindl.,14
3658,2820703,Grobya amherstiae Lindl.,20
3659,2820797,Campylocentrum spannagelii Hoehne,20
3660,2820810,Campylocentrum micranthum (Lindl.) Rolfe,20
3661,2820877,Campylocentrum robustum Cogn.,16
3662,2820889,Campylocentrum grisebachii Cogn.,20
3663,2820905,Campylocentrum neglectum (Rchb.f. & Warm.) Cogn.,16
3664,2820979,Galeandra beyrichii Rchb.f.,20
3665,2820990,Galeandra devoniana R.H.Schomb. ex Lindl.,20
3666,2821013,Galeandra paraguayensis Cogn.,16
3667,2825683,Dryadella lilliputiana (Cogn.) Luer,19
3668,2827090,Encyclia mapuerae (Huber) Brade & Pabst,18
3669,2827213,Encyclia alboxanthina Fowlie,20
3670,2827240,Encyclia oncidioides (Lindl.) Schltr.,20
3671,2827328,Encyclia jenischiana (Rchb.f.) Porto & Brade,20
3672,2827400,Encyclia argentinensis (Speg.) Hoehne,20
3673,2828376,Habenaria montevidensis Spreng.,19
3674,2828401,Habenaria regnellii Cogn.,16
3675,2828417,Habenaria jaguariahyvae Kraenzl.,13
3676,2828573,Habenaria nuda Lindl.,18
3677,2828640,Habenaria henscheniana Barb.Rodr.,14
3678,2828781,Habenaria melanopoda Hoehne & Schltr.,15
3679,2828880,Habenaria caldensis Kraenzl.,17
3680,2829262,Habenaria orchiocalcar Hoehne,8
3681,2829303,Habenaria trifida Kunth,20
3682,2829330,Habenaria humilis Cogn.,14
3683,2829460,Habenaria montis-wilhelminae Renz,11
3684,2829463,Habenaria tamanduensis Schltr.,8
3685,2829507,Habenaria bractescens Lindl.,20
3686,2829605,Habenaria magniscutata Catling,10
3687,2829769,Habenaria obtusa Lindl.,20
3688,2829800,Habenaria araneiflora Barb.Rodr.,18
3689,2829849,Habenaria gourlieana Gillies ex Lindl.,20
3690,2829928,Habenaria josephensis Barb.Rodr.,20
3691,2829996,Habenaria johannensis Barb.Rodr.,14
3692,2830046,Habenaria repens Nutt.,20
3693,2832117,Pabstiella tripterantha (Rchb.f.) F.Barros,17
3694,2832146,Pabstiella yauaperyensis (Barb.Rodr.) F.Barros,13
3695,2832164,Pabstiella mirabilis (Schltr.) Brieger & Senghas,19
3696,2835180,Grandiphyllum divaricatum (Lindl.) Docha Neto,20
3697,2835368,Pabstiella trifida (Lindl.) Luer,20
3698,2835419,Pleurothallis uniflora Lindl.,17
3699,2835715,Specklinia picta (Lindl.) Pridgeon & M.W.Chase,20
3700,2835785,Specklinia subpicta (Schltr.) F.Barros,14
3701,2836355,Koellensteinia florida (Rchb.f.) Garay,17
3702,2836369,Koellensteinia tricolor (Lindl.) Rchb.f.,17
3703,2837000,Zygopetalum maculatum (Kunth) Garay,20
3704,2837026,Zygopetalum maxillare G.Lodd.,20
3705,2837034,Zygopetalum sellowii Rchb.f.,15
3706,2837065,Eurystyles actinosophila (Barb.Rodr.) Schltr.,20
3707,2837096,Eurystyles cotyledon Wawra,20
3708,2837106,Zootrophion atropurpureum (Lindl.) Luer,10
3709,2839068,Gongora bufonia Lindl.,20
3710,2839115,Gongora meneziana V.P.Castro & G.Gerlach,20
3711,2839199,Elleanthus linifolius C.Presl,16
3712,2839249,Elleanthus brasiliensis (Lindl.) Rchb.f.,20
3713,2839420,Acianthera purpureoviolacea (Cogn.) F.Barros,5
3714,2839428,Acianthera hygrophila (Barb.Rodr.) Pridgeon & M.W.Chase,20
3715,2839443,Acianthera oligantha (Barb.Rodr.) F.Barros,20
3716,2839445,Acianthera tricarinata (Poepp. & Endl.) Pridgeon & M.W.Chase,20
3717,2839474,Acianthera serpentula (Barb.Rodr.) F.Barros,17
3718,2839506,Acianthera cryptantha (Barb.Rodr.) Pridgeon & M.W.Chase,8
3719,2839525,Acianthera muscicola (Barb.Rodr.) Pridgeon & M.W.Chase,5
3720,2839553,Acianthera klotzschiana (Rchb.f.) Pridgeon & M.W.Chase,13
3721,2839606,Acianthera crinita (Barb.Rodr.) Pridgeon & M.W.Chase,14
3722,2839619,Pleurothallis convexifolia Barb.Rodr.,16
3723,2839637,Acianthera fenestrata (Barb.Rodr.) Pridgeon & M.W.Chase,11
3724,2839719,Acianthera bidentula (Barb.Rodr.) Pridgeon & M.W.Chase,9
3725,2839726,Acianthera limae (Porto & Brade) Pridgeon & M.W.Chase,20
3726,2839728,Acianthera pubescens (Lindl.) Pridgeon & M.W.Chase,20
3727,2839774,Acianthera capanemae (Barb.Rodr.) Pridgeon & M.W.Chase,20
3728,2839776,Acianthera glumacea (Lindl.) Pridgeon & M.W.Chase,20
3729,2839810,Acianthera hamosa (Barb.Rodr.) Pridgeon & M.W.Chase,8
3730,2839832,Acianthera strupifolia (Lindl.) Pridgeon & M.W.Chase,19
3731,2839842,Acianthera glanduligera (Lindl.) Luer,20
3732,2839853,Acianthera modestissima (Rchb.f. & Warm.) Pridgeon & M.W.Chase,14
3733,2839856,Acianthera saurocephala (G.Lodd.) Pridgeon & M.W.Chase,20
3734,2839916,Pleurothallis miqueliana (H.Focke) Lindl.,13
3735,2839942,Acianthera johannensis (Barb.Rodr.) Pridgeon & M.W.Chase,20
3736,2839953,Acianthera sonderiana (Rchb.f.) Pridgeon & M.W.Chase,20
3737,2839985,Acianthera exarticulata (Barb.Rodr.) Pridgeon & M.W.Chase,17
3738,2840033,Acianthera langeana (Kraenzl.) Pridgeon & M.W.Chase,5
3739,2840037,Acianthera pectinata (Lindl.) Pridgeon & M.W.Chase,20
3740,2840077,Acianthera adamantinensis (Brade) F.Barros,18
3741,2840088,Acianthera hystrix (Kraenzl.) F.Barros,19
3742,2840119,Oeceoclades maculata (Lindl.) Lindl.,19
3743,2840989,Brachystele camporum (Lindl.) Schltr.,20
3744,2841024,Brachystele guayanensis (Lindl.) Schltr.,19
3745,2841042,Govenia utriculata (Sw.) Lindl.,20
3746,2842606,Warrea warreana (Lodd. ex Lindl.) C.Schweinf.,20
3747,2842791,Bulbophyllum plumosum (Barb.Rodr.) Cogn.,8
3748,2843435,Bulbophyllum regnellii Rchb.f.,18
3749,2843701,Bulbophyllum glutinosum (Barb.Rodr.) Cogn.,12
3750,2844053,Bulbophyllum micropetaliforme Leite,20
3751,2844341,Bulbophyllum napellii Lindl.,20
3752,2844432,Bulbophyllum malachadenia Cogn.,6
3753,2844444,Bulbophyllum micranthum Barb.Rodr.,8
3754,2844535,Bulbophyllum granulosum Barb.Rodr.,20
3755,2845190,Bulbophyllum dusenii Kraenzl.,5
3756,2845584,Bulbophyllum tripetalum Lindl.,13
3757,2846181,Bulbophyllum chloroglossum Rchb.f.,11
3758,2846609,Trichocentrum fuscum Lindl.,20
3759,2847093,Scaphyglottis modesta (Rchb.f.) Schltr.,20
3760,2847139,Scaphyglottis sessilis (Rchb.f.) Foldats,20
3761,2847959,Capanemia carinata Barb.Rodr.,6
3762,2850773,Xylobium variegatum (Ruiz & Pav.) Garay & Dunst.,20
3763,2850940,Xerorchis amazonica Schltr.,17
3764,2851020,Gomesa glaziovii Cogn.,20
3765,2851381,Lepanthes helicocephala Rchb.f.,15
3766,2852301,Lepanthopsis floripecten (Rchb.f.) Ames,20
3767,2852807,Hypoxis decumbens L.,20
3768,2853362,Worsleya procera (Lem.) Traub,20
3769,2853541,Zephyranthes gracilifolia (Herb.) G.Nicholson,20
3770,2853559,Zephyranthes tubispatha (L'Hér.) Herb.,20
3771,2854320,Hippeastrum reticulatum (L'Hér.) Herb.,20
3772,2854344,Hippeastrum stylosum Herb.,20
3773,2854382,Hippeastrum papilio (Ravenna) Van Scheepen,17
3774,2854386,Hippeastrum aulicum (Ker Gawl.) Herb.,20
3775,2854490,Hippeastrum striatum (Lam.) H.E.Moore,20
3776,2854564,Hippeastrum santacatarina (Traub) Dutilh,20
3777,2854588,Hippeastrum vittatum (L'Hér.) Herb.,20
3778,2854740,Agapanthus africanus (L.) Hoffmanns.,20
3779,2854755,Agapanthus praecox Willd.,20
3780,2855519,Nothoscordum gracile (Aiton) Stearn,20
3781,2855651,Nothoscordum nudicaule (Lehm.) Guagl.,19
3782,2856504,Allium fistulosum L.,20
3783,2859873,Zephyranthes sylvatica (Mart. ex Schult. & Schult.f.) Baker,20
3784,2859885,Zephyranthes flavissima Ravenna,16
3785,2859887,Zephyranthes paranaensis Ravenna,6
3786,2859935,Zephyranthes cearensis (Herb.) Baker,20
3787,2861028,Asplundia peruviana Harling,19
3788,2861043,Asplundia brachypus (Drude) Harling,20
3789,2861108,Cyclanthus bipartitus Poit. ex A.Rich.,20
3790,2861305,Thoracocarpus bissectus (Vell.) Harling,20
3791,2863531,Vellozia variegata Goethart & Henrard,20
3792,2863532,Vellozia hatschbachii L.B.Sm. & Ayensu,14
3793,2863535,Vellozia glauca Pohl,20
3794,2863547,Vellozia tubiflora (A.Rich.) Kunth,20
3795,2863571,Vellozia minima Pohl,20
3796,2863576,Vellozia angustifolia Goethart & Henrard,19
3797,2863593,Vellozia pusilla Pohl,6
3798,2863609,Vellozia brachypoda L.B.Sm. & Ayensu,17
3799,2863626,Vellozia glandulifera Goethart & Henrard,16
3800,2863664,Vellozia nivea L.B.Sm. & Ayensu,20
3801,2863672,Vellozia caput-ardeae L.B.Sm. & Ayensu,17
3802,2863679,Vellozia pumila Goethart & Henrard,20
3803,2863687,Vellozia albiflora Pohl,20
3804,2863690,Vellozia canelinha Mello-Silva,13
3805,2863698,Vellozia aloifolia Mart.,19
3806,2863711,Vellozia marcescens L.B.Sm.,20
3807,2863734,Barbacenia longiflora Mart.,14
3808,2863741,Barbacenia paranaensis L.B.Sm.,17
3809,2863762,Barbacenia pungens (N.L.Menezes & Semir) Mello-Silva,20
3810,2863765,Barbacenia pabstiana L.B.Sm. & Ayensu,18
3811,2863783,Barbacenia spectabilis L.B.Sm. & Ayensu,8
3812,2863788,Barbacenia fulva Goethart & Henrard,20
3813,2863791,Barbacenia markgrafii Schulze-Menz,20
3814,2863836,Barbacenia itabirensis Goethart & Henrard,20
3815,2863845,Barbacenia macrantha Lem.,19
3816,2863852,Barbacenia × rogieri Moore & Ayres,18
3817,2863857,Barbacenia flava Mart. ex Schult. & Schult.f.,20
3818,2863867,Barbacenia glabra Goethart & Henrard,20
3819,2863873,Barbacenia stenophylla Goethart & Henrard,15
3820,2863877,Barbacenia involucrata L.B.Sm.,20
3821,2864004,Ruppia maritima L.,20
3822,2864577,Hydrocleys martii Seub.,20
3823,2864584,Hydrocleys nymphoides (Humb. & Bonpl. ex Willd.) Buchenau,20
3824,2865321,Triglochin striata Ruiz & Pav.,20
3825,2865448,Elodea canadensis Michx.,20
3826,2866488,Aglaonema modestum Schott ex Engl.,18
3827,2866757,Dracontioides desciscens (Schott) Engl.,17
3828,2866767,Asterostigma lombardii E.G.Gonç.,20
3829,2866769,Asterostigma lividum Engl.,16
3830,2866788,Asterostigma luschnathianum Schott,19
3831,2866794,Asterostigma tweedianum Schott,11
3832,2866797,Asterostigma riedelianum (Schott) Kuntze,17
3833,2867471,Taccarum ulei Engl. & K.Krause,20
3834,2867472,Taccarum warmingii Engl.,10
3835,2867569,Lemna gibba L.,20
3836,2867614,Lemna minuta Kunth,20
3837,2867616,Lemna aequinoctialis Welw.,20
3838,2867779,Spirodela intermedia W.Koch,20
3839,2867888,Syngonium angustatum Schott,20
3840,2868129,Monstera subpinnata (Schott) Engl.,20
3841,2868136,Monstera adansonii subsp. klotzschiana (Schott) Mayo & I.M.Andrade,20
3842,2868185,Monstera obliqua Miq.,20
3843,2868241,Monstera deliciosa Liebm.,20
3844,2868252,Montrichardia linifera (Arruda) Schott,20
3845,2868256,Montrichardia arborescens (L.) Schott,20
3846,2868514,Caladium humboldtii (Raf.) Schott,20
3847,2869315,Typhonodorum lindleyanum Schott,20
3848,2869680,Spathiphyllum wallisii Regel,20
3849,2869969,Scaphispatha gracilis Brongn. ex Schott,13
3850,2870095,Spathicarpa hastifolia Hook.,20
3851,2870182,Stenospermation spruceanum Schott,20
3852,2870710,Philodendron hopkinsianum M.L.Soares & Mayo,20
3853,2870736,Philodendron blanchetianum Schott,17
3854,2870780,Philodendron tenuispadix E.G.Gonç.,8
3855,2870786,Philodendron gloriosum André,20
3856,2870790,Philodendron spiritus-sancti G.S.Bunting,20
3857,2870884,Philodendron missionum (Hauman) Hauman,20
3858,2870902,Philodendron minarum Engl.,20
3859,2870908,Philodendron altomacaense Nadruz & Mayo,20
3860,2870913,Philodendron longilaminatum Schott,15
3861,2870944,Philodendron fragrantissimum (Hook.) G.Don,20
3862,2870981,Philodendron curvilobum Schott,20
3863,2870988,Philodendron linnaei Kunth,20
3864,2871063,Philodendron hatschbachii Nadruz & Mayo,20
3865,2871130,Philodendron acutatum Schott,19
3866,2871225,Philodendron melinonii Brongn. ex Regel,20
3867,2871246,Philodendron distantilobum K.Krause,20
3868,2871276,Philodendron obliquifolium Engl.,20
3869,2871281,Philodendron megalophyllum Schott,20
3870,2871293,Philodendron mayoi E.G.Gonç.,20
3871,2871297,Philodendron erubescens K.Koch & Augustin,20
3872,2871314,Philodendron cordatum Kunth ex Schott,20
3873,2871344,Philodendron renauxii Reitz,20
3874,2871359,Philodendron martianum Engl.,20
3875,2872218,Anthurium salvinii Hemsl.,20
3876,2872275,Anthurium lindmanianum Engl.,19
3877,2872356,Anthurium sinuatum Benth. ex Schott,20
3878,2872435,Anthurium ensifolium Bogner & E.G.Gonç.,9
3879,2872447,Anthurium cleistanthum G.M.Barroso,20
3880,2872528,Anthurium jureianum Cath. & Olaio,9
3881,2872556,Anthurium urvilleanum Schott,20
3882,2872588,Anthurium lhotzkyanum Schott,20
3883,2872638,Anthurium solitarium Schott,20
3884,2872646,Anthurium affine Schott,20
3885,2872660,Anthurium parasiticum (Vell.) Stellfeld,20
3886,2872688,Anthurium jilekii Schott,17
3887,2872740,Anthurium gaudichaudianum Kunth,20
3888,2872757,Anthurium maricense Nadruz & Mayo,20
3889,2872783,Anthurium organense Engl.,19
3890,2872792,Anthurium bromelicola Mayo & L.P.Félix,17
3891,2872811,Anthurium gracile (Rudge) Lindl.,20
3892,2872822,Anthurium longipes N.E.Br.,18
3893,2872921,Anthurium intermedium Kunth,20
3894,2873052,Anthurium crenatum (L.) Kunth,20
3895,2873152,Anthurium ianthinopodum (Engl.) Nadruz & Mayo,18
3896,2873202,Anthurium brevipedunculatum Madison,20
3897,2873310,Anthurium loefgrenii Engl.,20
3898,2873359,Anthurium obtusum (Engl.) Grayum,20
3899,2873423,Anthurium scandens (Aubl.) Engl.,20
3900,2873624,Anthurium comtum Schott,20
3901,2873663,Anthurium marense K.Krause,20
3902,2874003,Aristolochia odoratissima L.,20
3903,2874173,Passiflora suberosa L.,20
3904,2874176,Passiflora coccinea Aubl.,20
3905,2874183,Passiflora quadrangularis L.,20
3906,2874195,Passiflora princeps G.Lodd.,20
3907,2874198,Passiflora ligularis Juss.,20
3908,2874201,Passiflora morifolia Mast.,20
3909,2874210,Passiflora laurifolia L.,20
3910,2874212,Passiflora rubra L.,20
3911,2874484,Carica papaya L.,20
3912,2874550,Melothria pendula L.,20
3913,2874552,Doyerea emetocathartica Grosourdy,20
3914,2874564,Coccinia grandis (L.) Voigt,20
3915,2874569,Cucumis sativus L.,20
3916,2874570,Cucumis melo L.,20
3917,2874603,Luffa quinquefida (Hook. & Arn.) Seem.,20
3918,2874621,Citrullus lanatus (Thunb.) Matsum. & Nakai,20
3919,2874710,Begonia cucullata Willd.,20
3920,2874716,Begonia reniformis Dryand.,20
3921,2874717,Begonia cucullata Willd.,20
3922,2874721,Begonia convolvulacea (Klotzsch) A.DC.,20
3923,2874855,Piriqueta racemosa (Jacq.) Sweet,20
3924,2874858,Piriqueta viscosa Griseb.,20
3925,2874863,Bixa orellana L.,20
3926,2878688,Quercus robur L.,20
3927,2879411,Quercus suber L.,20
3928,2882425,Nymphaea amazonum Mart. & Zucc.,20
3929,2882429,Nymphaea lotus L.,20
3930,2883694,Mimusops coriacea (A.DC.) Miq.,20
3931,2883846,Pradosia glaziovii (Pierre) T.D.Penn.,17
3932,2883859,Pradosia schomburgkiana (A.DC.) Cronquist,19
3933,2883874,Pradosia lactescens (Vell.) Radlk.,20
3934,2883889,Pradosia brevipes (Pierre) T.D.Penn.,20
3935,2884054,Pouteria reticulata (Engl.) Eyma,20
3936,2884136,Pouteria bullata (S.Moore) Baehni,20
3937,2884147,Pouteria ephedrantha (A.C.Sm.) T.D.Penn.,20
3938,2884195,Pouteria lucens (Mart. & Miq.) Radlk.,12
3939,2884228,Pouteria ramiflora (Mart.) Radlk.,20
3940,2884298,Pouteria decorticans T.D.Penn.,20
3941,2884362,Pouteria filipes Eyma,20
3942,2884402,Pouteria bangii (Rusby) T.D.Penn.,20
3943,2884466,Pouteria gardneri (Mart. & Eichler) Baehni,19
3944,2884481,Pouteria macrophylla (Lam.) Eyma,20
3945,2884504,Pouteria macrocarpa (Mart.) D.Dietr.,20
3946,2884608,Pouteria venosa (Mart.) Baehni,20
3947,2884714,Pouteria macahensis T.D.Penn.,17
3948,2884783,Pouteria coelomatica Rizzini,20
3949,2884786,Pouteria andarahiensis T.D.Penn.,11
3950,2884822,Pouteria gallifructa Cronquist,20
3951,2884848,Peteniodendron durlandii (Standl.) Lundell,20
3952,2884862,Pouteria oblanceolata Pires,20
3953,2884886,Pouteria scrobiculata Monach. ex T.D.Penn.,18
3954,2884909,Pouteria procera (Mart.) K.Hammer,17
3955,2885089,Manilkara triflora (Allemão) Monach.,20
3956,2885144,Manilkara elata (Allemão ex Miq.) Monach.,17
3957,2885250,Manilkara subsericea (Mart.) Dubard,20
3958,2885252,Manilkara bella Monach.,13
3959,2885635,Chrysophyllum amazonicum T.D.Penn.,17
3960,2885688,Chrysophyllum lucentifolium subsp. pachycarpum Pires & T.D.Penn.,19
3961,2885704,Chloroluma gonocarpa (Mart. & Eichler) Baill. ex Aubrév.,20
3962,2885779,Chrysophyllum sanguinolentum (Pierre) Baehni,20
3963,2885828,Chrysophyllum cainito L.,20
3964,2885844,Chrysophyllum marginatum (Hook. & Arn.) Radlk.,20
3965,2885941,Chrysophyllum paranaense T.D.Penn.,17
3966,2885946,Chrysophyllum ucuquirana-branca (Aubrév. & Pellegr.) T.D.Penn.,20
3967,2886343,Elaeoluma glabrescens (Mart. & Eichler) Aubrév.,17
3968,2886355,Elaeoluma schomburgkiana (Miq.) Baill.,16
3969,2887362,Ecclinusa ramiflora Mart.,20
3970,2887376,Ecclinusa guianensis Eyma,20
3971,2888485,Argemone mexicana L.,20
3972,2888763,Valeriana officinalis L.,20
3973,2888995,Rumex acetosella L.,20
3974,2889874,Phoradendron quadrangulare (Kunth) Griseb.,20
3975,2889900,Phoradendron piperoides (Kunth) Trel.,20
3976,2889934,Tropaeolum majus L.,20
3977,2890541,Geranium purpureum Vill.,20
3978,2890668,Geranium robertianum L.,20
3979,2891604,Pelargonium × hortorum L.H.Bailey,18
3980,2891640,Averrhoa bilimbi L.,20
3981,2891641,Averrhoa carambola L.,20
3982,2891707,Oxalis debilis Kunth,20
3983,2891719,Oxalis frutescens L.,20
3984,2891750,Oxalis barrelieri L.,20
3985,2891772,Impatiens walleriana Hook.fil.,20
3986,2891773,Impatiens balsamina L.,20
3987,2891774,Impatiens capensis Meerb.,20
3988,2891792,Grevillea banksii R.Br.,20
3989,2891930,Casuarina equisetifolia L.,20
3990,2892128,Duroia velutina Hook.f. ex K.Schum.,20
3991,2892466,Mussaenda philippica A.Rich.,20
3992,2892634,Mussaenda erythrophylla Schumach. & Thonn.,20
3993,2893703,Coutarea hexandra (Jacq.) K.Schum.,20
3994,2894663,Guettarda viburnoides Cham. & Schltdl.,20
3995,2894742,Guettarda pohliana Müll.Arg.,20
3996,2894768,Guettarda angelica Mart. ex Müll.Arg.,18
3997,2894778,Guettarda comata Standl.,13
3998,2894814,Guettarda uruguensis Cham. & Schltdl.,20
3999,2894909,Bradea brasiliensis Standl.,19
4000,2894912,Bradea anomala Brade,15
4001,2895528,Coffea canephora Pierre ex A.Froehner,20
4002,2895593,Genipa americana L.,20
4003,2895614,Genipa infundibuliformis Zappi & Semir,20
4004,2897907,Faramea campanella Müll.Arg.,15
4005,2897924,Faramea axilliflora DC.,15
4006,2897958,Faramea stipulacea (Cham. & Schltdl.) DC.,19
4007,2897975,Faramea multiflora A.Rich.,20
4008,2898020,Faramea coerulea (Nees & Mart.) DC.,8
4009,2898048,Faramea montevidensis (Cham. & Schltdl.) DC.,20
4010,2898086,Faramea involucellata Müll.Arg.,19
4011,2898141,Faramea sessilifolia (Kunth) DC.,20
4012,2898154,Faramea nitida Benth.,14
4013,2898237,Tocoyena sellowiana (Cham. & Schltdl.) K.Schum.,20
4014,2898663,Palicourea australis C.M.Taylor,20
4015,2898772,Palicourea guianensis Aubl.,20
4016,2899009,Palicourea officinalis Mart.,20
4017,2899020,Palicourea radians (Müll.Arg.) Standl.,18
4018,2899113,Palicourea blanchetiana Schltdl.,15
4019,2899136,Palicourea macrobotrys (Ruiz & Pav.) Schult.,20
4020,2899345,Palicourea triphylla DC.,20
4021,2900158,Sabicea brasiliensis Wernham,20
4022,2900288,Sabicea cinerea Aubl.,20
4023,2900306,Sabicea aspera Aubl.,20
4024,2901131,Amaioua intermedia Mart. ex Schult. & Schult.f.,20
4025,2901424,Sipanea veris S.Moore,18
4026,2901450,Sipanea glomerata Kunth,19
4027,2902066,Hamelia patens Jacq.,20
4028,2902183,Pagamea guianensis Aubl.,20
4029,2902251,Galianthe cymosa (Cham.) E.L.Cabral & Bacigalupo,11
4030,2902254,Galianthe laxa (Cham. & Schltdl.) E.L.Cabral,20
4031,2902311,Galianthe brasiliensis (Spreng.) E.L.Cabral & Bacigalupo,20
4032,2903528,Isertia hypoleuca Benth.,20
4033,2903674,Staelia catechosperma K.Schum.,11
4034,2904021,Calycophyllum multiflorum Griseb.,20
4035,2904825,Coussarea hydrangeifolia (Benth.) Benth. & Hook.f. ex Müll.Arg.,20
4036,2904830,Coussarea meridionalis (Vell.) Müll.Arg.,20
4037,2904847,Coussarea violacea Aubl.,20
4038,2904864,Coussarea albescens (DC.) Müll.Arg.,20
4039,2904879,Coussarea verticillata Müll.Arg.,20
4040,2905480,Ixora venulosa Benth.,19
4041,2905493,Ixora coccinea L.,18
4042,2905881,Ixora casei Hance,20
4043,2906341,Melanopsidium nigrum Colla,20
4044,2906354,Malanea forsteronioides Müll.Arg.,13
4045,2906875,Coccocypselum hirsutum Bartl. ex DC.,20
4046,2906883,Coccocypselum lymansmithii Standl.,20
4047,2906886,Coccocypselum anomalum K.Schum.,18
4048,2906887,Coccocypselum pulchellum Cham.,19
4049,2906889,Coccocypselum condalia Pers.,20
4050,2906905,Coccocypselum glabrifolium Standl.,18
4051,2906928,Coccocypselum erythrocephalum Cham. & Schltdl.,20
4052,2906937,Coccocypselum aureum (Spreng.) Cham. & Schltdl.,16
4053,2906944,Coccocypselum capitatum (Graham) C.B.Costa & Mamede,20
4054,2906951,Coccocypselum cordifolium Nees & Mart.,20
4055,2907334,Perama galioides (Kunth) Poir.,17
4056,2907355,Perama hirsuta Aubl.,20
4057,2907948,Machaonia acuminata Bonpl.,20
4058,2907972,Tapanhuacanga asparagoides (Mart. & Zucc.) P.L.R.Moraes,11
4059,2907975,Tapanhuacanga laricoides (Mart. & Zucc.) P.L.R.Moraes,20
4060,2908009,Ferdinandusa speciosa (Pohl) Pohl,20
4061,2908030,Ferdinandusa elliptica (Pohl) Pohl,20
4062,2908065,Emmeorhiza umbellata (Spreng.) K.Schum.,20
4063,2908682,Ladenbergia hexandra (Pohl) Klotzsch,20
4064,2908816,Bertiera guianensis Aubl.,20
4065,2909703,Bathysa stipulata (Vell.) C.Presl,20
4066,2910488,Rudgea nodosa (Cham.) Benth.,19
4067,2910497,Rudgea cornifolia (Kunth) Standl.,20
4068,2910559,Rudgea longiflora Benth.,16
4069,2910585,Rudgea reticulata Benth.,18
4070,2910591,Rudgea viburnoides (Cham.) Benth.,20
4071,2910638,Rudgea amazonica Müll.Arg.,14
4072,2910663,Rudgea vellerea Müll.Arg.,19
4073,2910689,Rudgea recurva Müll.Arg.,20
4074,2910776,Rudgea loretensis Standl.,20
4075,2910796,Rudgea coronata (Vell.) Müll.Arg.,20
4076,2910821,Psychotria leiocarpa Cham. & Schltdl.,20
4077,2910857,Rudgea gardenioides (Cham.) Müll.Arg.,18
4078,2911970,Oldenlandia corymbosa L.,20
4079,2912319,Declieuxia cordigera Mart. & Zucc. ex Schult. & Schult.f.,20
4080,2912351,Declieuxia saturejoides Mart. & Zucc. ex Schult. & Schult.f.,19
4081,2912362,Declieuxia passerina Mart. & Zucc. ex Schult. & Schult.f.,16
4082,2912371,Declieuxia dusenii Standl.,19
4083,2912372,Declieuxia lancifolia J.H.Kirkbr.,18
4084,2912373,Declieuxia tenuiflora (Willd. ex Roem. & Schult.) Steyerm. & J.H.Kirkbr.,12
4085,2912392,Declieuxia coerulea Gardner,19
4086,2912395,Declieuxia fruticosa (Willd.) Kuntze,20
4087,2912913,Mitracarpus rigidifolius Standl.,11
4088,2912920,Mitracarpus longicalyx E.B.Souza & M.F.Sales,18
4089,2912954,Mitracarpus frigidus (Willd.) K.Schum.,16
4090,2912991,Mitracarpus brasiliensis M.L.Porto & J.L.Wächt.,18
4091,2912993,Mitracarpus hirtus (L.) DC.,20
4092,2913033,Galium megapotamicum Spreng.,18
4093,2913141,Galium nigroramosum (Ehrend.) Dempster,19
4094,2913583,Galium atherodes Spreng.,18
4095,2914207,Galium hypocarpium (L.) Endl. ex Griseb.,20
4096,2915016,Galium equisetoides (Cham. & Schltdl.) Standl.,17
4097,2915280,Retiniphyllum scabrum Benth.,16
4098,2916221,Oldenlandia lancifolia (Schumach.) DC.,20
4099,2916304,Oldenlandia salzmannii (DC.) Benth. & Hook.f. ex B.D.Jacks.,20
4100,2918109,Borreria dasycephala (Cham. & Schltdl.) Bacigalupo & E.L.Cabral,19
4101,2918173,Borreria virgata Cham. & Schltdl.,18
4102,2918193,Borreria poaya (A.St.-Hil.) DC.,15
4103,2918219,Borreria wunschmannii K.Schum.,14
4104,2918294,Borreria latifolia (Aubl.) K.Schum.,20
4105,2918374,Borreria gracillima DC.,20
4106,2918485,Borreria bradei Standl.,19
4107,2918520,Borreria brachystemonoides Cham. & Schltdl.,18
4108,2918585,Borreria verticillata (L.) G.Mey.,19
4109,2918792,Borreria capitata (Ruiz & Pav.) DC.,19
4110,2919381,Salzmannia nitida DC.,20
4111,2920427,Psychotria trichoclada Müll.Arg.,20
4112,2920891,Psychotria carthagenensis Jacq.,20
4113,2921300,Psychotria viridis Ruiz & Pav.,20
4114,2921630,Psychotria stachyoides Benth.,20
4115,2921694,Psychotria hastisepala Müll.Arg.,20
4116,2921830,Psychotria nemorosa Gardner,20
4117,2921919,Psychotria fluminensis Vell.,20
4118,2921995,Psychotria anceps Kunth,20
4119,2922399,Psychotria tenuifolia Sw.,20
4120,2922927,Psychotria laciniata Vell.,20
4121,2923066,Psychotria bahiensis DC.,20
4122,2923514,Psychotria xantholoba Müll.Arg.,15
4123,2923531,Psychotria glaziovii Müll.Arg.,20
4124,2923568,Palicourea longipedunculata Gardner,20
4125,2923749,Psychotria subspathacea Müll.Arg.,20
4126,2925328,Lantana fucata Lindl.,20
4127,2925357,Clerodendrum chinense (Osbeck) Mabb.,20
4128,2925385,Lippia alba (Mill.) N.E.Br. ex Britton & P.Wilson,20
4129,2925400,Avicennia germinans (L.) L.,20
4130,2925458,Stachytarpheta speciosa Pohl ex Schauer,20
4131,2925463,Stachytarpheta jamaicensis (L.) Vahl,20
4132,2925494,Verbena litoralis Kunth,20
4133,2925496,Verbena rigida Spreng.,20
4134,2925514,Verbena bonariensis L.,20
4135,2925536,Petrea volubilis L.,20
4136,2925547,Priva lappulacea (L.) Pers.,20
4137,2925562,Vitex agnus-castus L.,20
4138,2925568,Congea tomentosa Roxb.,20
4139,2925649,Tectona grandis L.f.,20
4140,2925665,Holmskioldia sanguinea Retz.,20
4141,2925816,Cynoglossum amabile Stapf & J.R.Drumm.,20
4142,2925835,Myriopus volubilis (L.) Small,20
4143,2925895,Echium plantagineum L.,20
4144,2926065,Symphytum tuberosum L.,20
4145,2926572,Physostegia virginiana (L.) Benth.,20
4146,2926612,Origanum vulgare L.,20
4147,2926821,Hyptis atrorubens Poit.,20
4148,2927045,Salvia microphylla Kunth,20
4149,2928286,Hydrolea spinosa L.,20
4150,2928410,Aniseia martinicensis (Jacq.) Choisy,20
4151,2928441,Calystegia sepium (L.) R.Br.,20
4152,2928509,Ipomoea spectata A.Mc Donald,20
4153,2928534,Ipomoea nil (L.) Roth,20
4154,2928551,Ipomoea batatas (L.) Lam.,20
4155,2928552,Ipomoea tiliacea (Willd.) Choisy,20
4156,2928562,Ipomoea quamoclit L.,20
4157,2928576,Ipomoea purpurea (L.) Roth,20
4158,2928595,Ipomoea asarifolia (Desr.) Roem. & Schult.,20
4159,2928596,Ipomoea imperati (Vahl) Griseb.,20
4160,2928624,Ipomoea hederifolia L.,20
4161,2928636,Ipomoea setifera Poir.,20
4162,2928661,Dichondra sericea Sw.,20
4163,2928671,Evolvulus glomeratus Nees & Mart.,20
4164,2928747,Datura metel L.,20
4165,2928759,Nicotiana langsdorffii Weinm.,20
4166,2928761,Nicotiana alata Link & Otto,20
4167,2928766,Nicotiana longiflora Cav.,20
4168,2928774,Nicotiana tabacum L.,20
4169,2928779,Nicotiana forgetiana Hemsl.,18
4170,2928783,Nicotiana glauca Graham,20
4171,2928791,Cestrum nocturnum L.,20
4172,2928796,Salpichroa origanifolia (Lam.) Baill.,20
4173,2929017,Solanum alternatopinnatum Steud.,20
4174,2929131,Solanum insidiosum Mart.,20
4175,2929289,Solanum paludosum Moric.,20
4176,2929359,Solanum hirtellum (Spreng.) Hassl.,19
4177,2929394,Solanum aculeatissimum Jacq.,20
4178,2929495,Solanum affine Sendtn.,18
4179,2929918,Solanum vellozianum Dunal,18
4180,2930137,Solanum lycopersicum L.,20
4181,2930262,Solanum tuberosum L.,20
4182,2930310,Solanum atropurpureum Schrank,20
4183,2930362,Solanum pabstii L.B.Sm. & Downs,18
4184,2930421,Solanum lycocarpum A.St.-Hil.,20
4185,2930435,Solanum sessiliflorum Dunal,20
4186,2930569,Solanum mammosum L.,20
4187,2930597,Solanum pseudoquina A.St.-Hil.,20
4188,2930617,Solanum melongena L.,20
4189,2930690,Solanum stipulatum Vell.,20
4190,2930786,Solanum vaillantii Dunal,20
4191,2930802,Solanum leptostachys Dunal,14
4192,2930878,Solanum acerifolium Humb. & Bonpl. ex Dunal,20
4193,2931088,Solanum diphyllum L.,20
4194,2931154,Solanum sycocarpum Mart. & Sendtn.,16
4195,2931255,Solanum swartzianum Roem. & Schult.,20
4196,2931263,Solanum cernuum Vell.,20
4197,2931269,Solanum flaccidum Vell.,20
4198,2931386,Solanum melissarum Bohs,20
4199,2931429,Solanum cinnamomeum Sendtn.,20
4200,2931472,Solanum luridifuscescens Bitter,18
4201,2931639,Solanum pinetorum (L.B.Sm. & Downs) Bohs,18
4202,2931667,Solanum campaniforme Roem. & Schult.,19
4203,2931714,Solanum laxum Spreng.,20
4204,2931904,Solanum concinnum Schott ex Sendtn.,20
4205,2932006,Solanum didymum Dunal,20
4206,2932130,Solanum scuticum M.Nee,20
4207,2932184,Solanum sisymbriifolium Lam.,20
4208,2932359,Solanum uncinellum Lindl.,20
4209,2932497,Solanum decompositiflorum Sendtn.,17
4210,2932628,Solanum incarceratum Ruiz & Pav.,17
4211,2932796,Solanum rhytidoandrum Sendtn.,20
4212,2932881,Solanum odoriferum Vell.,19
4213,2932913,Brunfelsia uniflora (Pohl) D.Don,20
4214,2932938,Capsicum baccatum L.,20
4215,2932944,Capsicum annuum L.,20
4216,2940383,Vouacapoua americana Aubl.,20
4217,2941629,Parapiptadenia rigida (Benth.) Brenan,20
4218,2941633,Parapiptadenia zehntneri (Harms) M.P.Lima & H.C.Lima,18
4219,2941639,Parapiptadenia pterosperma (Benth.) Brenan,20
4220,2941772,Crotalaria breviflora DC.,20
4221,2941820,Crotalaria lanceolata E.Mey.,20
4222,2941831,Crotalaria micans Link,20
4223,2942194,Crotalaria sagittalis L.,20
4224,2942375,Crotalaria incana L.,20
4225,2942610,Crotalaria retusa L.,20
4226,2942892,Crotalaria hilariana Benth.,19
4227,2942926,Crotalaria flavicoma Benth.,20
4228,2943047,Chloroleucon tortum (Mart.) Pittier,20
4229,2943053,Chloroleucon mangense (Jacq.) Britton & Rose,20
4230,2943096,Chloroleucon dumosum (Benth.) G.P.Lewis,18
4231,2943105,Chloroleucon acacioides (Ducke) Barneby & J.W.Grimes,20
4232,2943127,Holocalyx balansae Micheli,20
4233,2943558,Pentaclethra macroloba (Willd.) Kuntze,20
4234,2944250,Goniorrhachis marginata Taub.,16
4235,2944683,Psophocarpus tetragonolobus (L.) DC.,20
4236,2944748,Platymiscium pubescens Micheli,20
4237,2944754,Platymiscium floribundum Vogel,20
4238,2945038,Macroptilium prostratum (Benth.) Urb.,20
4239,2945040,Macroptilium bracteatum (Nees & Mart.) Maréchal & Baudet,20
4240,2945047,Macroptilium atropurpureum (DC.) Urb.,20
4241,2945063,Macroptilium lathyroides (L.) Urb.,20
4242,2945147,Tachigali paniculata Aubl.,20
4243,2945162,Tachigali alba Ducke,20
4244,2945453,Schizolobium parahyba (Vell.) S.F.Blake,20
4245,2945569,Centrolobium sclerophyllum H.C.Lima,18
4246,2945570,Centrolobium robustum (Vell.) Mart. ex Benth.,20
4247,2945759,Myrocarpus frondosus Allemão,20
4248,2946509,Clitoria densiflora (Benth.) Benth.,17
4249,2946543,Clitoria falcata Lam.,20
4250,2946575,Clitoria amazonum Mart. ex Benth.,20
4251,2946600,Clitoria fairchildiana R.A.Howard,20
4252,2947119,Cenostigma macrophyllum Tul.,20
4253,2947120,Cenostigma tocantinum Ducke,20
4254,2947141,Dipteryx alata Vogel,20
4255,2947149,Dipteryx magnifica (Ducke) Ducke,17
4256,2947739,Luetzelburgia praecox (Harms) Harms,16
4257,2947751,Luetzelburgia bahiensis Yakovlev,13
4258,2947753,Luetzelburgia andrade-limae H.C.Lima,16
4259,2947754,Luetzelburgia trialata (Ducke) Ducke,16
4260,2947913,Neonotonia wightii (Wight & Arn.) J.A.Lackey,20
4261,2948605,Alysicarpus vaginalis (L.) DC.,20
4262,2948711,Martiodendron excelsum (Benth.) Gleason,19
4263,2948758,Macrolobium multijugum var. multijugum,20
4264,2948785,Macrolobium discolor Benth.,18
4265,2948811,Macrolobium latifolium Vogel,20
4266,2948851,Macrolobium campestre Huber,20
4267,2948867,Macrolobium angustifolium (Benth.) R.S.Cowan,20
4268,2949092,Aeschynomene fluminensis Vell.,20
4269,2949250,Aeschynomene indica L.,20
4270,2949316,Aeschynomene sensitiva Sw.,20
4271,2949352,Aeschynomene denticulata Rudd,20
4272,2949495,Chamaecrista choriophylla (Vogel) H.S.Irwin & Barneby,14
4273,2949504,Chamaecrista eitenorum (H.S.Irwin & Barneby) H.S.Irwin & Barneby,15
4274,2949526,Chamaecrista crommyotricha (Harms) H.S.Irwin & Barneby,15
4275,2949551,Chamaecrista punctata (Vogel) H.S.Irwin & Barneby,15
4276,2949569,Chamaecrista paniculata (Benth.) H.S.Irwin & Barneby,18
4277,2949637,Chamaecrista multipennis (H.S.Irwin & Barneby) H.S.Irwin & Barneby,15
4278,2949673,Chamaecrista duckeana (P.Bezerra & A.Fern.) H.S.Irwin & Barneby,20
4279,2949696,Chamaecrista incurvata (Benth.) H.S.Irwin & Barneby,15
4280,2949776,Chamaecrista diphylla (L.) Greene,20
4281,2949782,Chamaecrista auris-zerdae (H.S.Irwin & Barneby) H.S.Irwin & Barneby,15
4282,2949796,Chamaecrista dawsonii (R.S.Cowan) H.S.Irwin & Barneby,14
4283,2949832,Chamaecrista phyllostachya (Benth.) H.S.Irwin & Barneby,15
4284,2949851,Chamaecrista tragacanthoides (Mart. ex Benth.) H.S.Irwin & Barneby,13
4285,2949860,Chamaecrista mucronata (Spreng.) H.S.Irwin & Barneby,13
4286,2949863,Chamaecrista basifolia (Vogel) H.S.Irwin & Barneby,14
4287,2949888,Chamaecrista belemii (H.S.Irwin & Barneby) H.S.Irwin & Barneby,6
4288,2949909,Chamaecrista desvauxii (Collad.) Killip,20
4289,2949996,Chamaecrista conferta (Benth.) H.S.Irwin & Barneby,20
4290,2950049,Chamaecrista ramosa (Vogel) H.S.Irwin & Barneby,20
4291,2950071,Chamaecrista pascuorum (Mart. ex Benth.) H.S.Irwin & Barneby,8
4292,2950085,Chamaecrista benthamii (Ghesq.) H.S.Irwin & Barneby,13
4293,2950121,Chamaecrista cytisoides (DC. ex Collad.) H.S.Irwin & Barneby,9
4294,2950162,Chamaecrista swainsonii (Benth.) H.S.Irwin & Barneby,11
4295,2950179,Chamaecrista glaucofilix (H.S.Irwin & Barneby) H.S.Irwin & Barneby,16
4296,2950203,Chamaecrista pilosa (L.) Greene,20
4297,2950215,Chamaecrista vestita (Vogel) H.S.Irwin & Barneby,13
4298,2950218,Chamaecrista ciliolata (Benth.) H.S.Irwin & Barneby,12
4299,2950239,Chamaecrista aurivilla (Mart. ex Benth.) H.S.Irwin & Barneby,16
4300,2950266,Chamaecrista cavalcantina (H.S.Irwin & Barneby) H.S.Irwin & Barneby,15
4301,2950275,Chamaecrista venulosa (Benth.) H.S.Irwin & Barneby,17
4302,2950278,Chamaecrista hatschbachii H.S.Irwin & Barneby,19
4303,2950288,Chamaecrista juruenensis (Hoehne) H.S.Irwin & Barneby,16
4304,2950372,Chamaecrista stillifera (H.S.Irwin & Barneby) H.S.Irwin & Barneby,15
4305,2950445,Chamaecrista adenophylla (Taub. ex Harms) H.S.Irwin & Barneby,14
4306,2950451,Chamaecrista debilis (Vogel) H.S.Irwin & Barneby,20
4307,2950453,Chamaecrista potentilla (Mart. ex Benth.) H.S.Irwin & Barneby,17
4308,2950464,Chamaecrista claussenii (Benth.) H.S.Irwin & Barneby,20
4309,2950503,Chamaecrista rotundata (Vogel) H.S.Irwin & Barneby,17
4310,2950513,Chamaecrista zygophylloides (Taub.) H.S.Irwin & Barneby,15
4311,2950525,Chamaecrista ensiformis (Vell.) H.S.Irwin & Barneby,20
4312,2950545,Chamaecrista cotinifolia (G.Don) H.S.Irwin & Barneby,11
4313,2950563,Chamaecrista urophyllidia (H.S.Irwin & Barneby) H.S.Irwin & Barneby,15
4314,2950565,Chamaecrista ochnacea (Vogel) H.S.Irwin & Barneby,18
4315,2950596,Chamaecrista supplex (Mart. ex Benth.) Britton & Rose ex Britton & Killip,20
4316,2950603,Chamaecrista fagonioides (Vogel) H.S.Irwin & Barneby,20
4317,2950630,Chamaecrista viscosa (Kunth) H.S.Irwin & Barneby,20
4318,2950652,Chamaecrista flexuosa (L.) Greene,20
4319,2950666,Chamaecrista hedysaroides (Vogel) H.S.Irwin & Barneby,17
4320,2950668,Chamaecrista roraimae (Benth.) Gleason,18
4321,2950689,Chamaecrista kunthiana (Schltdl. & Cham.) H.S.Irwin & Barneby,20
4322,2950746,Hymenaea rubriflora Ducke,18
4323,2950750,Hymenaea courbaril L.,20
4324,2950774,Hymenaea velutina Ducke,20
4325,2951478,Mucuna urens (L.) Medik.,20
4326,2951499,Mucuna pruriens (L.) DC.,20
4327,2951724,Stryphnodendron rotundifolium Mart.,20
4328,2951773,Piptadenia gonoacantha (Mart.) J.F.Macbr.,20
4329,2951804,Piptadenia micracantha Benth.,20
4330,2951816,Piptadenia anolidurus Barneby,20
4331,2951898,Hymenolobium alagoanum Ducke,15
4332,2951909,Teramnus uncinatus (L.) Sw.,19
4333,2951984,Ulex europaeus L.,20
4334,2952179,Andira vermifuga (Mart.) Benth.,20
4335,2952183,Andira ormosioides Benth.,20
4336,2952186,Andira fraxinifolia Benth.,20
4337,2952214,Andira inermis (W.Wright) DC.,20
4338,2952226,Andira legalis (Vell.) Toledo,18
4339,2952694,Peltogyne maranhensis Ducke,17
4340,2952701,Peltogyne angustiflora Ducke,19
4341,2952823,Anadenanthera colubrina (Vell.) Brenan,20
4342,2952845,Taralea cordata Ducke,20
4343,2952855,Taralea oppositifolia Aubl.,19
4344,2952882,Bituminaria bituminosa (L.) C.H.Stirt.,20
4345,2952950,Bauhinia acuruana Moric.,14
4346,2952993,Bauhinia ungulata L.,20
4347,2953003,Bauhinia ovata (Bong.) Vogel,16
4348,2953096,Schnella flexuosa (Moric.) Walp.,13
4349,2953099,Bauhinia brevipes Vogel,19
4350,2953146,Bauhinia longifolia (Bong.) Steud.,20
4351,2953154,Bauhinia tenella Benth.,18
4352,2953251,Bauhinia variegata L.,20
4353,2953351,Schnella splendens (Kunth) Benth.,18
4354,2953546,Bauhinia rufa (Bong.) Steud.,19
4355,2953547,Bauhinia holophylla (Bong.) Steud.,20
4356,2953715,Bauhinia monandra Kurz,20
4357,2953871,Bauhinia purpurea L.,20
4358,2956904,Senna covesii (A.Gray) H.S.Irwin & Barneby,20
4359,2956905,Senna siamea (Lam.) H.S.Irwin & Barneby,20
4360,2956931,Senna trachypus (Mart. ex Benth.) H.S.Irwin & Barneby,20
4361,2956939,Senna phlebadenia H.S.Irwin & Barneby,9
4362,2956955,Senna quinquangulata (Rich.) H.S.Irwin & Barneby,20
4363,2957014,Senna velutina (Vogel) H.S.Irwin & Barneby,20
4364,2957087,Senna acuruensis (Benth.) H.S.Irwin & Barneby,17
4365,2957157,Senna pinheiroi H.S.Irwin & Barneby,17
4366,2957158,Senna multijuga (Rich.) H.S.Irwin & Barneby,20
4367,2957187,Senna pendula (Humb. & Bonpl. ex Willd.) H.S.Irwin & Barneby,20
4368,2957257,Senna corifolia (Benth.) H.S.Irwin & Barneby,19
4369,2957319,Senna aculeata (Pohl ex Benth.) H.S.Irwin & Barneby,20
4370,2957345,Senna tapajozensis (Ducke) H.S.Irwin & Barneby,20
4371,2957408,Senna obtusifolia (L.) H.S.Irwin & Barneby,20
4372,2957418,Senna reniformis (G.Don) H.S.Irwin & Barneby,19
4373,2957478,Senna splendida (Vogel) H.S.Irwin & Barneby,20
4374,2957529,Senna septemtrionalis (Viv.) H.S.Irwin & Barneby,20
4375,2957576,Senna pilifera (Vogel) H.S.Irwin & Barneby,20
4376,2957590,Senna undulata (Benth.) H.S.Irwin & Barneby,19
4377,2957627,Senna georgica H.S.Irwin & Barneby,20
4378,2957831,Senna rugosa (G.Don) H.S.Irwin & Barneby,20
4379,2957841,Senna angulata (Vogel) H.S.Irwin & Barneby,20
4380,2957880,Senna cana (Nees & Mart.) H.S.Irwin & Barneby,18
4381,2957930,Senna neglecta (Vogel) H.S.Irwin & Barneby,20
4382,2958001,Senna cernua (Balb.) H.S.Irwin & Barneby,19
4383,2958026,Senna silvestris (Vell.) H.S.Irwin & Barneby,20
4384,2958051,Senna australis H.S.Irwin & Barneby,11
4385,2958076,Senna bicapsularis (L.) Roxb.,20
4386,2959394,Coursetia rostrata Benth.,20
4387,2959482,Gleditsia amorphoides (Griseb.) Taub.,20
4388,2961144,Enterolobium timbouva Mart.,20
4389,2961145,Enterolobium monjollo (Vell.) Mart.,17
4390,2961169,Enterolobium gummiferum (Mart.) J.F.Macbr.,20
4391,2962021,Canavalia rosea (Sw.) DC.,20
4392,2962082,Canavalia grandiflora Benth.,18
4393,2962124,Canavalia bonariensis Lindl.,20
4394,2962130,Canavalia parviflora Benth.,17
4395,2962154,Canavalia brasiliensis Mart. ex Benth.,20
4396,2962222,Discolobium hirtum Benth.,14
4397,2962224,Discolobium pulchellum Benth.,20
4398,2962750,Pithecellobium diversifolium Benth.,20
4399,2963252,Cratylia spectabilis Tul.,20
4400,2963276,Bionia coriacea (Nees) Benth.,14
4401,2963770,Mysanthus uleanus (Harms) G.P.Lewis & A.Delgado,6
4402,2964055,Lupinus subsessilis Benth.,15
4403,2964092,Lupinus sellowianus Harms,17
4404,2964115,Lupinus bracteolaris Desr.,20
4405,2964241,Lupinus multiflorus Desr.,20
4406,2964244,Lupinus paranensis C.P.Sm.,19
4407,2964329,Lupinus gibertianus C.P.Sm.,20
4408,2964762,Uleanthus erythrinoides Harms,10
4409,2964888,Centrosema dasyanthum Benth.,17
4410,2964890,Centrosema rotundifolium Mart. ex Benth.,19
4411,2964899,Centrosema vexillatum Benth.,19
4412,2964904,Centrosema pubescens Benth.,20
4413,2964917,Centrosema bifidum Benth.,19
4414,2964962,Centrosema bracteosum Benth.,19
4415,2964981,Centrosema venosum Mart. ex Benth.,20
4416,2964984,Centrosema pascuorum Mart. ex Benth.,20
4417,2964988,Centrosema brasilianum (L.) Benth.,20
4418,2964999,Centrosema arenarium Benth.,20
4419,2965014,Centrosema angustifolium (Kunth) Benth.,20
4420,2965132,Vatairea macrocarpa (Benth.) Ducke,20
4421,2965354,Medicago falcata L.,20
4422,2965527,Medicago arabica (L.) Huds.,20
4423,2965531,Medicago polymorpha L.,20
4424,2965572,Medicago minima (L.) L.,20
4425,2965589,Vataireopsis speciosa Ducke,19
4426,2965590,Vataireopsis araroba (Aguiar) Ducke,17
4427,2966815,Cynometra hostmanniana Tul.,18
4428,2966819,Cynometra longicuspis Ducke,19
4429,2966847,Cynometra bauhiniifolia Benth.,20
4430,2967003,Acosmium lentiscifolium Schott,20
4431,2967365,Desmodium axillare (Sw.) DC.,20
4432,2967724,Desmodium scorpiurus (Sw.) Desv.,13
4433,2967767,Desmodium adscendens (Sw.) DC.,20
4434,2967898,Desmodium barbatum (L.) Benth.,17
4435,2967927,Desmodium leiocarpum (Spreng.) G.Don,14
4436,2968371,Dalbergia glaucescens (Mart. ex Benth.) Benth.,16
4437,2968420,Dalbergia foliolosa Benth.,18
4438,2968593,Dalbergia ecastaphyllum (L.) Taub.,20
4439,2968670,Dalbergia riedelii (Benth.) Sandwith,17
4440,2968672,Dalbergia nigra (Vell.) Allemão ex Benth.,20
4441,2968679,Dalbergia decipularis Rizzini & A.Mattos,9
4442,2968712,Dalbergia elegans A.M.Carvalho,17
4443,2968824,Dalbergia frutescens (Vell.) Britton,20
4444,2968892,Dalbergia inundata Spruce ex Benth.,18
4445,2968903,Dalbergia cearensis Ducke,15
4446,2968919,Dalbergia ernest-ulei Hoehne,8
4447,2968927,Dalbergia miscolobium Benth.,20
4448,2968992,Lonchocarpus nitidus (Vogel) Benth.,20
4449,2969156,Lonchocarpus sericeus (Poir.) Kunth ex DC.,20
4450,2969239,Mimosa maracayuensis Chodat & Hassl.,13
4451,2969262,Mimosa sensitiva L.,20
4452,2969279,Mimosa filipes Mart.,18
4453,2969280,Mimosa acutistipula var. ferrea Barneby,19
4454,2969297,Mimosa lewisii Barneby,11
4455,2969302,Mimosa sensibilis Griseb.,20
4456,2969331,Mimosa congestifolia Burkart,17
4457,2969342,Mimosa hypoglauca var. hypoglauca,18
4458,2969351,Mimosa diplotricha C.Wright ex Sauvalle,8
4459,2969353,Mimosa invisa Mart. ex Colla,20
4460,2969409,Mimosa guilandinae (DC.) Barneby,20
4461,2969412,Mimosa extensa Benth.,19
4462,2969431,Mimosa pigra L.,20
4463,2969453,Mimosa niederleinii Burkart,16
4464,2969460,Mimosa taimbensis Burkart,18
4465,2969490,Mimosa papposa Benth.,14
4466,2969499,Mimosa artemisiana Heringer & Paula,20
4467,2969510,Mimosa hirsutissima Mart.,20
4468,2969575,Mimosa paludosa Benth.,20
4469,2969589,Mimosa rufipila Benth.,16
4470,2969628,Mimosa speciosissima Taub.,15
4471,2969630,Mimosa rufescens var. rufescens,18
4472,2969631,Mimosa weddelliana Benth.,20
4473,2969768,Mimosa gemmulata Barneby,15
4474,2969783,Mimosa dichroa Barneby ex G.P.Lewis,14
4475,2969785,Mimosa chrysastra Mart. ex Benth.,14
4476,2969802,Mimosa micropteris Benth.,15
4477,2969808,Mimosa albolanata var. paucipinna (Benth.) Barneby,14
4478,2969826,Mimosa ceratonia L.,20
4479,2969833,Mimosa verrucosa Benth.,11
4480,2969912,Mimosa pithecolobioides Benth.,16
4481,2969922,Mimosa arenosa (Willd.) Poir.,20
4482,2969929,Mimosa dolens Vell.,20
4483,2969958,Mimosa velloziana Mart.,20
4484,2969995,Mimosa balduinii Burkart,13
4485,2970017,Mimosa dryandroides Taub.,12
4486,2970021,Mimosa lanata Benth.,17
4487,2970030,Mimosa laticifera Rizzini & N.F.Mattos,16
4488,2970056,Mimosa lanuginosa Glaz. ex Burkart,20
4489,2970071,Mimosa somnians Humb. & Bonpl. ex Willd.,20
4490,2970098,Mimosa melanocarpa Benth.,15
4491,2970117,Mimosa setosissima Taub.,11
4492,2970122,Mimosa ursina Mart.,20
4493,2970149,Mimosa furfuracea Benth.,11
4494,2970162,Mimosa elliptica Benth.,20
4495,2970171,Mimosa coruscocaesia Barneby,10
4496,2970175,Mimosa nitens Benth.,11
4497,2970208,Mimosa irrigua Barneby,12
4498,2970238,Mimosa ourobrancoensis Burkart,18
4499,2970240,Mimosa radula Benth.,14
4500,2970245,Mimosa myriophylla Bong. ex Benth.,10
4501,2970275,Mimosa sericantha Benth.,13
4502,2970418,Leucaena leucocephala (Lam.) de Wit,20
4503,2970463,Brownea grandiceps Jacq.,20
4504,2970700,Sesbania exasperata Kunth,20
4505,2971008,Dialium guianense (Aubl.) Sandwith,20
4506,2971016,Melilotus indicus (L.) All.,20
4507,2971209,Samanea inopinata (Harms) Barneby & J.W.Grimes,18
4508,2971378,Indigofera microcarpa Desv.,20
4509,2971503,Indigofera asperifolia Bong. ex Benth.,20
4510,2972300,Indigofera lespedezioides Kunth,20
4511,2973046,Albizia niopoides (Spruce ex Benth.) Burkart,19
4512,2973063,Pseudalbizzia inundata (Mart.) E.J.M.Koenen & Duno,20
4513,2973079,Albizia edwallii (Hoehne) Barneby & J.W.Grimes,15
4514,2973215,Albizia lebbeck (L.) Benth.,20
4515,2974269,Dimorphandra mollis Benth.,20
4516,2974282,Dimorphandra jorgei M.F.Silva,17
4517,2974643,Crudia bracteata Benth.,19
4518,2974832,Vicia faba L.,20
4519,2975014,Vicia sativa L.,20
4520,2975287,Vicia cracca L.,20
4521,2975674,Stylosanthes macrocephala M.B.Ferreira & Sousa Costa,18
4522,2975687,Stylosanthes ruellioides Mart. ex Benth.,18
4523,2975691,Stylosanthes capitata Vogel,20
4524,2975693,Stylosanthes guianensis (Aubl.) Sw.,20
4525,2975755,Stylosanthes hippocampoides Mohlenbr.,20
4526,2975760,Stylosanthes acuminata M.B.Ferreira & Sousa Costa,17
4527,2976278,Entada polyphylla Benth.,20
4528,2976898,Moldenhawera brasiliensis Yakovlev,5
4529,2976901,Moldenhawera floribunda Schrad.,14
4530,2978138,Copaifera lucens Dwyer,20
4531,2978146,Copaifera coriacea Mart.,15
4532,2978153,Copaifera trapezifolia Hayne,20
4533,2978843,Senegalia westiana (DC.) Britton & Rose,20
4534,2979091,Acacia mangium Willd.,20
4535,2979265,Vachellia farnesiana (L.) Wight & Arn.,20
4536,2980360,Senegalia polyphylla (DC.) Britton & Rose,20
4537,2981801,Calliandra foliolosa Benth.,20
4538,2981809,Calliandra viscidula Benth.,16
4539,2981819,Calliandra leptopoda Benth.,9
4540,2981852,Calliandra virgata Benth.,19
4541,2981954,Calliandra fasciculata Benth.,19
4542,2981970,Calliandra calycina Benth.,8
4543,2981978,Calliandra sessilis Benth.,16
4544,2981983,Calliandra longipes Benth.,20
4545,2982128,Calliandra spinosa Ducke,19
4546,2982153,Calliandra linearis Benth.,14
4547,2982155,Calliandra haematocephala Hassk.,20
4548,2982173,Calliandra luetzelburgii Harms,9
4549,2982271,Calliandra lanata Benth.,8
4550,2982277,Calliandra harrisii (Lindl.) Benth.,20
4551,2982301,Calliandra parviflora Benth.,20
4552,2982349,Calliandra dysantha Benth.,20
4553,2982464,"Vigna halophila (Piper) Maréchal, Mascherpa & Stainier",20
4554,2982515,Vigna hosei (Craib) Backer,20
4555,2982679,Vigna longifolia (Benth.) Verdc.,20
4556,2982753,Vigna umbellata (Thunb.) Ohwi & H.Ohashi,20
4557,2984168,Galactia remansoana Harms,11
4558,2984214,Galactia jussiaeana Kunth,20
4559,2984339,Urera baccifera (L.) Gaudich. ex Wedd.,20
4560,2984565,Artocarpus heterophyllus Lam.,20
4561,2984573,Artocarpus altilis (Parkinson) Fosberg,20
4562,2984828,Couepia monteclarensis Prance,16
4563,2984962,Parinari brasiliensis (Schott) Hook.fil.,20
4564,2985011,Parinari brachystachyum Benth.,10
4565,2985068,Exellodendron gracile (Kuhlm.) Prance,19
4566,2985082,Chrysobalanus icaco L.,20
4567,2985110,Hirtella glandulosa Spreng.,20
4568,2985159,Hirtella corymbosa Cham. & Schltdl.,20
4569,2985186,Hirtella gracilipes (Hook.fil.) Prance,20
4570,2985192,Hirtella physophora Mart. & Zucc.,20
4571,2985219,Hirtella bahiensis Prance,13
4572,2985280,Moquilea salzmannii Hook.fil.,15
4573,2985375,Licania littoralis Warm.,20
4574,2985452,Licania leptostachya Benth.,20
4575,2985494,Licania dealbata Hook.fil.,18
4576,2985500,Moquilea tomentosa Benth.,20
4577,2985523,Licania arianeae Prance,16
4578,2985930,Kalanchoe pinnata (Lam.) Pers.,20
4579,2985934,Kalanchoe fedtschenkoi Raym.-Hamet & H.Perrier,20
4580,2985940,Kalanchoe delagoensis Eckl. & Zeyh.,20
4581,2985965,Deutzia scabra Thunb.,20
4582,2985994,Hydrangea macrophylla (Thunb.) Ser.,20
4583,2986045,Philadelphus caucasicus Koehne,20
4584,2986073,Suriana maritima L.,20
4585,2986239,Pittosporum undulatum Vent.,20
4586,2988222,Pyracantha angustifolia (Franch.) C.K.Schneid.,20
4587,2989183,Rubus niveus Thunb.,20
4588,2991264,Rubus brasiliensis Mart.,19
4589,2995471,Rubus urticifolius Poir.,20
4590,2999492,Rubus erythroclados Mart. ex Hook.fil.,19
4591,3002530,Rosa gallica L.,20
4592,3029380,Quillaja lancifolia D.Don,20
4593,3032537,Weinmannia intermedia Schltdl. & Cham.,20
4594,3032984,Diospyros kaki L.f.,20
4595,3033434,Ranunculus parviflorus L.,18
4596,3033449,Ranunculus bonariensis var. trisepalus (Gillies ex Hook. & Arn.) Lourteig,20
4597,3033833,Delphinium ajacis L.,20
4598,3033836,Delphinium consolida L.,20
4599,3033894,Berberis vulgaris L.,20
4600,3033937,Cissampelos pareira L.,20
4601,3033985,Cinnamomum burmanni (Nees & T.Nees) Blume,20
4602,3033991,Camphora officinarum Nees,20
4603,3034015,Laurus nobilis L.,20
4604,3034046,Persea americana Mill.,20
4605,3034089,Aniba firmula (Nees & Mart.) Mez,20
4606,3034611,Hydrocotyle bonariensis Comm. ex Lam.,20
4607,3034614,Hydrocotyle umbellata L.,20
4608,3034922,Foeniculum vulgare Mill.,20
4609,3034961,Dendropanax cuneatus (DC.) Decne. & Planch.,20
4610,3034985,Dendropanax australis Fiaschi & Jung-Mend.,20
4611,3036978,Aralia warmingiana (Marchal) J.Wen,20
4612,3037723,Didymopanax selloi Marchal,14
4613,3037743,Didymopanax longipetiolatus (Pohl ex DC.) Marchal,19
4614,3038127,Didymopanax vinosus (Cham. & Schltdl.) Marchal,17
4615,3038604,Schefflera distractiflora (Harms) Frodin,20
4616,3038724,Heptapleurum arboricola Hayata,20
4617,3038751,Didymopanax macrocarpus (Cham. & Schltdl.) Seem.,20
4618,3038870,Didymopanax angustissimus Marchal,20
4619,3039162,Cissus erosa (L.) Rich.,20
4620,3039173,Cissus verticillata (L.) Nicolson & C.E.Jarvis,20
4621,3039467,Frangula sphaerosperma (Sw.) Kartesz & Gandhi,20
4622,3040983,Raphanus raphanistrum L.,20
4623,3042845,Brassica oleracea L.,20
4624,3046258,Cardamine hirsuta L.,20
4625,3046890,Sisymbrium officinale (L.) Scop.,20
4626,3047558,Rorippa nasturtium-aquaticum (L.) Hayek,20
4627,3054196,Cleome rutidosperma DC.,20
4628,3054220,Cleome houtteana Schltdl.,20
4629,3055035,Caperonia heteropetala Didr.,19
4630,3055066,Caperonia buettneriacea Müll.Arg.,10
4631,3055172,Stillingia argutedentata Jabl.,18
4632,3055173,Stillingia dichotoma Müll.Arg.,20
4633,3055354,Alchornea discolor Poepp.,20
4634,3055361,Alchornea glandulosa Poepp.,20
4635,3055511,Alchornea triplinervia (Spreng.) Müll.Arg.,20
4636,3055603,Dalechampia pernambucensis Baill.,20
4637,3055611,Dalechampia ficifolia Lam.,20
4638,3055693,Dalechampia brasiliensis Lam.,19
4639,3055701,Dalechampia linearis Baill.,20
4640,3055794,Dalechampia triphylla Lam.,18
4641,3055800,Dalechampia micromeria Baill.,20
4642,3056123,Acalypha acuminata Benth.,17
4643,3056130,Acalypha brasiliensis Müll.Arg.,20
4644,3056509,Acalypha gracilis Spreng.,20
4645,3056742,Acalypha arvensis Poepp.,20
4646,3056784,Acalypha communis Müll.Arg.,20
4647,3057221,Acalypha wilkesiana Müll.Arg.,20
4648,3057491,Croton urucurana Baill.,20
4649,3057798,Croton urticifolius Lam.,20
4650,3057803,Croton floribundus Spreng.,20
4651,3057916,Croton sapiifolius Müll.Arg.,9
4652,3058140,Croton tetradenius Baill.,10
4653,3058182,Croton stenotrichus Müll.Arg.,17
4654,3058185,Croton glandulosus L.,20
4655,3058234,Croton adenocalyx Baill.,17
4656,3058264,Croton pallidulus Baill.,20
4657,3058553,Croton splendidus Mart.,17
4658,3058577,Croton salutaris Casar.,20
4659,3058725,Croton erythroxyloides Baill.,19
4660,3058758,Croton nepetifolius Baill.,20
4661,3058825,Croton triqueter Lam.,20
4662,3058937,Croton sellowii Baill.,13
4663,3058942,Croton hirtus L'Hér.,20
4664,3059034,Croton organensis Baill.,20
4665,3059075,Croton blanchetianus Baill.,20
4666,3059461,Croton goyazensis Müll.Arg.,20
4667,3059766,Croton pedicellatus Kunth,18
4668,3059874,Croton gnaphaloides Schrad.,19
4669,3060064,Croton didrichsenii G.L.Webster,15
4670,3060733,Manihot tripartita (Spreng.) Müll.Arg.,18
4671,3060787,Manihot pohlii Wawra,20
4672,3060789,Manihot leptophylla Pax & K.Hoffm.,20
4673,3060792,Manihot xavantinensis D.J.Rogers & Appan,17
4674,3060817,Manihot caerulescens Pohl,19
4675,3060889,Manihot baccata Allem,18
4676,3060936,Manihot sparsifolia Pohl,11
4677,3060993,Manihot violacea Pohl,20
4678,3060998,Manihot esculenta Crantz,20
4679,3061187,Gymnanthes multiramea (Klotzsch) Müll.Arg.,19
4680,3061292,Algernonia leandrii (Baill.) G.L.Webster,20
4681,3061705,Tragia volubilis L.,20
4682,3062246,Omphalea diandra L.,20
4683,3063242,Actinostemon klotzschii (Didr.) Pax,20
4684,3063716,Senefeldera verticillata (Vell.) Croizat,20
4685,3063823,Euphorbia cyathophora Murray,20
4686,3063862,Euphorbia potentilloides Boiss.,20
4687,3064495,Euphorbia cyathophora Murray,20
4688,3064913,Euphorbia chrysophylla (Klotzsch & Garcke) Klotzsch ex Boiss.,18
4689,3065218,Euphorbia dioeca Kunth,20
4690,3066465,Euphorbia pulcherrima Willd. ex Klotzsch,20
4691,3066624,Euphorbia peperomioides Boiss.,19
4692,3067157,Euphorbia milii Des Moul.,20
4693,3068136,Euphorbia lycioides Boiss.,13
4694,3068937,Euphorbia hirta L.,20
4695,3069353,Euphorbia tirucalli L.,20
4696,3069915,Euphorbia zonosperma Müll.Arg.,19
4697,3070302,Euphorbia comosa Vell.,20
4698,3070364,Euphorbia bahiensis (Klotzsch & Garcke) Boiss.,19
4699,3070530,Euphorbia phosphorea Mart.,20
4700,3070736,Plukenetia serrata (Vell.) L.J.Gillespie,19
4701,3071171,Hevea brasiliensis (Willd. ex A.Juss.) Müll.Arg.,20
4702,3071476,Codiaeum variegatum (L.) Rumph. ex A.Juss.,20
4703,3071744,Mabea fistulifera Mart.,20
4704,3071768,Mabea anadena Pax & K.Hoffm.,18
4705,3072468,Aparisthmium cordatum (A.Juss.) Baill.,20
4706,3072835,Jatropha ribifolia (Pohl) Baill.,19
4707,3072953,Jatropha curcas L.,20
4708,3072985,Jatropha multifida L.,20
4709,3073010,Jatropha elliptica (Pohl) Oken,20
4710,3073016,Jatropha podagrica Hook.,20
4711,3073075,Jatropha mollissima (Pohl) Baill.,20
4712,3073268,Gymnanthes klotzschiana Müll.Arg.,18
4713,3073354,Gymnanthes schottiana Müll.Arg.,16
4714,3073442,Cnidoscolus ulei (Pax) Pax,10
4715,3073448,Cnidoscolus quercifolius Pohl,20
4716,3073653,Cnidoscolus urens (L.) Arthur,20
4717,3073692,Cnidoscolus oligandrus (Müll.Arg.) Pax,20
4718,3074845,Microstachys ditassoides (Didr.) Esser,14
4719,3074956,Conceveiba guianensis Aubl.,20
4720,3075087,Joannesia princeps Vell.,20
4721,3075092,Joannesia heveoides Ducke,15
4722,3075387,Lacistema robustum Schnizl.,8
4723,3075392,Lacistema pubescens Mart.,20
4724,3075858,Drypetes sessiliflora Allemão,15
4725,3079092,Hieronyma alchorneoides Allemão,20
4726,3082283,Plumbago auriculata Lam.,20
4727,3082285,Plumbago scandens L.,17
4728,3082401,Lecythis lurida (Miers) S.A.Mori,20
4729,3082508,Lecythis lanceolata Poir.,20
4730,3083018,"Cariniana parvifolia S.A.Mori, Prance & Menandro",11
4731,3083020,Cariniana estrellensis (Raddi) Kuntze,20
4732,3083033,Cariniana ianeirensis R.Knuth,20
4733,3083036,Cariniana legalis (Mart.) Kuntze,20
4734,3083120,Couratari macrosperma A.C.Sm.,20
4735,3083180,Bertholletia excelsa Bonpl.,20
4736,3083320,Eschweilera micrantha (O.Berg) Miers,19
4737,3083326,Eschweilera tetrapetala S.A.Mori,13
4738,3083384,Eschweilera ovata (Cambess.) Mart. ex Miers,20
4739,3083414,Eschweilera nana (O.Berg) Miers,20
4740,3084036,Rhipsalis baccifera (J.S.Muell.) Stearn,20
4741,3084670,Talinum fruticosum (L.) Juss.,20
4742,3084698,Portulaca umbraticola Kunth,20
4743,3084700,Portulaca grandiflora Hook.,20
4744,3084842,Carpobrotus edulis (L.) N.E.Br.,20
4745,3084883,Sesuvium portulacastrum (L.) L.,20
4746,3084908,Gomphrena globosa L.,20
4747,3084911,Gomphrena celosioides Mart.,20
4748,3084923,Alternanthera philoxeroides (Mart.) Griseb.,20
4749,3084949,Alternanthera pungens Kunth,20
4750,3084968,Alternanthera tenella Colla,19
4751,3085038,Iresine diffusa Humb. & Bonpl. ex Willd.,20
4752,3085168,Achyranthes aspera L.,20
4753,3085191,Celosia argentea L.,20
4754,3086066,Guapira obtusata (Jacq.) Little,9
4755,3086282,Boerhavia diffusa L.,20
4756,3086325,Piper marginatum Jacq.,20
4757,3086328,Piper tuberculatum Jacq.,20
4758,3086333,Piper amalago L.,20
4759,3086349,Piper dilatatum Rich.,20
4760,3086357,Piper nigrum L.,20
4761,3086367,Peperomia pellucida (L.) Kunth,20
4762,3086412,Peperomia pellucida (L.) Kunth,20
4763,3086421,Peperomia serpens (Sw.) Loudon,16
4764,3086423,Peperomia obtusifolia (L.) A.Dietr.,20
4765,3086448,Peperomia tetraphylla (G.Forst.) Hook. & Arn.,20
4766,3086499,Peperomia urocarpa Fisch. & C.A.Mey.,20
4767,3086528,Rhizophora mangle L.,20
4768,3086845,Flaveria trinervia (Spreng.) C.Mohr,20
4769,3087027,Echinocoryne holosericea (Mart. ex DC.) H.Rob.,10
4770,3087687,Chromolaena horminoides DC.,14
4771,3087704,Chromolaena maximiliani (Schrad. ex DC.) R.M.King & H.Rob.,20
4772,3087709,Chromolaena tecta (Gardner) R.M.King & H.Rob.,16
4773,3087748,Chromolaena revoluta (Gardner) R.M.King & H.Rob.,6
4774,3087935,Chromolaena ivifolia (L.) R.M.King & H.Rob.,20
4775,3087955,Chromolaena leucocephala Gardner,20
4776,3087956,Chromolaena squalida (DC.) R.M.King & H.Rob.,19
4777,3088481,Tagetes minuta L.,20
4778,3088488,Tagetes patula L.,20
4779,3088794,Delilia biflora (L.) Kuntze,20
4780,3089214,Baccharis aliena (Spreng.) Joch.Müll.,20
4781,3089995,Inulopsis scaposa (DC.) O.Hoffm.,19
4782,3090113,Wunderlichia azulensis Maguire & G.M.Barroso,20
4783,3090114,Wunderlichia mirabilis Riedel ex Baker,20
4784,3090226,Chaptalia martii (Baker) Zardini,12
4785,3090309,Chaptalia integerrima (Vell.) Burkhardt,20
4786,3090320,Chaptalia exscapa (Pers.) Baker,20
4787,3090326,Trichogoniopsis podocarpa (DC.) R.M.King & H.Rob.,19
4788,3091470,Calyptocarpus brasiliensis (Nees & Mart.) B.L.Turner,20
4789,3092316,Melanthera latifolia (Gardner) Cabrera,20
4790,3092691,Soliva sessilis Ruiz & Pav.,20
4791,3092852,Spilanthes nervosa Chodat,17
4792,3092873,Spilanthes urens Jacq.,20
4793,3093702,Hypochaeris radicata L.,20
4794,3093791,Hypochaeris lutea (Vell.) Britton,20
4795,3093899,Hypochaeris albiflora (Kuntze) Azevêdo-Gonç. & Matzenb.,20
4796,3093911,Hypochaeris glabra L.,20
4797,3094599,Adenostemma involucratum R.M.King & H.Rob.,19
4798,3094787,Platypodanthera melissifolia (DC.) R.M.King & H.Rob.,14
4799,3095347,Austroeupatorium silphiifolium (Mart.) R.M.King & H.Rob.,15
4800,3096826,Barrosoa atlantica R.M.King & H.Rob.,15
4801,3098155,Praxelis capillaris (DC.) Sch.Bip.,20
4802,3098250,Conocliniopsis prasiifolia (DC.) R.M.King & H.Rob.,7
4803,3098459,Stilpnopappus pantanalensis H.Rob.,20
4804,3098763,Litothamnus ellipticus R.M.King & H.Rob.,16
4805,3098912,Cosmos bipinnatus Cav.,20
4806,3098932,Cosmos caudatus Kunth,20
4807,3098951,Cosmos sulphureus Cav.,20
4808,3099300,"Stylotrichium glomeratum Bautista, Rodr.Oubiña & S.Ortiz",6
4809,3099680,Vernonia helophila Mart. ex DC.,17
4810,3099738,Lepidaploa canescens (Kunth) H.Rob.,20
4811,3099809,Lepidaploa araripensis (Gardner) H.Rob.,16
4812,3099867,Lepidaploa aurea (Mart. ex DC.) H.Rob.,20
4813,3099884,Vernonia edmundoi G.M.Barroso,6
4814,3100375,Acanthospermum hispidum DC.,20
4815,3101011,Pseudognaphalium gaudichaudianum (DC.) Anderb.,20
4816,3102871,Xerochrysum bracteatum (Vent.) Tzvelev,20
4817,3103158,Gamochaeta americana (Mill.) Wedd.,20
4818,3103180,Gamochaeta antillana (Urb.) Anderb.,20
4819,3103209,Gamochaeta purpurea (L.) Cabrera,20
4820,3104023,Porophyllum obscurum (Spreng.) DC.,20
4821,3105782,Sonchus asper (L.) Hill,20
4822,3106781,Senecio stigophlebius Baker,17
4823,3107775,Senecio heterotrichius DC.,20
4824,3107780,Senecio brasiliensis (Spreng.) Less.,20
4825,3108093,Senecio westermanii Dusén,13
4826,3108411,Senecio langei Malme,18
4827,3108650,Senecio oleosus Vell.,18
4828,3109072,Senecio lanifer Mart. ex C.Jeffrey,20
4829,3110247,Noticastrum hatschbachii Zardini,20
4830,3110293,Facelis retusa (Lam.) Sch.Bip.,20
4831,3110510,Vernonanthura almedae (H.Rob.) H.Rob.,20
4832,3110524,Vernonanthura puberula (Less.) H.Rob.,18
4833,3111603,Leptostelma maxima D.Don,20
4834,3111622,Bahianthus viscosus (Spreng.) R.M.King & H.Rob.,20
4835,3112801,Cirsium vulgare (Savi) Ten.,20
4836,3113868,Ageratina dendroides (Spreng.) R.M.King & H.Rob.,20
4837,3115620,Heterocondylus alatus (Vell.) R.M.King & H.Rob.,20
4838,3115671,Stenachaenium megapotamicum (Spreng.) Baker,20
4839,3116842,Sphagneticola trilobata (L.) Pruski,20
4840,3117775,Lessingianthus tomentellus (Mart. ex DC.) H.Rob.,19
4841,3117777,Lessingianthus erythrophilus (DC.) H.Rob.,19
4842,3117844,Lessingianthus ligulifolius (Mart. ex DC.) H.Rob.,17
4843,3117869,Lessingianthus venosissimus (Sch.Bip. ex Baker) H.Rob.,19
4844,3117885,Lessingianthus warmingianus (Baker) H.Rob.,20
4845,3117917,Lepidaploa sororia (DC.) H.Rob.,18
4846,3118721,Egletes viscosa (L.) Less.,20
4847,3119658,Orthopappus angustifolius (Sw.) Gleason,20
4848,3119829,Apopyros warmingii (Baker) G.L.Nesom,16
4849,3120060,Achillea millefolium L.,20
4850,3121319,Artemisia absinthium L.,20
4851,3123755,Strophopappus glomeratus (Gardner) R.Esteves,18
4852,3123759,Strophopappus speciosus (Less.) R.Esteves,15
4853,3124011,Vernonanthura discolor (Spreng.) H.Rob.,20
4854,3124023,Vernonanthura petiolaris (DC.) H.Rob.,13
4855,3124084,Lepidaploa chamissonis (Less.) H.Rob.,20
4856,3124152,Vernonanthura brasiliana (L.) H.Rob.,20
4857,3124156,Vernonanthura divaricata (Spreng.) H.Rob.,14
4858,3124394,Vernonia polysphaera Baker,16
4859,3124514,Lepidaploa rufogrisea (A.St.-Hil.) H.Rob.,19
4860,3124546,Chrysolaena platensis (Spreng.) H.Rob.,20
4861,3124808,Lessingianthus exiguus (Cabrera) H.Rob.,14
4862,3124828,Cyrtocymura scorpioides (Lam.) H.Rob.,20
4863,3124854,Vernonanthura cuneifolia (Gardner) H.Rob.,20
4864,3125182,Lepidaploa remotiflora (Rich.) H.Rob.,20
4865,3125184,Lessingianthus rubricaulis (Bonpl.) H.Rob.,20
4866,3125438,Ichthyothere connata S.F.Blake,18
4867,3125679,Stevia cinerascens Sch.Bip. ex Baker,18
4868,3125901,Sigesbeckia orientalis L.,20
4869,3126538,Ayapana amygdalina (Lam.) R.M.King & H.Rob.,20
4870,3129169,Baccharis minutiflora Mart. ex Baker,19
4871,3129176,Baccharis dracunculifolia DC.,20
4872,3129241,Baccharis reticularia DC.,18
4873,3129265,Baccharis trimera (Less.) DC.,20
4874,3129361,Baccharis conyzoides (Less.) DC.,20
4875,3129384,Baccharis rufidula (Spreng.) Joch.Müll.,19
4876,3129397,Baccharis oreophila Malme,20
4877,3129459,Baccharis pauciflosculosa DC.,18
4878,3129512,Baccharis caprariifolia DC.,20
4879,3129516,Baccharis calvescens DC.,20
4880,3129545,Baccharis genistelloides (Lam.) Pers.,20
4881,3129556,Baccharis subtropicalis G.Heiden,20
4882,3129567,Baccharis anomala DC.,20
4883,3129570,Baccharis articulata (Lam.) Pers.,20
4884,3129577,Baccharis junciformis DC.,20
4885,3129615,Baccharis cinerea DC.,20
4886,3129674,Baccharis sagittalis (Less.) DC.,20
4887,3129770,Baccharis erioclada DC.,20
4888,3129784,Baccharis alleluia A.S.Oliveira & Deble,18
4889,3129789,Baccharis trilobata A.S.Oliveira & Marchiori,19
4890,3129794,Baccharis pentaptera (Less.) DC.,20
4891,3129847,Baccharis reticulata (Ruiz & Pav.) Pers.,18
4892,3129869,Baccharis uncinella DC.,20
4893,3129897,Baccharis milleflora (Less.) DC.,20
4894,3129911,Baccharis retusa DC.,20
4895,3129941,Baccharis oxyodonta DC.,20
4896,3129950,Baccharis dentata (Vell.) G.M.Barroso,19
4897,3129960,Baccharis crispa Spreng.,20
4898,3129964,Baccharis semiserrata DC.,20
4899,3130312,Dimerostemma vestitum (Baker) S.F.Blake,20
4900,3130315,Dimerostemma brasilianum Cass.,19
4901,3130433,Cyrtocymura mattos-silvae (H.Rob.) H.Rob.,14
4902,3130610,Chrysolaena flexuosa (Sims) H.Rob.,20
4903,3130696,Graphistylis organensis (Casar.) B.Nord.,18
4904,3130703,Senecio itatiaiae Dusén,19
4905,3130899,Gymnanthemum amygdalinum (Delile) Sch.Bip. ex Walp.,20
4906,3132457,Erechtites hieraciifolius (L.) Raf. ex DC.,20
4907,3133444,Cololobus longiangustatus (G.M.Barroso) H.Rob.,20
4908,3133605,Eremanthus mollis Sch.Bip.,20
4909,3133634,Eremanthus incanus (Less.) Less.,18
4910,3133658,Eremanthus uniflorus Mac Leish & H.Schumach.,19
4911,3133927,Coreopsis grandiflora Hogg ex Sweet,20
4912,3133938,Coreopsis lanceolata L.,20
4913,3133950,Coreopsis tinctoria Nutt.,20
4914,3136656,Hieracium commersonii Monnier,20
4915,3137405,Holocheilus illustris (Vell.) Cabrera,14
4916,3137723,Paralychnophora reflexoauriculata (G.M.Barroso) MacLeish,17
4917,3139542,Achyrocline albicans Griseb.,13
4918,3139573,Achyrocline arrojadoana Mattf.,14
4919,3140756,Riencourtia oblongifolia Gardner,12
4920,3141824,Stomatanthes corumbensis (B.L.Rob.) H.Rob.,18
4921,3142057,Chresta angustifolia Gardner,20
4922,3142072,Chresta harleyi H.Rob.,15
4923,3142080,Chresta sphaerocephala DC.,20
4924,3142085,Chresta exsucca DC.,20
4925,3142090,Chresta speciosa Gardner,20
4926,3142099,Chresta curumbensis (Philipson) H.Rob.,20
4927,3142398,Campuloclinium macrocephalum (Less.) DC.,20
4928,3142447,Austroeupatorium rosmarinaceum (Cabrera & Vittet) R.M.King & H.Rob.,9
4929,3142463,Disynaphia ligulifolia (Hook. & Arn.) R.M.King & H.Rob.,15
4930,3142471,Raulinoreitzia leptophlebia (B.L.Rob.) R.M.King & H.Rob.,19
4931,3142539,Symphyopappus casarettoi B.L.Rob.,20
4932,3142668,Heterocondylus vitalbae (DC.) R.M.King & H.Rob.,20
4933,3142713,Symphyopappus compressus (Gardner) B.L.Rob.,17
4934,3142721,Vittetia orbiculata (DC.) R.M.King & H.Rob.,19
4935,3142766,Chromolaena pedunculosa (Hook. & Arn.) R.M.King & H.Rob.,20
4936,3142867,Austroeupatorium picturatum (Malme) R.M.King & H.Rob.,20
4937,3142891,Disynaphia spathulata (Hook. & Arn.) R.M.King & H.Rob.,20
4938,3142897,Raulinoreitzia tremula (Hook. & Arn.) R.M.King & H.Rob.,20
4939,3144137,Mutisia campanulata Less.,20
4940,3144165,Mutisia coccinea var. dealbata (Less.) Cabrera,20
4941,3145214,Silybum marianum (L.) Gaertn.,20
4942,3146167,Richterago radiata (Vell.) Roque,17
4943,3147454,Calea marginata S.F.Blake,15
4944,3147462,Calea villosa Sch.Bip. ex Baker,20
4945,3147474,Calea uniflora Less.,20
4946,3147481,Calea polycephala (Baker) H.Rob.,16
4947,3147500,Calea hatschbachii Pruski & D.J.N.Hind,19
4948,3147617,Calea triantha (Vell.) Pruski,20
4949,3147621,Calea parvifolia (DC.) Baker,20
4950,3147650,Calea abbreviata Pruski & Urbatsch,6
4951,3148205,Verbesina glabrata Hook. & Arn.,20
4952,3150239,Pseudobrickellia brasiliensis (Spreng.) R.M.King & H.Rob.,19
4953,3150254,Pseudogynoxys cabrerae H.Rob. & Cuatrec.,18
4954,3150256,Pseudogynoxys chenopodioides (Kunth) Cabrera,20
4955,3151271,Chionolaena phylicoides (Gardner) Baker,20
4956,3152036,Muntingia calabura L.,20
4957,3152065,Triumfetta bogotensis DC.,19
4958,3152070,Triumfetta bartramia L.,10
4959,3152072,Triumfetta semitriloba Jacq.,20
4960,3152085,Corchorus hirtus L.,20
4961,3152195,Guazuma ulmifolia Lam.,20
4962,3152205,Theobroma cacao L.,20
4963,3152226,Bombax ceiba L.,20
4964,3152232,Quararibea turbinata (Sw.) Poir.,20
4965,3152240,Ochroma pyramidale (Cav.) Urb.,20
4966,3152268,Malvastrum coromandelianum (L.) Garcke,20
4967,3152300,Wissadula amplissima (L.) R.E.Fr.,20
4968,3152508,Rhynchosida physocalyx (A.Gray) Fryxell,20
4969,3152555,Hibiscus mutabilis L.,20
4970,3152583,Hibiscus syriacus L.,20
4971,3152591,Hibiscus bifurcatus Cav.,20
4972,3152595,Hibiscus radiatus Cav.,16
4973,3152661,Gossypium hirsutum L.,20
4974,3152666,Gossypium barbadense L.,20
4975,3152775,Malvaviscus arboreus Cav.,20
4976,3152776,Malvaviscus penduliflorus Moc. & Sessé ex DC.,20
4977,3152795,Thespesia populnea (L.) Sol. ex Corrêa,20
4978,3152803,Sidastrum paniculatum (L.) Fryxell,20
4979,3152846,Virola sebifera Aubl.,20
4980,3152847,Virola calophylla (Spruce) Warb.,20
4981,3152848,Virola surinamensis (Rol. ex Rottb.) Warb.,20
4982,3153276,Magnolia ovata (A.St.-Hil.) Spreng.,20
4983,3154786,Oxandra martiana (Schltdl.) R.E.Fr.,20
4984,3155622,Guatteria foliosa Benth.,20
4985,3155630,Guatteria sellowiana Schltdl.,20
4986,3155650,Guatteria inundata Mart.,20
4987,3155689,Guatteria pogonopus Mart.,18
4988,3155715,Guatteria macropus Mart.,14
4989,3155737,Guatteria maypurensis Kunth,18
4990,3155772,Guatteria punctata (Aubl.) R.A.Howard,20
4991,3155788,Guatteria citriodora Ducke,20
4992,3155791,Guatteria scytophylla Diels,20
4993,3155818,Guatteria guianensis (Aubl.) R.E.Fr.,20
4994,3155933,Guatteria tomentosa Rusby,20
4995,3155952,Guatteria latifolia (Mart.) R.E.Fr.,19
4996,3156884,Anaxagorea brevipes Benth.,20
4997,3156936,Bocageopsis multiflora (Mart.) R.E.Fr.,20
4998,3157107,Xylopia frutescens Aubl.,20
4999,3157121,Xylopia ochrantha Mart.,19
5000,3157191,Xylopia benthamii R.E.Fr.,20
5001,3157274,Xylopia langsdorfiana A.St.-Hil. & Tul.,19
5002,3157276,Xylopia emarginata Mart.,20
5003,3157532,Duguetia chrysocarpa Maas,18
5004,3157605,Duguetia furfuracea (A.St.-Hil.) Saff.,20
5005,3157798,Unonopsis guatterioides (A.DC.) R.E.Fr.,20
5006,3158200,Pseudoxandra spiritus-sancti Maas,20
5007,3158208,Pseudoxandra bahiensis Maas,16
5008,3167003,Triodanis perfoliata (L.) Nieuwl.,20
5009,3168467,Siphocampylus fluminensis (Vell.) E.Wimm.,20
5010,3168481,Siphocampylus betulifolius (Cham.) G.Don,20
5011,3168546,Siphocampylus lycioides (Cham.) G.Don,14
5012,3168771,Siphocampylus umbellatus (Kunth) G.Don,20
5013,3168801,Siphocampylus verticillatus (Cham.) G.Don,20
5014,3168845,Siphocampylus imbricatus (Cham.) G.Don,20
5015,3168943,Hippobroma longiflora (L.) G.Don,20
5016,3169418,Myrsine coriacea (Sw.) R.Br. ex Roem. & Schult.,19
5017,3169446,Myrsine guianensis (Aubl.) Kuntze,20
5018,3169659,Mandevilla hirsuta (Rich.) K.Schum.,20
5019,3169679,Hancornia speciosa Gomes,20
5020,3169756,Nerium oleander L.,20
5021,3169830,Catharanthus roseus (L.) G.Don,20
5022,3169836,Allamanda cathartica L.,20
5023,3169838,Allamanda schottii Pohl,20
5024,3170029,Voyria aphylla (Jacq.) Pers.,20
5025,3170241,Asclepias curassavica L.,20
5026,3170535,Ibatia maritima (Jacq.) Decne.,20
5027,3170562,Acicarpha tribuloides Juss.,20
5028,3170823,Paulownia tomentosa (Thunb.) Steud.,20
5029,3170862,Scrophularia peregrina L.,20
5030,3171751,Stemodia verticillata (Mill.) Hassl.,20
5031,3171840,Ruellia simplex C.Wright,20
5032,3171890,Lindernia crustacea (L.) F.Muell.,16
5033,3172014,Mecardonia procumbens (Mill.) Small,20
5034,3172057,Veronica serpyllifolia L.,20
5035,3172126,Calceolaria tripartita Ruiz & Pav.,20
5036,3172270,Jasminum fluminense Vell.,20
5037,3172272,Jasminum mesnyi Hance,20
5038,3172403,Utricularia amethystina Salzm. ex A.St.-Hil. & Girard,20
5039,3172407,Utricularia gibba L.,20
5040,3172419,Utricularia subulata L.,20
5041,3172490,Tecomaria capensis (Thunb.) Spach,20
5042,3172499,Jacaranda mimosifolia D.Don,20
5043,3172537,Tabebuia rosea (Bertol.) Bertero ex A.DC.,20
5044,3172569,Pyrostegia venusta (Ker Gawl.) Miers,20
5045,3172589,Amphilophium paniculatum (L.) Kunth,20
5046,3172592,Podranea ricasoliana (Tanfani) Sprague,20
5047,3172622,Sesamum indicum L.,20
5048,3172881,Episcia cupreata (Hook.fil.) Hanst.,20
5049,3172936,Eranthemum pulchellum Andrews,20
5050,3173082,Justicia comata (L.) Lam.,18
5051,3173122,Justicia brandegeeana Wassh. & L.B.Sm.,20
5052,3173128,Barleria cristata L.,20
5053,3173133,Pseuderanthemum carruthersii (Seem.) Guillaumin,20
5054,3173196,Hypoestes phyllostachya Baker,20
5055,3173254,Asystasia gangetica (L.) T.Anderson,20
5056,3173480,Melaleuca salicina Craven,20
5057,3173903,Myrcia variabilis DC.,20
5058,3173921,Myrcia deflexa (Poir.) DC.,20
5059,3173929,Myrcia tenuivenosa Kiaersk.,18
5060,3173954,Myrcia selloi (Spreng.) N.Silveira,20
5061,3173979,Myrcia inaequiloba (DC.) Lemée,19
5062,3174015,Myrcia hartwegiana (O.Berg) Kiaersk.,20
5063,3174058,Myrcia polyantha DC.,6
5064,3174074,Myrcia hexasticha Kiaersk.,17
5065,3174076,Myrcia anceps (Spreng.) O.Berg,20
5066,3174089,Myrcia fenzliana O.Berg,20
5067,3174095,Myrcia heringii D.Legrand,15
5068,3174105,Myrcia grandifolia Cambess.,18
5069,3174126,Myrcia sylvatica (G.Mey.) DC.,20
5070,3174136,Myrcia littoralis DC.,16
5071,3174137,Myrcia fenestrata DC.,19
5072,3174147,Myrcia uberavensis O.Berg,15
5073,3174231,Myrcia plusiantha Kiaersk.,19
5074,3174234,Myrcia brasiliensis Kiaersk.,20
5075,3174239,Myrcia lasiantha Mart. ex DC.,19
5076,3174270,Myrcia vittoriana Kiaersk.,19
5077,3174283,Myrcia tortuosa (O.Berg) N.Silveira,17
5078,3174341,Myrcia hatschbachii D.Legrand,15
5079,3174383,Myrcia crocea Kiaersk.,16
5080,3174410,Myrcia retorta Cambess.,18
5081,3174416,Myrcia tomentosa (Aubl.) DC.,20
5082,3174487,Myrcia bracteata (Rich.) DC.,20
5083,3174554,Myrcia reticulosa Miq.,13
5084,3174595,Myrcia saxatilis (Amshoff) McVaugh,20
5085,3174637,Myrcia aethusa (O.Berg) N.Silveira,20
5086,3174674,Myrcia pubipetala Miq.,20
5087,3174686,Myrcia eumecephylla (O.Berg) Nied.,19
5088,3174855,Myrcia oleifolia Cambess.,18
5089,3174889,Myrcia dichrophylla D.Legrand,13
5090,3174896,Myrcia pubiflora DC.,13
5091,3174904,Myrcia oblongata DC.,20
5092,3174914,Myrcia isaiana G.M.Barroso & Peixoto,18
5093,3175051,Myrcia tenuifolia (O.Berg) Sobral,16
5094,3175074,Myrcia multiflora (Lam.) DC.,20
5095,3175129,Myrcia thyrsoidea O.Berg,18
5096,3175130,Myrcia pubescens DC.,17
5097,3175142,Myrcia florida Lem.,18
5098,3175214,Myrcia insularis Gardner,20
5099,3175237,Myrcia morroqueimadensis Kiaersk.,5
5100,3175286,Myrcia intonsa (Mc Vaugh) B.Holst,10
5101,3175288,Myrcia eriocalyx DC.,20
5102,3175312,Myrcia bicolor Kiaersk.,16
5103,3175434,Myrrhinium atropurpureum Schott,20
5104,3176197,Eucalyptus camaldulensis Dehn.,20
5105,3176422,Eucalyptus benthamii Maiden & Cambage,17
5106,3176719,Eucalyptus tereticornis Sm.,20
5107,3176743,Eucalyptus robusta Sm.,20
5108,3176787,Eucalyptus globulus Labill.,20
5109,3177112,Eucalyptus viminalis Labill.,20
5110,3177175,Eucalyptus smithii F.Muell. ex R.T.Baker,20
5111,3177623,Calycolpus legrandii Mattos,9
5112,3180085,Myrtus communis L.,20
5113,3180880,Campomanesia aromatica (Aubl.) Griseb.,20
5114,3180896,Campomanesia simulans M.L.Kawas.,18
5115,3180897,Campomanesia anemonea Landrum,9
5116,3180909,Campomanesia aurea O.Berg,20
5117,3180919,Campomanesia guaviroba (DC.) Kiaersk.,20
5118,3180967,Campomanesia velutina (Cambess.) O.Berg,20
5119,3180974,Campomanesia hirsuta Gardner,20
5120,3180975,Campomanesia laurifolia Gardner,20
5121,3180981,Campomanesia pubescens (DC.) O.Berg,20
5122,3181043,Campomanesia ilhoensis Mattos,17
5123,3181047,Campomanesia grandiflora (Aubl.) Sagot,20
5124,3181051,Campomanesia reitziana D.Legrand,20
5125,3181064,Campomanesia xanthocarpa (Mart.) O.Berg,20
5126,3181076,Campomanesia neriiflora (O.Berg) Nied.,20
5127,3181106,Campomanesia guazumifolia (Cambess.) O.Berg,20
5128,3181127,Campomanesia phaea (O.Berg) Landrum,20
5129,3181140,Siphoneugena dussii (Krug & Urb.) Proença,20
5130,3181143,Siphoneugena guilfoyleiana Proença,16
5131,3181184,Siphoneugena reitzii D.Legrand,19
5132,3181977,Feijoa sellowiana (O.Berg) O.Berg,20
5133,3183002,Syzygium aromaticum (L.) Merr. & L.M.Perry,20
5134,3183534,Syzygium jambos (L.) Alston,20
5135,3184108,Syzygium paniculatum Gaertn.,20
5136,3184509,Syzygium malaccense (L.) Merr. & L.M.Perry,20
5137,3185111,Accara elegans (DC.) Landrum,19
5138,3185527,Myrceugenia campestris (DC.) D.Legrand & Kausel,17
5139,3185535,Myrceugenia scutellata D.Legrand,18
5140,3185585,Myrceugenia glaucescens (Cambess.) D.Legrand & Kausel,20
5141,3185639,Myrceugenia ovata var. nannophylla (Burret) Landrum,20
5142,3185653,Myrceugenia acutata D.Legrand,19
5143,3185702,Myrceugenia myrcioides (Cambessèdes) O.Berg,20
5144,3185734,Myrceugenia gertii Landrum,16
5145,3185761,Myrceugenia oxysepala (Burret) D.Legrand & Kausel,14
5146,3185766,Myrceugenia acutiflora (Kiaersk.) D.Legrand & Kausel,16
5147,3185795,Myrceugenia alpigena (A.DC.) Landrum,20
5148,3185852,Myrceugenia miersiana (Gardner) D.Legrand & Kausel,19
5149,3186353,Myrcia lenheirensis Kiaersk.,20
5150,3186408,Myrciaria cuspidata O.Berg,20
5151,3186435,Myrciaria ferruginea O.Berg,17
5152,3186479,Myrciaria glazioviana (Kiaersk.) G.M.Barroso ex Sobral,20
5153,3186487,Myrciaria pilosa Sobral & Couto,5
5154,3186938,Neomitranthes obscura (DC.) N.Silveira,20
5155,3186953,Neomitranthes obtusa Sobral & Zambom,11
5156,3187875,Blepharocalyx salicifolius (Kunth) O.Berg,20
5157,3188155,Myrcianthes gigantea (D.Legrand) D.Legrand,20
5158,3188340,Chamelaucium uncinatum Schauer,20
5159,3188507,Medinilla magnifica Lindl.,20
5160,3188525,Nepsera aquatica (Aubl.) Naudin,20
5161,3188559,Miconia affinis DC.,20
5162,3188562,Miconia prasina (Sw.) DC.,20
5163,3188564,Miconia racemosa (Aubl.) DC.,20
5164,3188577,Miconia mirabilis (Aubl.) L.O.Williams,20
5165,3188581,Miconia rubiginosa (Bonpl.) DC.,20
5166,3188582,Miconia lanata (DC.) Triana,13
5167,3188585,Miconia calvescens DC.,20
5168,3188616,Acisanthera quadrata Pers.,10
5169,3188642,Clidemia hirta (L.) D.Don,15
5170,3188645,Clidemia strigillosa (Sw.) DC.,13
5171,3188717,Ammannia latifolia L.,20
5172,3188725,Lagerstroemia indica L.,20
5173,3188747,Lythrum hyssopifolia L.,20
5174,3188811,Oenothera mollissima L.,20
5175,3189394,Terminalia catappa L.,20
5176,3189462,Hypericum mutilum L.,20
5177,3189718,Plantago australis Lam.,20
5178,3189767,Plantago major L.,20
5179,3189815,Aesculus hippocastanum L.,20
5180,3189846,Acer platanoides L.,20
5181,3189935,Cardiospermum grandiflorum Sw.,20
5182,3189939,Cardiospermum halicacabum L.,20
5183,3189949,Paullinia cupana Kunth,20
5184,3189950,Paullinia pinnata L.,20
5185,3190157,Citrus medica L.,20
5186,3190172,Citrus reticulata Blanco,20
5187,3190382,Ruta graveolens L.,20
5188,3190474,Azadirachta indica A.Juss.,20
5189,3190500,Guarea guidonia (L.) Sleumer,20
5190,3190513,Carapa guianensis Aubl.,20
5191,3190595,Spondias dulcis Parkinson,20
5192,3190598,Spondias purpurea L.,20
5193,3190647,Quassia amara L.,20
5194,3190741,Drosera graomogolensis T.Silva,20
5195,3190885,Drosera spiralis St.Hil.,20
5196,3190924,Drosera brevifolia Pursh,20
5197,3190957,Drosera villosa St.Hil.,20
5198,3190971,Drosera capillaris Poir.,20
5199,3190982,Drosera hirtella St.Hil.,20
5200,3191024,Drosera communis St.Hil.,20
5201,3191049,Drosera tentaculata Rivadavia,20
5202,3191157,Drosera intermedia Hayne,20
5203,3191221,Drosera montana St.Hil.,20
5204,3191325,Stigmaphyllon bannisterioides (L.) C.E.Andersson,20
5205,3191336,Bunchosia glandulifera (Jacq.) Kunth,20
5206,3191361,Byrsonima crassifolia (L.) Kunth,20
5207,3191363,Byrsonima coccolobifolia Kunth,20
5208,3196890,Sargassum ramifolium Kütz.,17
5209,3197125,Sargassum vulgare C.Agardh,20
5210,3197958,Colpomenia sinuosa (Mert. ex Roth) Derbès & Solier,20
5211,3198487,Hydroclathrus clathratus (C.Agardh) M.Howe,20
5212,3199421,Bachelotia antillarum (Grunov) Gerloff,15
5213,3200186,Padina pavonica (L.) Thivy,20
5214,3201027,"Pseudogoniochloris tripus (Pascher) Krienitz, E.Hegewald, O.Reymond & Peschke",20
5215,3208921,Trachelomonas armata (Ehrenb.) F.Stein,20
5216,3213704,"Diachea leucopodia (Bull.) Rostaf., 1874",20
5217,3213920,"Physarum album (Bull.) Chevall., 1826",20
5218,3231533,Marcetia taxifolia (A.St.-Hil.) DC.,20
5219,3231933,Arrojadoa rhodantha (Gürke) Britton & Rose,20
5220,3258127,"Diaphania indica (Saunders, 1851)",20
5221,3258248,"Polypria Dodd, 1915",8
5222,3260051,"Metallactus albopictus (Bug.) Suffrian & D.Sassi, 1866",60
5223,3260350,"Pachymerus Thunberg, 1805",20
5224,3260760,"Polemius LeConte, 1851",20
5225,3263414,"Semiotus Eschscholtz, 1829",20
5226,3314908,Phallus campanulatus Berk.,8
5227,3314966,Phallus merulinus (Berk.) Cooke,20
5228,3320440,Clitocybula azurea Singer,20
5229,3322210,Marasmius amazonicus Henn.,20
5230,3332035,Leucocoprinus brunneoluteus Capelari & Gimenes,20
5231,3333538,Leucoagaricus rubrotinctus (Peck) Singer,20
5232,3339846,Calvatia rugosa (Berk. & M.A.Curtis) D.A.Reid,20
5233,3344404,Agrocybe retigera (Speg.) Singer,20
5234,3346568,Entoloma azureoviride E.Horak & Singer,20
5235,3356846,Lachnocladium schweinfurthianum Henn.,18
5236,3390741,Cladonia imperialis Ahti & Marcelli,14
5237,3390868,Cladonia pityrophylla Nyl.,20
5238,3391172,Cladonia crispatula (Nyl.) Ahti,20
5239,3391641,Cladonia polyscypha Ahti & L.Xavier,19
5240,3450894,"Ophiocordyceps dipterigena (Berk. & Broome) G.H.Sung, J.M.Sung, Hywel-Jones & Spatafora",20
5241,3495838,Galiella spongiosa (Berk. & M.A.Curtis) Pfister,20
5242,3549650,Cryptothecia striata G.Thor,20
5243,3568025,Daphnopsis fasciculata (Meisn.) Nevling,20
5244,3568237,Daphnopsis coriacea Taub.,18
5245,3571265,Barjonia erecta (Vell.) K.Schum.,20
5246,3571455,Oxypetalum microphyllum Hook. & Arn.,19
5247,3571692,Ruehssia macrophylla (Humb. & Bonpl. ex Schult.) H.Karst.,20
5248,3572148,Matelea hispida (Hook. & Arn.) Bacigalupo,13
5249,3572445,Hoya pubicalyx Merr.,20
5250,3572687,Oxypetalum crispum Wight ex Hook.,20
5251,3573478,Oxypetalum appendiculatum Mart.,20
5252,3577070,Minaria cordata (Turcz.) T.U.P.Konno & Rapini,18
5253,3577092,Minaria acerosa (Mart.) T.U.P.Konno & Rapini,15
5254,3578934,Asclepias candida Vell.,20
5255,3579717,Peplonia asteria (Vell.) Fontella & E.A.Schwarz,19
5256,3580476,Ditassa hastata Decne.,20
5257,3581181,Ditassa blanchetii Decne.,17
5258,3581222,Ditassa banksii Roem. & Schult.,20
5259,3581746,Gonolobus parviflorus Decne.,20
5260,3581820,Jobinia connivens (Hook. & Arn.) Malme,20
5261,3582023,Oxypetalum warmingii (E.Fourn.) Fontella & Marquete,20
5262,3583416,Cyperus sesquiflorus (Torr.) Mattf. & Kük.,20
5263,3585106,Isoetes ramboi Herter,8
5264,3585618,Clavija spinosa (Vell.) Mez,20
5265,3585702,Clavija nutans (Vell.) B.Ståhl,20
5266,3586046,Gladiolus × hortulanus L.H.Bailey,14
5267,3586508,Passiflora capparidifolia Killip,20
5268,3586549,Passiflora candollei Triana & Planch.,20
5269,3586557,Passiflora variolata Poepp. & Endl.,20
5270,3586572,Mitostemma glaziovii Mast.,20
5271,3586573,Passiflora campanulata Mast.,19
5272,3586594,Passiflora pohlii Mast.,20
5273,3586611,Passiflora silvestris Vell.,20
5274,3586613,Passiflora urubiciensis Cervi,12
5275,3586641,Passiflora sidifolia M.Roem.,20
5276,3586669,Passiflora mucronata Lam.,20
5277,3586708,Passiflora setulosa Killip,5
5278,3586769,Passiflora actinia Hook.,20
5279,3586859,Passiflora garckei Mast.,20
5280,3586920,Passiflora truncata Regel,19
5281,3587005,Passiflora misera Kunth,20
5282,3587007,Passiflora phellos Feuillet,18
5283,3587072,Passiflora trintae Sacco,20
5284,3587076,Passiflora miniata Vanderpl.,20
5285,3587090,Passiflora miersii Mast.,20
5286,3587131,Passiflora micropetala Mast.,20
5287,3587201,Passiflora saccoi Cervi,12
5288,3587487,Passiflora balbis Feuillet,20
5289,3587521,Passiflora hypoglauca Harms,7
5290,3587545,Passiflora marginata Mast.,6
5291,3587555,Passiflora margaritae Sacco,20
5292,3587639,Passiflora holtii Killip,19
5293,3587710,Passiflora faroana Harms,17
5294,3587727,Passiflora farneyi Pessoa & Cervi,20
5295,3587742,Passiflora recurva Mast.,19
5296,3587788,Passiflora ovalis Vell.,20
5297,3587803,Passiflora cirrhiflora Juss.,20
5298,3587883,Passiflora deidamioides Harms,20
5299,3587978,Passiflora subrotunda Mast.,20
5300,3588027,Passiflora araujoi Sacco,20
5301,3588083,Passiflora elegans Mast.,18
5302,3588093,Passiflora chlorina L.K.Escobar,5
5303,3588105,Passiflora hatschbachii Cervi,6
5304,3588157,Passiflora eichleriana Mast.,20
5305,3588174,Passiflora ceratocarpa Silveira,19
5306,3588184,Passiflora amethystina J.C.Mikan,20
5307,3588212,Dilkea johannesii Barb.Rodr.,15
5308,3588268,Passiflora longiracemosa Ducke,20
5309,3588281,Passiflora villosa Vell.,19
5310,3588291,Passiflora edmundoi Sacco,20
5311,3588334,Passiflora catharinensis Sacco,8
5312,3588360,Passiflora spinosa (Poepp. & Endl.) Mast.,20
5313,3588367,Passiflora porophylla Vell.,20
5314,3588401,Passiflora speciosa Gardner,20
5315,3588701,Aristolochia melastoma Silva Manso ex Duch.,20
5316,3588797,Aristolochia cynanchifolia Mart. & Zucc.,19
5317,3588851,Aristolochia bahiensis F.González,5
5318,3589027,Aristolochia arcuata Mast.,20
5319,3589138,Aristolochia paulistana Hoehne,15
5320,3589381,Aristolochia gardneri Duch.,6
5321,3589399,Aristolochia chiquitensis Duch.,20
5322,3589560,Aristolochia rugosa Lam.,19
5323,3589712,Aristolochia ridicula N.E.Br.,20
5324,3589750,Aristolochia eriantha Mart. & Zucc.,16
5325,3596090,Crocanthemum brasiliense (Lam.) Spach,20
5326,3597442,Leretia cordata Vell.,20
5327,3598153,Cyathea leucolepismata Alston,18
5328,3598161,Cyathea poeppigii (Hook.) Domin,19
5329,3598174,Cyathea leucofolis Domin,18
5330,3598487,Cyathea dichromatolepis (Fée) Domin,20
5331,3598563,Cyathea delgadii Pohl ex Sternb.,20
5332,3598774,Cyathea cyatheoides (Desv.) K.U.Kramer,20
5333,3599017,Cyathea corcovadensis (Raddi) Domin,20
5334,3599925,Cyathea rufa (Fée) Lellinger,18
5335,3599960,Cyathea glaziovii Domin,20
5336,3600004,Cyathea microdonta (Desv.) Domin,20
5337,3604387,Anthurium gomesianum Nadruz,20
5338,3604985,Dennstaedtia mathewsii (Hook.) C.Chr.,18
5339,3605086,Saccoloma membranaceum Mickel,11
5340,3606134,Lindsaea pallida Klotzsch,20
5341,3606167,Lindsaea ovoidea Fée,16
5342,3606183,Lindsaea bifida (Kaulf.) Mett. ex Kuhn,17
5343,3606201,Lindsaea ulei Hieron.,10
5344,3606233,Lindsaea divaricata Klotzsch,20
5345,3606284,Lindsaea dubia Spreng.,20
5346,3606301,Lindsaea arcuata Kunze,16
5347,3606658,Polyphlebium capillaceum (L.) Ebihara & Dubuisson,20
5348,3606709,Hymenophyllum pulchellum Schltdl. & Cham.,14
5349,3606910,Vandenboschia rupestris (Raddi) Ebihara & K.Iwats.,13
5350,3607071,Hymenophyllum plumosum Kaulf.,17
5351,3607108,Polyphlebium hymenophylloides (Bosch) Ebihara & Dubuisson,15
5352,3607466,Didymoglossum membranaceum (L.) Vareschi,12
5353,3607560,Hymenophyllum venustum Desv.,15
5354,3607597,Trichomanes krausii Hook. & Grev.,20
5355,3607608,Didymoglossum kapplerianum (J.W.Sturm) Ebihara & Dubuisson,20
5356,3607892,Trichomanes angustifrons (Fée) Wess.Boer,18
5357,3613768,Weinmannia humilis Engl.,20
5358,3613895,Lamanonia ternata Vell.,20
5359,3613905,Lamanonia speciosa (Cambess.) L.B.Sm.,15
5360,3614691,Plumeria pudica Jacq.,20
5361,3614842,Couma utilis (Mart.) Müll.Arg.,20
5362,3614844,Aspidosperma australe Müll.Arg.,20
5363,3615315,Mandevilla velame (A.St.-Hil.) Pichon,20
5364,3615616,Condylocarpon isthmicum (Vell.) A.DC.,20
5365,3615793,Rhabdadenia madida (Vell.) Miers,20
5366,3616220,Mandevilla scabra (Hoffm. ex Roem. & Schult.) Schum.,20
5367,3616705,Aspidosperma spruceanum Benth. ex Müll.Arg.,17
5368,3616928,Tabernaemontana hystrix Steud.,20
5369,3616986,Mandevilla myriophyllum (Taub.) Woodson,20
5370,3617023,Rauvolfia paucifolia A.DC.,18
5371,3617449,Tabernaemontana flavicans Willd. ex Roem. & Schult.,20
5372,3617521,Rauvolfia mattfeldiana Markgr.,13
5373,3617528,Aspidosperma parvifolium A.DC.,20
5374,3617691,Forsteronia montana Müll.Arg.,11
5375,3617908,Forsteronia glabrescens Müll.Arg.,20
5376,3617992,Rauvolfia grandiflora Mart. ex A.DC.,12
5377,3618021,"Mandevilla grazielae M.F.Sales, Kin.-Gouv. & A.O.Simões",20
5378,3618145,Mandevilla fragrans (Stadelm.) Woodson,17
5379,3618312,Aspidosperma illustre (Vell.) Kuhlm. & Piraja,18
5380,3618493,"Mandevilla dardanoi M.F.Sales, Kin.-Gouv. & A.O.Simões",18
5381,3618586,Aspidosperma eteanum Markgr.,13
5382,3619820,Molongum laxum (Benth.) Pichon,20
5383,3620147,Malouetia cestroides (Nees ex Mart.) Müll.Arg.,18
5384,3620767,Stipecoma peltigera (Stadelm.) Müll.Arg.,20
5385,3621389,Tabernaemontana undulata Vahl,20
5386,3621462,Himatanthus phagedaenicus (Mart.) Woodson,20
5387,3621592,Himatanthus drasticus (Mart.) Plumel,20
5388,3622079,Ceratosanthes palmata (L.) Urb.,20
5389,3622534,Cayaponia villosissima Cogn.,15
5390,3622631,Cayaponia trifoliolata (Cogn.) Cogn.,15
5391,3622677,Gurania subumbellata (Miq.) Cogn.,20
5392,3622726,Cayaponia tayuya (Vell.) Cogn.,20
5393,3622825,Gurania sellowiana (Schltdl.) Cogn.,11
5394,3623102,Gurania paulista Cogn.,9
5395,3623156,Cayaponia palmata Cogn.,19
5396,3623397,Gurania lobata (L.) Pruski,20
5397,3624043,Gurania bignoniacea (Poepp. & Endl.) C.Jeffrey,20
5398,3624104,Cayaponia cabocla (Vell.) Mart.,18
5399,3625017,Sicyos edulis Jacq.,20
5400,3625153,Fevillea bahiensis G.L.Rob. & Wunderlin,6
5401,3626427,Oxalis cerradoana Lourteig,5
5402,3627722,Oxalis linarantha Lourteig,20
5403,3627794,Oxalis geralensis R.Knuth,20
5404,3627929,Oxalis tenerrima R.Knuth,20
5405,3628094,Oxalis cordata A.St.-Hil.,20
5406,3628291,Oxalis myriophylla A.St.-Hil.,12
5407,3628976,Eryngium ombrophilum Dusén & H.Wolff,13
5408,3630058,Eryngium lassauxii Decne.,8
5409,3630199,Eryngium juncifolium (Urb.) Mathias & Constance,19
5410,3631768,Eryngium ekmanii H.Wolff,17
5411,3631778,Klotzschia glaziovii Urb.,20
5412,3632597,Eryngium chamissonis Urb.,12
5413,3633285,Eryngium balansae H.Wolff,18
5414,3638106,Hydrocotyle fluminensis Vell.,15
5415,3641651,Eryngium subinerme (H.Wolff) Mathias & Constance,20
5416,3641954,Eryngium serra Cham. & Schltdl.,20
5417,3642034,Eryngium scirpinum Cham.,14
5418,3643159,Symplocos celastrinea Mart.,20
5419,3643859,Symplocos tetrandra (Mart.) Mart.,20
5420,3643920,Symplocos tenuifolia Brand,19
5421,3648488,Unonopsis sanctae-teresae Maas & Westra,15
5422,3648569,Unonopsis aurantiaca Maas & Westra,20
5423,3649122,Humiriastrum dentatum (Casar.) Cuatrec.,18
5424,3649177,Vantanea bahiaensis Cuatrec.,19
5425,3649189,Humiriastrum mussungense Cuatrec.,19
5426,3649249,Octomeria aloefolia Barb.Rodr.,5
5427,3649397,Bulbophyllum weddellii (Lindl.) Rchb.f.,20
5428,3659893,Tapirira retusa Ducke,18
5429,3660775,Spondias venulosa (Mart. ex Engl.) Engl.,20
5430,3661243,Spondias macrocarpa Engl.,5
5431,3668265,Guazuma crinita Mart.,20
5432,3668969,Byttneria hatschbachii Cristóbal,18
5433,3669176,Byttneria genistella Triana & Planch.,16
5434,3669286,Ayenia erecta Mart. ex K.Schum.,20
5435,3669641,Ayenia blanchetiana K.Schum.,17
5436,3669728,Ayenia angustifolia A.St.-Hil. & Naudin,15
5437,3676921,Ipomoea indivisa (Vell.) Hallier fil.,20
5438,3677342,Ipomoea brasiliana (Choisy) Meisn.,20
5439,3677360,Evolvulus imbricatus Mart. ex Colla,12
5440,3677489,Cuscuta partita Choisy,20
5441,3678351,Evolvulus cordatus Moric.,14
5442,3678423,Ipomoea decora Meisn.,18
5443,3678752,Ipomoea argentea Meisn.,20
5444,3679238,Ipomoea fimbriosepala Choisy,20
5445,3680076,Calycobolus glaber (Kunth) House,20
5446,3680906,Dichondra parvifolia Meisn.,18
5447,3680964,Ipomoea longeramosa Choisy,20
5448,3680965,Dichondra macrocalyx Meisn.,20
5449,3681507,Ipomoea monticola (Meisn.) O'Donell,12
5450,3681985,Evolvulus rariflorus (Meisn.) Ooststr.,16
5451,3682014,Cuscuta serrata Yunck.,7
5452,3682433,Chionanthus filiformis (Vell.) P.S.Green,19
5453,3682631,Jasminum polyanthum Franch.,20
5454,3684839,Chionanthus micranthus (Mart.) Lozano & Fuertes,14
5455,3685374,Sparattanthelium tupiniquinorum Mart.,13
5456,3685507,Dulacia macrophylla (Benth.) Kuntze,18
5457,3685706,Schoepfia brasiliensis A.DC.,20
5458,3685770,Aptandra tubicina (Poepp.) Benth. ex Miers,19
5459,3686484,Rourea glazioui G.Schellenb.,20
5460,3686496,Connarus detersus Planch.,19
5461,3686580,Connarus punctatus Planch.,18
5462,3686612,Rourea gardneriana Planch.,10
5463,3686819,Rourea doniana Baker,20
5464,3687220,Rourea camptoneura Radlk.,13
5465,3687294,Connarus favosus Planch.,20
5466,3693933,Erythroxylum rosuliferum O.E.Schulz,16
5467,3693938,Erythroxylum ovalifolium Peyr.,16
5468,3693946,Erythroxylum tortuosum Mart.,20
5469,3693998,Erythroxylum tenue Plowman,9
5470,3694060,Erythroxylum subrotundum A.St.-Hil.,18
5471,3694113,Erythroxylum nobile O.E.Schulz,13
5472,3694220,Erythroxylum cuspidifolium Mart.,17
5473,3694252,Erythroxylum pelleterianum A.St.-Hil.,19
5474,3694417,Erythroxylum columbinum Mart.,13
5475,3694555,Ouratea hatschbachii K.Yamam.,11
5476,3694848,Ouratea multiflora (Pohl) Engl.,19
5477,3695427,Luxemburgia ciliosa (Mart.) Gardner,10
5478,3696110,Ouratea crassa Tiegh.,9
5479,3696229,Ouratea confertiflora (Pohl) Engl.,20
5480,3696607,Ouratea oliviformis (A.St.-Hil.) Engl.,20
5481,3697229,Nymphaea pulchella DC.,20
5482,3698325,Combretum glaucocarpum Mart.,20
5483,3698829,Combretum leprosum Mart.,20
5484,3699031,Combretum duarteanum Cambess.,20
5485,3699632,Combretum indicum (L.) Jongkind,20
5486,3699658,Terminalia eichleriana Alwan & Stace,12
5487,3699917,Terminalia mameluco Pickel,19
5488,3700547,Guapira venosa (Choisy) Lundell,20
5489,3700581,Neea theifera Oerst.,20
5490,3701130,Guapira nitida (Mart. ex J.A.Schmidt) Lundell,19
5491,3703606,Carpobrotus acinaciformis (L.) L.Bolus,20
5492,3708701,Picramnia parvifolia Engl.,20
5493,3708718,Picramnia bahiensis Turcz.,16
5494,3709147,Simaba orinocensis Kunth,20
5495,3709163,Picramnia spruceana Engl.,20
5496,3709671,Laurembergia tetrandra (Schott) Kanitz,20
5497,3710038,Selaginella producta Baker,20
5498,3710086,Selaginella sellowii Hieron.,20
5499,3710258,Selaginella valida Alston,10
5500,3710309,Selaginella coarctata Mart. ex Spring,10
5501,3710342,Selaginella umbrosa Lem. ex Hieron.,18
5502,3710349,Selaginella flexuosa Spring,18
5503,3710552,Selaginella epirrhizos Spring,20
5504,3710645,Selaginella suavis (Spring) Spring,18
5505,3710689,Selaginella breynii Spring,18
5506,3710713,Selaginella muscosa Spring,20
5507,3710825,Hypericum ternum A.St.-Hil.,15
5508,3710848,Tovomita umbellata Benth.,11
5509,3711021,Tovomita riedeliana Engl.,10
5510,3713173,Hypericum piriai Arechav.,13
5511,3713651,Kielmeyera pulcherrima L.B.Sm.,12
5512,3713672,Vismia pentagyna (Spreng.) Ewan,20
5513,3713731,Kielmeyera occhioniana Saddi,10
5514,3713772,Vismia martiana Rchb.fil.,20
5515,3714176,Kielmeyera argentea Choisy,5
5516,3714286,Hypericum carinatum Griseb.,17
5517,3714568,Garcinia gardneriana (Planch. & Triana) Zappi,20
5518,3714603,Hypericum microlicioides L.B.Sm.,7
5519,3716988,Myrcia squamata (Mattos & D.Legrand) Mattos,10
5520,3718262,Clethra uleana Sleumer,14
5521,3718852,Cybianthus brasiliensis (Mez) G.Agostini,19
5522,3718899,Cybianthus blanchetii (A.DC.) G.Agostini,16
5523,3719247,Myrsine villosissima Mart.,20
5524,3720372,Myrsine parvula (Mez) Otegui,19
5525,3720387,Myrsine parvifolia A.DC.,20
5526,3720689,Myrsine monticola Mart.,17
5527,3721062,Myrsine lineata (Mez) Imkhan.,19
5528,3721173,Myrsine lancifolia Mart.,20
5529,3721530,Stylogyne warmingii Mez,17
5530,3721611,Myrsine gardneriana A.DC.,20
5531,3722035,Cybianthus quelchii (N.E.Br.) G.Agostini,20
5532,3722165,Cybianthus brasiliensis (Mez) G.Agostini,18
5533,3727532,Agalinis bandeirensis Barringer,20
5534,3730104,Stemodia trifoliata (Link) Rchb.,20
5535,3730798,Bacopa arenaria (J.A.Schmidt) Loefgr. & Edwall,12
5536,3731160,Stemodia foliosa Benth.,20
5537,3731224,Bacopa cochlearia (Huber) L.B.Sm.,20
5538,3741919,Angelonia tomentosa Moric. ex Benth.,20
5539,3741949,Angelonia pubescens Benth.,20
5540,3742081,Angelonia goyazensis Benth.,20
5541,3742158,Angelonia cornigera Hook.fil.,17
5542,3742247,Angelonia biflora Benth.,20
5543,3742969,Virola officinalis Warb.,20
5544,3743067,Virola mollissima (A.DC.) Warb.,18
5545,3743181,Iryanthera tricornis Ducke,17
5546,3743197,Iryanthera tessmannii Markgr.,18
5547,3743377,Virola gardneri (A.DC.) Warb.,20
5548,3743728,Otoba novogranatensis Moldenke,20
5549,3743774,Otoba glycycarpa (Ducke) W.A.Rodrigues & T.S.Jaram.,19
5550,3743777,Iryanthera sagotiana (Benth.) Warb.,20
5551,3743800,Iryanthera polyneura Ducke,13
5552,3743817,Iryanthera paradoxa (Schwacke) Warb.,20
5553,3743830,Iryanthera olacoides (A.C.Sm.) A.C.Sm.,17
5554,3743924,Iryanthera lancifolia Ducke,19
5555,3743937,Iryanthera laevis Markgr.,20
5556,3743957,Iryanthera juruensis Warb.,20
5557,3744089,Virola subsessilis (Benth.) Warb.,10
5558,3744236,Virola pavonis (A.DC.) A.C.Sm.,20
5559,3744248,Virola parvifolia Ducke,7
5560,3744735,Schizaea incurvata Schkuhr,20
5561,3746476,Doryopteris pentagona Pic.Serm.,20
5562,3747392,Adiantum mynsseniae J.Prado,13
5563,3747710,Cheilanthes obducta Mett. ex Kuhn,12
5564,3747895,Adiantum terminatum Kunze ex Miq.,20
5565,3747936,Hemionitis rufa (L.) Sw.,20
5566,3748022,Ormopteris pinnata (Kaulf.) Lellinger,15
5567,3748361,Adiantum lorentzii Hieron.,20
5568,3748448,Pityrogramma chaerophylla (Desv.) Domin,10
5569,3749205,Adiantum incertum Lindm.,11
5570,3749246,Adiantum humile Kunze,20
5571,3749249,Adiantum abscissum Schrad.,19
5572,3749440,Pellaea gleichenioides (Gardner) Christ,12
5573,3749757,Adiantum pseudotinctum Hieron.,19
5574,3749759,Adiantum gracile Fée,13
5575,3749961,Adiantopsis regularis (Mett.) T.Moore,19
5576,3750023,Adiantopsis perfasciculata Sehnem,14
5577,3750054,Cheilanthes micropteris Sw.,20
5578,3750068,Doryopteris sagittifolia (Raddi) J.Sm.,19
5579,3750161,Adiantum philippense L.,20
5580,3750228,Adiantum pentadactylon Langsd. & Fisch.,20
5581,3750332,Adiantopsis alata Prantl,11
5582,3751038,Grammitis fluminensis Fée,14
5583,3751724,Ceradenia pruinosa (Maxon) L.E.Bishop,14
5584,3751967,Enterosora trichosora (Hook.) L.E.Bishop,15
5585,3751985,Lellingeria depressa (C.Chr.) A.R.Sm. & R.C.Moran,10
5586,3752008,Enterosora parietina (Klotzsch) L.E.Bishop,20
5587,3752103,Ceradenia jungermannioides (Klotzsch) L.E.Bishop,17
5588,3752104,Lellingeria apiculata (Kunze ex Klotzsch) A.R.Sm. & R.C.Moran,14
5589,3760960,Goupia glabra Aubl.,20
5590,3761016,Kuhlmanniodendron apterocarpum (Kuhlm.) Fiaschi & Groppo,18
5591,3762649,Dorstenia vitifolia Gardner,20
5592,3762794,Dorstenia turnerifolia Fisch. & C.A.Mey.,20
5593,3763071,"Sorocea bonplandii (Baill.) W.C.Burger, Lanj. & Wess.Boer",20
5594,3763127,Brosimum lactescens (Moore) C.C.Berg,20
5595,3763190,Brosimum glaucum Taub.,12
5596,3764170,Pseudolmedia laevis (Ruiz & Pav.) J.F.Macbr.,20
5597,3764823,"Dorstenia gracilis Carauta, C.Valente & D.S.D.Araujo",9
5598,3764842,Helicostylis scabra (J.F.Macbr.) C.C.Berg,19
5599,3765057,Helianthostylis sprucei Baill.,17
5600,3765879,Dorstenia bonijesu Carauta & C.Valente,17
5601,3766152,Dorstenia appendiculata Miq.,15
5602,3766397,Trymatococcus amazonicus Poepp. & Endl.,19
5603,3767028,Naucleopsis stipularis Ducke,13
5604,3767082,Naucleopsis oblongifolia (Kuhlm.) Carauta,20
5605,3769624,Justicia glaziovii (Hiern) Lindau,18
5606,3769966,Justicia riedeliana (Nees) V.A.W.Graham,20
5607,3770188,Justicia carnea Lindl.,20
5608,3770626,Justicia calycina (Nees) V.A.W.Graham,20
5609,3771015,Barleria repens Nees,20
5610,3771127,Justicia brasiliana Roth,20
5611,3771414,Justicia polystachya Lam.,20
5612,3771515,Justicia polita (Nees) Profice,19
5613,3771786,Stenandrium irwinii Wassh.,16
5614,3771921,Pseuderanthemum verbenaceum (Nees & Mart.) Radlk.,12
5615,3772253,Justicia asclepiadea (Nees) Wassh. & C.Ezcurra,19
5616,3773061,Megaskepasma erythrochlamys Lindau,20
5617,3773190,Pseuderanthemum heterophyllum (Nees) Radlk.,20
5618,3773687,Pseuderanthemum corcovadense (Regel) Lindau,20
5619,3773838,Justicia nodicaulis (Pohl ex Nees) Leonard,20
5620,3774911,Justicia meyeniana (Nees) Lindau,20
5621,3775655,Justicia lythroides (Nees) V.A.W.Graham,19
5622,3775752,Lepidagathis sessilifolia (Pohl) Kameyama ex Wassh. & J.R.I.Wood,20
5623,3776150,Lepidagathis nemoralis (Mart. ex Nees) Kameyama,20
5624,3776906,Aphelandra sinclairiana Nees,20
5625,3776943,Lepidagathis cyanea (Leonard) Kameyama,20
5626,3776959,Justicia lanstyakii Rizzini,20
5627,3777778,Aphelandra ornata (Nees) T.Anderson,20
5628,3777868,Aphelandra nitida Nees & Mart.,18
5629,3778221,Aphelandra margaritae É.Morren,20
5630,3778361,Brillantaisia lamium (Nees) Benth.,20
5631,3778475,Sanchezia tigrina Leonard,20
5632,3778815,Sanchezia parvibracteata Sprague & Hutch.,20
5633,3778854,Sanchezia oblonga Ruiz & Pav.,20
5634,3779498,Aphelandra espirito-santensis Profice & Wassh.,20
5635,3779986,Justicia floribunda (J.J.Veitch) Wassh.,20
5636,3780308,Aphelandra blanchetiana (Nees) Hook.fil.,14
5637,3780512,Justicia symphyantha (Nees ex Mart.) Lindau,20
5638,3781453,Justicia simonisia V.A.W.Graham,18
5639,3781599,Justicia cydoniifolia (Nees) Lindau,17
5640,3781871,Justicia sebastianopolitanae Profice,20
5641,3782090,Mollinedia sphaerantha Perkins,18
5642,3782248,Mollinedia boracensis Peixoto,19
5643,3782279,Mollinedia lamprophylla Perkins,18
5644,3782381,Hennecartia omphalandra Poiss.,20
5645,3782389,Mollinedia acutissima Perkins,19
5646,3782598,Siparuna brasiliensis (Spreng.) A.DC.,20
5647,3782632,Siparuna bifida (Poepp. & Endl.) A.DC.,18
5648,3782655,Macrotorus utriculatus (Mart.) Perkins,20
5649,3782658,Mollinedia glabra (Spreng.) Perkins,18
5650,3782676,Mollinedia gilgiana Perkins,20
5651,3783039,Mollinedia clavigera Tul.,20
5652,3783628,Glischrothamnus ulei Pilg.,16
5653,3784037,Matayba purgans (Poepp.) Radlk.,20
5654,3784147,Paullinia itayensis J.F.Macbr.,19
5655,3784275,Matayba juglandifolia (Cambess.) Radlk.,16
5656,3784293,Matayba intermedia Radlk.,20
5657,3784349,Paullinia globosa Killip & Cuatrec.,20
5658,3784400,Cupania tenuivalvis Radlk.,15
5659,3784723,Cupania rugosa Radlk.,7
5660,3784949,Cupania platycarpa Radlk.,17
5661,3785152,Paullinia carpopoda Cambess.,16
5662,3785212,Cupania ludowigii Somner & Ferrucci,20
5663,3785232,Paullinia bracteosa Radlk.,18
5664,3785662,Pseudima frutescens (Aubl.) Radlk.,20
5665,3785722,Cupania emarginata Cambess.,20
5666,3785805,Cupania diphylla Vahl,20
5667,3785984,Cupania cinerea Poepp. & Endl.,20
5668,3786042,Cupania bracteosa Radlk.,9
5669,3786081,Tripterodendron filicifolium Radlk.,17
5670,3786342,Toulicia guianensis Aubl.,20
5671,3787085,Paullinia uloptera Radlk.,19
5672,3787203,Paullinia trigonia Vell.,20
5673,3787646,Diatenopteryx sorbifolia Radlk.,20
5674,3787694,Paullinia seminuda Radlk.,20
5675,3787785,Thinouia obliqua Radlk.,20
5676,3787794,Thinouia myriantha Triana & Planch.,19
5677,3787827,Paullinia rhomboidea Radlk.,19
5678,3787906,Cardiospermum anomalum Cambess.,15
5679,3788170,Talisia longifolia (Benth.) Radlk.,16
5680,3788266,Averrhoidium gardnerianum Baill.,15
5681,3788272,Averrhoidium dalyi Acev.-Rodr. & Ferrucci,17
5682,3788345,Talisia esculenta (A.St.-Hil.) Radlk.,20
5683,3788361,Melicoccus espiritosantensis Acev.-Rodr.,19
5684,3788413,Paullinia micrantha Cambess.,14
5685,3789937,Sticherus nigropaleaceus (J.W.Sturm) J.Prado & Lellinger,12
5686,3790219,Sticherus lanuginosus (Fée) Nakai,20
5687,3790390,Sticherus gracilis (Mart.) Copel.,18
5688,3790726,Maytenus boaria Molina,20
5689,3790743,Cheiloclinium cognatum (Miers) A.C.Sm.,20
5690,3790759,Cheiloclinium belizense (Standl.) A.C.Sm.,19
5691,3792795,Fraunhofera multiflora Mart.,20
5692,3794851,Mimosa accedens Barneby,11
5693,3794942,Mimosa minarum Barneby,14
5694,3795036,Mimosa maguirei Barneby,14
5695,3795291,Mimosa hatschbachii Barneby,11
5696,3795564,Mimosa urticaria Barneby,13
5697,3795588,Vachellia caven (Molina) Seigler & Ebinger,20
5698,3795607,Pityrocarpa moniliformis (Benth.) Luckow & R.W.Jobson,20
5699,3795669,Mimosa thomista Barneby,11
5700,3795744,Mimosa suburbana Barneby,10
5701,3795799,Senegalia tucumanensis (Griseb.) Seigler & Ebinger,20
5702,3795891,Mimosa decorticans Barneby,15
5703,3795895,Mimosa deceptrix Barneby,17
5704,3795933,Senegalia pedicellata (Benth.) Seigler & Ebinger,18
5705,3795936,Senegalia parviceps (Speg.) Seigler & Ebinger,19
5706,3795960,Senegalia nitidifolia (Speg.) Seigler & Ebinger,20
5707,3796066,Senegalia lacerans (Benth.) Seigler & Ebinger,18
5708,3796120,Senegalia grandistipula (Benth.) Seigler & Ebinger,18
5709,3796137,Mimosa chartostegia Barneby,18
5710,3796213,Senegalia amazonica (Benth.) Seigler & Ebinger,19
5711,3796343,Mimosa bispiculata Barneby,15
5712,3796400,Mimosa bathyrrhena Barneby,11
5713,3796560,Mimosa oedoclada Barneby,11
5714,3796957,Solanum lantana Sendtn.,20
5715,3798176,Capsicum recurvatum Witasek,20
5716,3798243,Capsicum praetermissum Heiser & P.G.Sm.,18
5717,3799460,Calibrachoa heterophylla (Sendtn.) Wijsman,20
5718,3799755,Brunfelsia pilosa Plowman,20
5719,3800042,Solanum nematopus Sendtn.,16
5720,3800064,Brunfelsia cuneifolia J.A.Schmidt,18
5721,3801366,Vassobia breviflora (Sendtn.) Hunz.,20
5722,3801674,Solanum enantiophyllanthum Bitter,20
5723,3802774,Petunia scheideana L.B.Sm. & Downs,18
5724,3810936,Cerastium humifusum Cambess.,20
5725,3812641,Spergularia grandis (Pers.) Cambess.,17
5726,3817637,Sinningia mauroana Chautems,18
5727,3817647,Sinningia magnifica (Otto & A.Dietr.) Wiehler,20
5728,3817779,Sinningia leucotricha (Hoehne) H.E.Moore,17
5729,3817797,Sinningia leopoldii (Scheidw. ex Planch.) Chautems,20
5730,3817825,Sinningia lateritia (Lindl.) Chautems,18
5731,3817965,Besleria grandifolia Schott,20
5732,3818181,Sinningia elatior (Kunth) Chautems,20
5733,3818203,Sinningia douglasii (Lindl.) Chautems,20
5734,3818529,Sinningia calcaria (Dusén ex Malme) Chautems,13
5735,3818558,Sinningia bulbosa (Ker Gawl.) Wiehler,20
5736,3818577,Sinningia brasiliensis (Regel & E.Schmidt) Wiehler & Chautems,20
5737,3818724,Sinningia aggregata (Ker Gawl.) Wiehler,20
5738,3820845,Episcia fimbriata Fritsch,20
5739,3823814,Besleria selloana Klotzsch & Hanst.,20
5740,3824117,Codonanthe gracilis (Mart.) Hanst.,20
5741,3824357,Codonanthe cordifolia Chautems,20
5742,3824985,Sinningia warmingii (Hiern) Chautems,20
5743,3824995,Vanhouttea leonii Chautems,15
5744,3825228,Sinningia speciosa (G.Lodd. ex Ker Gawl.) Hiern,20
5745,3825240,Tylopsacas cuneata (Gleason) Leeuwenb.,20
5746,3825263,Besleria longimucronata Hoehne,20
5747,3825290,Sinningia schiffneri Fritsch,18
5748,3825387,Sinningia richii Clayberg,20
5749,3825444,Sinningia pusilla (Mart.) Baill.,20
5750,3825523,Sinningia polyantha (DC.) Wiehler,20
5751,3825608,"Sinningia nordestina Chautems, Baracho & A.Siqueira Filho",20
5752,3826009,Caryocar villosum (Aubl.) Pers.,20
5753,3826026,Caryocar glabrum (Aubl.) Pers.,20
5754,3826036,Caryocar microcarpum Ducke,20
5755,3829609,Ungulipetalum filipendulum (Mart.) Moldenke,19
5756,3830159,Abuta selloana Eichler,20
5757,3830210,Abuta rufescens Aubl.,20
5758,3830518,Abuta grandifolia (Mart.) Sandwith,20
5759,3830581,Cissampelos andromorpha DC.,20
5760,3830727,Chondrodendron microphyllum (Eichler) Moldenke,20
5761,3831395,Dictyoloma vandellianum A.Juss.,20
5762,3832190,Pilocarpus trachylophus Holmes,11
5763,3832258,Ertela bahiensis (Engl.) Kuntze,13
5764,3833515,Balfourodendron riedelianum (Engl.) Engl.,20
5765,3833649,Zanthoxylum acuminatum (Sw.) Sw.,20
5766,3834613,Galipea laxiflora Engl.,17
5767,3835129,Conchocarpus silvestris (Nees & Mart.) Kallunki & Pirani,20
5768,3835372,Conchocarpus marginatus (Rizzini) Kallunki & Pirani,11
5769,3835392,Conchocarpus macrophyllus J.C.Mikan,20
5770,3835408,Zanthoxylum petiolare A.St.-Hil. & Tul.,20
5771,3836467,Zanthoxylum monogynum A.St.-Hil.,20
5772,3837144,Pilocarpus riedelianus Engl.,11
5773,3837392,Zanthoxylum kleinii (R.S.Cowan) P.G.Waterman,19
5774,3838301,Euphronia hirtelloides Mart.,19
5775,3838736,Vasconcellea quercifolia A.St.-Hil.,20
5776,3838959,Tetrapollinia caerulescens (Aubl.) Maguire & B.M.Boom,20
5777,3839677,Curtia conferta (Mart.) Knobl.,18
5778,3840008,Macrocarpaea rubra Malme,20
5779,3841273,Calolisianthus speciosus (Cham. & Schltdl.) Gilg,20
5780,3841326,Calolisianthus pendulus (Mart.) Gilg,20
5781,3841426,Calolisianthus amplissimus (Mart.) Gilg,19
5782,3843456,Voyria spruceana Benth.,20
5783,3843589,Chelonanthus viridiflorus (Mart.) Gilg,17
5784,3843690,"Chelonanthus purpurascens (Aubl.) Struwe, Nilsson & Albert",20
5785,3843882,Voyria caerulea Aubl.,20
5786,3844109,Chelonanthus acutangulus (Ruiz & Pav.) Gilg,18
5787,3845437,Psychotria alto-macahensis M.Gomes,19
5788,3845674,Borreria burchellii E.L.Cabral & Bacigalupo,7
5789,3847941,"Psychotria fractistipula L.B.Sm., R.M.Klein & Delprete",19
5790,3848574,Faramea atlantica J.G.Jardim & Zappi,9
5791,3849460,Borreria multibracteata E.L.Cabral & Bacigalupo,5
5792,3850675,Trichilia tetrapetala C.DC.,16
5793,3851119,Trichilia silvatica C.DC.,16
5794,3851601,Trichilia ramalhoi Rizzini,16
5795,3851727,Guarea kunthiana A.Juss.,20
5796,3852312,Trichilia pallens C.DC.,20
5797,3857596,Miconia cannabina Markgr.,14
5798,3857604,Tococa pachystachya Wurdack,13
5799,3857680,Tococa nitens (Benth.) Triana,16
5800,3857701,Miconia campestris (Benth.) Triana,12
5801,3857723,Maieta neblinensis Wurdack,10
5802,3857870,Miconia picinguabensis R.Goldenb. & A.B.Martins,17
5803,3857895,Huberia ovalifolia DC.,18
5804,3857919,Miconia phanerostila Pilg.,11
5805,3857955,Miconia phaeophylla Triana,13
5806,3857983,Miconia petropolitana Cogn.,19
5807,3858016,Miconia petroniana Cogn. & Saldanha ex Cogn.,7
5808,3858036,Miconia burchellii Triana,19
5809,3858084,Tococa guianensis Aubl.,17
5810,3858093,Miconia buddlejoides Triana,12
5811,3858242,Miconia pepericarpa DC.,20
5812,3858383,Miconia penduliflora Cogn.,19
5813,3858746,Miconia paradoxa (Mart. ex DC.) Triana,17
5814,3858792,Miconia paniculata (DC.) Naudin,13
5815,3858794,Macrocentrum fasciculatum (DC.) Triana,12
5816,3858854,Miconia biglandulosa Gleason,12
5817,3859019,Siphanthera hostmannii Cogn.,20
5818,3859070,Siphanthera foliosa (Naudin) Wurdack,13
5819,3859079,Macairea stylosa Triana,12
5820,3859120,Cambessedesia wurdackii A.B.Martins,11
5821,3859125,Miconia baumgratziana R.Goldenb. & C.V.Martin,18
5822,3859162,Miconia organensis Gardner,12
5823,3859193,Miconia barbinervis (Benth.) Triana,20
5824,3859205,Macairea rigida Benth.,13
5825,3859227,Cambessedesia semidecandra A.St.-Hil. ex A.B.Martins,19
5826,3859240,Cambessedesia salviifolia (Cham.) A.B.Martins,20
5827,3859293,Cambessedesia regnelliana Cogn.,20
5828,3859307,Cambessedesia purpurata DC.,20
5829,3859317,Cambessedesia pityrophylla (DC.) A.B.Martins,17
5830,3859361,Pachyloma coriaceum DC.,16
5831,3859386,Tibouchina striphnocalyx (DC.) Pittier,16
5832,3859413,Miconia octopetala Cogn.,16
5833,3859491,Miconia aureoides Cogn.,17
5834,3859518,Miconia aurea (D.Don) Naudin,11
5835,3859521,Macairea cuieirasii S.S.Renner,20
5836,3859540,Microlicia sulfurea Hoehne,17
5837,3859588,Tibouchina spruceana Cogn.,17
5838,3859609,Cambessedesia harleyi Wurdack,11
5839,3859620,Cambessedesia gracilis Wurdack,15
5840,3859634,Cambessedesia glaziovii Cogn. ex A.B.Martins,20
5841,3859650,Cambessedesia espora (A.St.-Hil. ex Bonpl.) DC.,20
5842,3859701,Microlicia sincorensis (DC.) Mart.,11
5843,3859723,Microlicia setosa (Spreng.) DC.,16
5844,3859732,Cambessedesia cambessedesioides (Wurdack) A.B.Martins,20
5845,3859789,Microlicia serpyllifolia D.Don,20
5846,3859847,Microlicia scoparia (A.St.-Hil.) DC.,18
5847,3859929,Miconia navioensis Wurdack,17
5848,3859982,Miconia nambyquarae Hoehne,12
5849,3860016,Microlicia ramosa Pilg.,20
5850,3860020,Comolia villosa (Aubl.) Triana,20
5851,3860081,Miconia aplostachya (Bonpl.) DC.,19
5852,3860116,Miconia multispicata Naudin,19
5853,3860121,Comolia smithii Wurdack,18
5854,3860218,Microlicia parvula (Markgr.) C.Koschnitzke & A.B.Martins,10
5855,3860263,Miconia angelana R.Romero & R.Goldenb.,7
5856,3860275,Microlicia pabstii Brade,20
5857,3860299,Microlicia ordinata (Wurdack) Almeda & A.B.Martins,11
5858,3860350,Microlicia obtusifolia Cogn. ex R.Romero,11
5859,3860406,Microlicia noblickii (Wurdack) A.B.Martins & Almeda,13
5860,3860468,Leandra xanthostachya Cogn.,17
5861,3860472,Miconia amoena Triana,20
5862,3860479,Miconia molesta Cogn.,20
5863,3860481,Adelobotrys spruceanus Cogn.,10
5864,3860499,Leandra xantholasia (DC.) Cogn.,17
5865,3860536,Henriettea stellaris Berg ex Triana,17
5866,3860552,Microlicia minima Markgr.,12
5867,3860599,Microlicia melanostagma Pilg.,17
5868,3860605,Tibouchina papyrus (Pohl) Toledo,20
5869,3860627,Leandra vesiculosa Cogn.,15
5870,3860641,Microlicia martiana O.Berg ex Triana,16
5871,3860671,Henriettea ramiflora (Sw.) DC.,14
5872,3860680,Microlicia macrophylla Naudin,18
5873,3860695,Henriettea patrisiana DC.,20
5874,3860715,Microlicia lutea Markgr.,16
5875,3860728,Microlicia luetzelburgii Markgr.,14
5876,3860748,Microlicia longisepala Wurdack,13
5877,3860753,Leandra umbellata DC.,14
5878,3860760,Microlicia longipedicellata Almeda & A.B.Martins,15
5879,3860817,Microlicia leucopetala Wurdack,10
5880,3860821,Adelobotrys boissierianus Cogn.,17
5881,3860832,Adelobotrys barbatus Triana,14
5882,3860874,Adelobotrys adscendens (Sw.) Triana,20
5883,3860875,Microlicia juniperina A.St.-Hil.,15
5884,3860887,Leandra truncata Baumgratz & D' El Rei Souza,19
5885,3860911,Microlicia isophylla DC.,20
5886,3860944,Microlicia insignis Schltdl.,20
5887,3860967,Leandra therezopolitana Cogn.,9
5888,3860971,Miconia melinonis Naudin,20
5889,3861072,Miconia acutifolia Ule,15
5890,3861084,Leandra sulfurea (Naudin) Cogn.,16
5891,3861085,Microlicia hirto-ferruginea Naudin,17
5892,3861114,Miconia acuminata (Steud.) Naudin,20
5893,3861147,Microlicia helvola (Spreng.) Triana,18
5894,3861165,Microlicia hatschbachii Wurdack,12
5895,3861198,Miconia mattogrossensis Hoehne,17
5896,3861210,Microlicia graveolens DC.,19
5897,3861276,Merianthera sipolisii (Glaz. & Cogn.) Wurdack,15
5898,3861287,Merianthera pulchra Kuhlm.,17
5899,3861303,Merianthera burlemarxii Wurdack,20
5900,3861342,Miconia marginata Triana,10
5901,3861453,Leandra secunda (D.Don) Cogn.,11
5902,3861536,Leandra santos-limae Brade,11
5903,3861581,Leandra salicina (Ser. ex DC.) Cogn.,13
5904,3861641,Leandra sabiaensis Brade,13
5905,3861658,Leandra rufescens (DC.) Cogn.,15
5906,3861672,Microlicia curralensis Brade,14
5907,3861708,Microlicia cryptandra Naudin,20
5908,3861732,Microlicia crebropunctata Pilg.,19
5909,3861748,Microlicia cordata (Spreng.) Cham.,14
5910,3861755,Leandra riograndensis (Brade) Wurdack,12
5911,3861778,Microlicia confertiflora Naudin,17
5912,3861787,Leandra riedeliana (O.Berg ex Triana) Cogn.,15
5913,3861814,Leandra ribesiaeflora (Cham.) Cogn.,14
5914,3861822,Aciotis purpurascens (Aubl.) Triana,20
5915,3861866,Leandra rhamnifolia (Naudin) Cogn.,11
5916,3861926,Microlicia chrysantha Wurdack,15
5917,3861930,Miconia lugonis Wurdack,8
5918,3861932,Leandra reitzii Wurdack,10
5919,3861978,Rhynchanthera hispida Naudin,20
5920,3862015,Rhynchanthera grandiflora (Aubl.) DC.,20
5921,3862045,Miconia longispicata Triana,18
5922,3862127,Microlicia balsamifera (DC.) Mart.,12
5923,3862131,Rhynchanthera dichotoma (Desr.) DC.,19
5924,3862134,Miconia longifolia (Aubl.) DC.,20
5925,3862152,Clidemia rubra (Aubl.) Mart.,15
5926,3862176,Tibouchina johnwurdackiana Todzia,16
5927,3862198,Ossaea suprabasalis R.Goldenb. & Reginato,11
5928,3862364,Miconia ligustroides (DC.) Naudin,20
5929,3862389,Aciotis annua (Mart. ex DC.) Triana,20
5930,3862427,Leandra polychaeta Cogn.,12
5931,3862473,Leandra planifilamentosa Brade,15
5932,3862476,Meriania glabra (DC.) Triana,20
5933,3862499,Miconia leucocarpa DC.,15
5934,3862557,Leandra pennipilis (O.Berg ex Triana) Cogn.,17
5935,3862579,Leandra penduliflora (Naudin) Cogn.,14
5936,3862613,Clidemia pycnaster Tutin,10
5937,3862718,Leandra pallida Cogn.,14
5938,3862739,Miconia lateriflora Cogn.,20
5939,3862766,Miconia latecrenata (DC.) Naudin,20
5940,3862773,Miconia lasseri Gleason,12
5941,3862811,Miconia willdenowii Klotzsch ex Naudin,14
5942,3862829,Miconia weddellii Naudin,5
5943,3862868,Leandra oligochaeta Cogn.,18
5944,3862875,Miconia wagneri J.F.Macbr.,13
5945,3862957,Leandra nianga (DC.) Cogn.,20
5946,3863024,Ossaea meridionalis D' El Rei Souza,8
5947,3863056,Ossaea marginata (Desr.) Triana,20
5948,3863059,Miconia lacera (Bonpl.) Naudin,20
5949,3863075,Tibouchina edmundoi Brade,16
5950,3863097,Leandra multisetosa Cogn.,14
5951,3863193,Leandra mollis Cogn.,15
5952,3863208,Leandra microphylla Cogn.,19
5953,3863223,Leandra micropetala (Naudin) Cogn.,10
5954,3863245,Miconia kavanayensis Wurdack,15
5955,3863262,Leandra miconiastrum (Naudin) Cogn.,18
5956,3863267,Clidemia octona (Bonpl.) L.O.Williams,19
5957,3863276,Miconia juruensis Pilg.,15
5958,3863333,Leandra melastomoides Raddi,20
5959,3863417,Miconia urophylla DC.,19
5960,3863468,Miconia irwinii Wurdack,15
5961,3863562,Ossaea fragilis Cogn.,11
5962,3863592,Leandra longicoma Cogn.,14
5963,3863615,Miconia inconspicua Miq.,16
5964,3863707,Miconia truncata Triana,12
5965,3863726,Miconia inaequalifolia Triana,10
5966,3863738,Miconia tristis Spring,20
5967,3863767,Miconia triplinervis Ruiz & Pav.,18
5968,3863810,Leandra laevigata (Triana) Cogn.,17
5969,3863887,Leandra itatiaiae (Wawra) Cogn.,13
5970,3863912,Leandra ionopogon (Mart.) Cogn.,13
5971,3863949,Ossaea confertiflora (DC.) Triana,18
5972,3863966,Miconia hypoleuca (Benth.) Triana,20
5973,3863983,Leandra inaequalifolia (DC.) Cogn.,7
5974,3864001,Ossaea cinnamomifolia (Cham. ex Naudin) Triana,12
5975,3864034,Miconia traillii Cogn.,14
5976,3864061,Miconia hyemalis A.St.-Hil. & Naudin ex Naudin,20
5977,3864138,Leandra hirta Raddi,19
5978,3864198,Tibouchina aspera Aubl.,20
5979,3864263,Leandra hatschbachii Brade,12
5980,3864278,Leandra grayana Cogn.,17
5981,3864290,Clidemia japurensis DC.,13
5982,3864315,Clidemia involucrata DC.,10
5983,3864392,Ossaea araneifera Markgr.,13
5984,3864446,Ossaea amygdaloides (DC.) Triana,19
5985,3864480,Tibouchina aegopogon (Naudin) Cogn.,20
5986,3864546,Leandra foveolata (DC.) Cogn.,18
5987,3864562,Leandra fluminensis Cogn.,12
5988,3864572,Clidemia heteroneura (Schrank & Mart.) Cogn.,11
5989,3864640,Miconia heliotropoides Triana,20
5990,3864657,Leandra fallax (Cham.) Cogn.,20
5991,3864675,Leandra fallacissima Markgr.,17
5992,3864799,Leandra eichleri Cogn.,12
5993,3864854,Leandra echinata Cogn.,13
5994,3864922,Miconia tetrasperma Gleason,15
5995,3864960,Leandra divaricata (Naudin) Cogn.,9
5996,3864992,Miconia ternatifolia Triana,12
5997,3865003,Miconia gratissima Benth. ex Triana,20
5998,3865006,Leandra dichotoma (Pav. ex D.Don) Cogn.,15
5999,3865102,Leandra deflexa (O.Berg ex Triana) Cogn.,7
6000,3865157,Leandra debilis (Triana) Cogn.,12
6001,3865325,Clidemia epibaterium DC.,16
6002,3865413,Miconia subvernicosa Cogn.,18
6003,3865449,Leandra coriacea Cogn.,16
6004,3865468,Leandra cordigera (Triana) Cogn.,7
6005,3865504,Leandra cordifolia (Naudin) Cogn.,15
6006,3865620,Clidemia dimorphica J.F.Macbr.,9
6007,3865807,Clidemia debilis Crueg.,14
6008,3865993,Miconia stenostachya (Schrank & Mart.) DC.,20
6009,3866069,Miconia stellulata Gleason,20
6010,3866102,Leandra carassana (DC.) Cogn.,19
6011,3866265,Leandra calvescens (O.Berg ex Triana) Cogn.,13
6012,3866305,Miconia ferruginata DC.,20
6013,3866315,Leandra breviflora Cogn.,17
6014,3866381,Pterolepis parnassiifolia (DC.) Triana,13
6015,3866401,Leandra blanchetiana (Triana) Cogn.,5
6016,3866415,Miconia spichigeri Wurdack,12
6017,3866448,Miconia fallax DC.,20
6018,3866465,Leandra barbinervis (Cham. ex Triana) Cogn.,15
6019,3866517,Bellucia pentamera Naudin,20
6020,3866624,Leandra aurea (Cham.) Cogn.,18
6021,3866649,Bellucia grossularioides (L.) Triana,20
6022,3866721,Clidemia capitellata (Bonpl.) D.Don,18
6023,3866733,Miconia eriodonta DC.,20
6024,3866752,Bellucia beckii S.S.Renner,11
6025,3866769,Clidemia capillipes (Triana) Cogn.,11
6026,3866775,Miconia silicicola Gleason,13
6027,3866784,Leandra aptera (DC.) Cogn.,9
6028,3866802,Miconia shepherdii R.Goldenb. & Reginato,14
6029,3866818,Bellucia arborescens (Aubl.) Baill.,17
6030,3866826,Bellucia aequiloba Pilg.,18
6031,3866833,Leandra angustifolia DC.,19
6032,3866850,Leandra amplexicaulis DC.,14
6033,3866851,Bellucia acutata Pilg.,19
6034,3866875,Leandra alpestris (Gardner) Cogn.,10
6035,3866922,Leandra adenothrix Cogn.,15
6036,3866942,Clidemia bullosa DC.,8
6037,3866980,Miconia elata (Sw.) DC.,20
6038,3867024,Miconia serialis DC.,16
6039,3867099,Clidemia biserrata DC.,18
6040,3867187,Miconia sellowiana Naudin,20
6041,3867204,Pterolepis alpestris (DC.) Triana,13
6042,3867252,Miconia duckei Cogn.,12
6043,3867408,Miconia sclerophylla Triana,16
6044,3867489,Miconia schunkei Wurdack,12
6045,3867633,Miconia dispar Benth.,17
6046,3867661,Miconia discolor DC.,20
6047,3867747,Clidemia allardii Wurdack,16
6048,3867789,Miconia santaremensis Wurdack,11
6049,3867806,Lavoisiera imbricata DC.,20
6050,3867859,Miconia diaphanea Gleason,20
6051,3867879,Lavoisiera grandiflora Naudin,20
6052,3868001,Lavoisiera gentianoides DC.,14
6053,3868206,Miconia cyathanthera Triana,18
6054,3868234,Miconia rufipila Triana,10
6055,3868248,Miconia ruficalyx Gleason,13
6056,3868281,Poteranthera annectans Wurdack,13
6057,3868289,Miconia cuspidata Naudin,19
6058,3868371,Trembleya parviflora (D.Don) Cogn.,20
6059,3868454,Miconia cubatanensis Hoehne,20
6060,3868547,Miconia roraimensis Ule,16
6061,3868583,Miconia robusta Cogn.,19
6062,3868763,Miconia crassinervia Cogn.,17
6063,3868765,Miconia rimachii Wurdack,11
6064,3869156,Miconia regelii Cogn.,16
6065,3869442,Miconia compressa Naudin,8
6066,3869484,Miconia racemifera (DC.) Triana,18
6067,3869559,Miconia collatata Wurdack,19
6068,3869684,Miconia pyrifolia Naudin,17
6069,3869769,Miconia cipoensis R.Goldenb.,14
6070,3869777,Mouriri trunciflora Ducke,17
6071,3869787,Mouriri torquata Morley,13
6072,3869943,Mouriri pusa Gardner,20
6073,3870133,Mouriri oligantha Pilg.,20
6074,3870139,Miconia pubipetala Miq.,18
6075,3870168,Miconia puberula Cogn.,11
6076,3870198,Mouriri nervosa Pilg.,20
6077,3870290,Miconia pterocaulon Triana,12
6078,3870292,Marcetia taxifolia (A.St.-Hil.) DC.,20
6079,3870388,Chaetogastra hieracioides DC.,19
6080,3870411,Chaetogastra gracilis (Bonpl.) DC.,20
6081,3870514,Mouriri guianensis Aubl.,20
6082,3870543,Miconia ceramicarpa (DC.) Cogn.,20
6083,3870671,Chaetogastra clinopodifolia DC.,20
6084,3870688,Pleiochiton setulosum Cogn.,12
6085,3870705,Pleiochiton roseum Cogn.,17
6086,3870706,Miconia centrodesma Naudin,19
6087,3870738,Mouriri duckeana Morley,18
6088,3870740,Pleiochiton micranthum Cogn.,17
6089,3870802,Pleiochiton crassifolium Naudin ex A.Gray,8
6090,3870850,Mouriri collocarpa Ducke,19
6091,3870886,Mouriri cearensis Huber,20
6092,3870955,Miconia polyandra Gardner,17
6093,3871004,Mouriri arenicola Morley,16
6094,3871048,Miconia poeppigii Triana,20
6095,3871067,Mouriri acutiflora Naudin,18
6096,3871153,Physeterostemon jardimii R.Goldenb. & Amorim,9
6097,3871165,Physeterostemon fiaschii R.Goldenb. & Amorim,8
6098,3871816,Colicodendron yco Mart.,20
6099,3872262,Physostemon rotundifolius Mart. & Zucc.,20
6100,3872295,Physostemon lanceolatus Mart. & Zucc.,20
6101,3873183,Mesocapparis lineata (Dombey ex Pers.) Cornejo & Iltis,11
6102,3873199,Cleome viridiflora Schreb.,20
6103,3873513,Cynophalla hastata (Jacq.) J.Presl,20
6104,3874704,Rhamnidium elaeocarpum Reissek,20
6105,3875710,Scutia arenicola (Casar.) Reissek,20
6106,3878320,Abatia angeliana M.H.Alford,20
6107,3878329,Abatia americana (Gardner) Eichler,20
6108,3878690,Piparea multiflora C.F.Gaertn.,20
6109,3883132,Salvia brevipes Benth.,15
6110,3883600,Hyptidendron asperrimum (Spreng.) Harley,19
6111,3883818,Hypenia salzmannii (Benth.) Harley,20
6112,3883993,Hypenia irregularis (Benth.) Harley,15
6113,3884137,Salvia balaustina Pohl,14
6114,3884986,Hoehnea scutellarioides (Benth.) Epling,17
6115,3885003,Hoehnea parvula (Epling) Epling,16
6116,3885188,Hesperozygis nitida (Benth.) Epling,20
6117,3885377,Amasonia arborea Kunth,19
6118,3888300,Salvia scabrida Pohl,19
6119,3889017,Mesosphaerum suaveolens (L.) Kuntze,20
6120,3889976,Mesosphaerum pectinatum (L.) Kuntze,20
6121,3890217,Clerodendrum quadriloculare (Blanco) Merr.,20
6122,3890745,Clerodendrum paniculatum L.,20
6123,3891369,Aegiphila obducta Vell.,20
6124,3891702,Glechon thymoides Spreng.,20
6125,3891885,Glechon elliptica C.Pereira & Hatschbach,9
6126,3892707,Aegiphila fluminensis Vell.,10
6127,3893417,Aegiphila brachiata Vell.,20
6128,3896322,Salvia melissiflora Benth.,20
6129,3897816,Eriope latifolia (Mart. ex Benth.) Harley,12
6130,3898191,Ocimum carnosum (Spreng.) Link & Otto ex Benth.,20
6131,3898558,Salvia lachnostachys Benth.,20
6132,3902160,Hyptis obtecta Benth.,17
6133,3903378,Hyptis longifolia Pohl ex Benth.,12
6134,3904269,Vitex mexiae Moldenke,13
6135,3905549,Vitex gardneriana Schauer,20
6136,3907632,Lupinus reitzii Burkart ex M.Pinheiro & Miotto,19
6137,3911567,Cratylia intermedia (Hassl.) L.P.Queiroz & R.Monteiro,19
6138,3917211,Cnidoscolus urniger (Pax) Pax,20
6139,3919918,Marattia cicutifolia Kaulf.,18
6140,3923153,Anemone sellowii Pritz.,12
6141,3927078,Clematis uruboensis Lourteig,8
6142,3927152,Clematis ulbrichiana Pilg.,14
6143,3931471,Pomaria stipularis (Vogel) B.B.Simpson & G.P.Lewis,18
6144,3931534,Zollernia modesta A.M.Carvalho & Barneby,16
6145,3932173,Tachigali vulgaris L.F.Gomes da Silva & H.C.Lima,20
6146,3932207,"Moldenhawera papillanthera L.P.Queiroz, G.P.Lewis & Allkin",20
6147,3932348,Tachigali densiflora (Benth.) L.F.Gomes da Silva & H.C.Lima,14
6148,3932735,Escallonia laevis (Vell.) Sleumer,19
6149,3935661,Modiolastrum lateritium (Hook.) Krapov.,20
6150,3937972,Hibiscus dimidiatus Schrank,17
6151,3939063,Krapovickasia macrodon (DC.) Fryxell,19
6152,3939073,Krapovickasia flavescens (Cav.) Fryxell,20
6153,3940130,Herissantia tiubae (K.Schum.) Brizicky,20
6154,3941204,Pilostyles blanchetii (Gardner) R.Br.,20
6155,3941865,Lepismium warmingianum (K.Schum.) Barthlott,20
6156,3942992,Micranthocereus purpureus (Gürke) F.Ritter,20
6157,3944867,Rhipsalis triangularis Werderm.,20
6158,3945308,Rhipsalis russellii Britton & Rose,20
6159,3945625,Rhipsalis pulchra Loefgr.,20
6160,3945905,Rhipsalis olivifera N.P.Taylor & Zappi,20
6161,3945922,Rhipsalis oblonga Loefgr.,20
6162,3946556,Rhipsalis hoelleri Barthlott & N.P.Taylor,6
6163,3946743,Hatiora cylindrica Britton & Rose,18
6164,3947212,Rhipsalis crispata (Haw.) Pfeiff.,20
6165,3950225,Discocactus pseudoinsignis N.P.Taylor & Zappi,20
6166,3950614,Parodia carambeiensis (Buining & Brederoo) Hofacker,20
6167,3954062,Tacinga braunii Esteves,17
6168,3954092,Tacinga funalis Britton & Rose,20
6169,3958439,"Pilosocereus vilaboensis subsp. pluricostatus N.P.Taylor, Zappi & P.O.Rosa",20
6170,3958463,Pilosocereus ulei (K.Schum.) Byles & G.D.Rowley,20
6171,3969384,Tachigali rubiginosa (Mart. ex Tul.) Oliveira-Filho,20
6172,3971546,Vicia tephrosioides Vogel,8
6173,3974020,"Luetzelburgia purpurea D.B.O.S.Cardoso, L.P.Queiroz & H.C.Lima",12
6174,3975616,Trischidium molle (Benth.) H.E.Ireland,20
6175,3976921,Mimosa pycnocoma Benth.,6
6176,3978983,Mimosa falcipinna Benth.,11
6177,3979644,"Chamaecrista brachystachya (Benth.) Conc., L.P.Queiroz & G.P.Lewis",20
6178,3981462,Berberis glazioviana Brade,19
6179,3982413,Diplopterys pubipetala (A.Juss.) W.R.Anderson & C.Davis,20
6180,3982485,Acmanthera latifolia (A.Juss.) Griseb.,15
6181,3982532,Stigmaphyllon vitifolium A.Juss.,20
6182,3982696,Stigmaphyllon sinuatum (DC.) A.Juss.,20
6183,3982790,Byrsonima alvimii W.R.Anderson,12
6184,3982811,Mascagnia riparia C.E.Anderson,12
6185,3983031,Stigmaphyllon paralias A.Juss.,20
6186,3983236,Bunchosia pallescens Skottsb.,20
6187,3983247,Heteropterys intermedia (A.Juss.) Griseb.,20
6188,3983392,Bunchosia maritima (Vell.) J.F.Macbr.,20
6189,3983568,Heteropterys fluminensis (Griseb.) W.R.Anderson,20
6190,3983619,Diplopterys amplectens (B.Gates) W.R.Anderson & C.Davis,17
6191,3983776,Diplopterys lutea (Griseb.) W.R.Anderson & C.Davis,20
6192,3983828,Heteropterys crinigera Griseb.,17
6193,3983866,Camarea ericoides A.St.-Hil.,20
6194,3983909,Camarea affinis A.St.-Hil.,20
6195,3983986,Stigmaphyllon blanchetii C.E.Andersson,20
6196,3983989,Mascagnia australis C.E.Anderson,20
6197,3984009,Stigmaphyllon auriculatum (Cav.) A.Juss.,16
6198,3984154,Bunchosia acuminata Dobson,18
6199,3984191,Stigmaphyllon acuminatum A.Juss.,14
6200,3984400,Byrsonima vacciniifolia A.Juss.,15
6201,3984506,Byrsonima stipulacea A.Juss.,20
6202,3984533,Byrsonima stannardii W.R.Anderson,9
6203,3984903,Heladena multiflora (Hook. & Arn.) Nied.,20
6204,3985018,Banisteriopsis muricata (Cav.) Cuatrec.,20
6205,3985135,Hiraea bullata W.R.Anderson,19
6206,3985420,Mascagnia bierosa (Moric. ex A.Juss.) W.R.Anderson,15
6207,3985684,Peixotoa reticulata Griseb.,20
6208,3985728,Banisteriopsis argyrophylla (A.Juss.) B.Gates,17
6209,3985748,Peixotoa magnifica C.E.Andersson,19
6210,3985762,Banisteriopsis anisandra (A.Juss.) B.Gates,20
6211,3985810,Banisteriopsis adenopoda (A.Juss.) B.Gates,19
6212,3985917,Peixotoa goiana C.E.Andersson,20
6213,3985945,Amorimia rigida (A.Juss.) W.R.Anderson,17
6214,3985968,Amorimia maritima (A.Juss.) W.R.Anderson,15
6215,3986136,Niedenzuella glabra (Spreng.) W.R.Anderson,17
6216,3986155,Niedenzuella acutifolia (Cav.) W.R.Anderson,20
6217,3986307,Byrsonima crispa A.Juss.,18
6218,3986460,Quiina glaziovii Engl.,20
6219,3986548,Cabomba aquatica Aubl.,20
6220,3988426,Cuphea gardneri Koehne,11
6221,3988562,Pleurophora anomala (A.St.-Hil.) Koehne,18
6222,3988754,Cuphea anagalloidea A.St.-Hil.,14
6223,3989111,Cuphea sperguloides A.St.-Hil.,16
6224,3989165,Cuphea pascuorum Mart. ex Koehne,8
6225,3989411,Cuphea annulata Koehne,20
6226,3989536,Cuphea impatientifolia A.St.-Hil.,20
6227,3989682,Cuphea cunninghamiifolia T.B.Cavalc.,11
6228,3989710,Lafoensia glyptocarpa Koehne,20
6229,3989862,Diplusodon rotundifolius DC.,14
6230,3990099,Cuphea circaeoides Sm. ex Sims,20
6231,3990142,Cuphea melvilla Lindl.,20
6232,3990188,Cuphea tuberosa Cham. & Schltdl.,20
6233,3990607,Pseudolycopodiella carnosa (Silveira) Holub,17
6234,3991094,Diphasiastrum thyoides (Humb. & Bonpl. ex Willd.) Holub,20
6235,3991623,Palhinhaea camporum (B.Øllg. & P.G.Windisch) Holub,17
6236,3992277,Pseudolycopodiella meridionalis (Underw. & F.E.Lloyd) Holub,20
6237,3992328,Pseudolycopodiella contexta (Mart.) Holub,18
6238,3992339,Pseudolycopodiella caroliniana (L.) Holub,20
6239,3992461,Commiphora leptophloeos (Mart.) J.B.Gillett,20
6240,3992764,Protium warmingianum Marchand,20
6241,3992786,Protium kleinii Cuatrec.,20
6242,3992925,Protium trifoliolatum Engl.,20
6243,3993127,Protium spruceanum (Benth.) Engl.,18
6244,3993224,Protium glabrescens Swart,16
6245,3993357,Protium puncticulatum J.F.Macbr.,15
6246,3993564,Protium demerarense Swart,11
6247,3993900,Protium ovatum Engl.,20
6248,3994040,Protium calanense Cuatrec.,19
6249,3994366,Trattinnickia mensalis Daly,12
6250,3996470,Euplassa semicostata Plana,17
6251,4000684,Struthanthus taubatensis Eichler,16
6252,4001014,Struthanthus salicifolius (Cham. & Schltdl.) Mart.,20
6253,4001100,Psittacanthus biternatus (Hoffmanns.) G.Don,17
6254,4001580,Struthanthus podopterus (Cham. & Schltdl.) G.Don,9
6255,4002693,Oryctina scabrida (Eichler) Tiegh.,17
6256,4003139,Psittacanthus robustus (Mart.) Mart.,20
6257,4003285,Psittacanthus plagiophyllus Eichler,20
6258,4004147,Tripodanthus acutifolius (Ruiz & Pav.) Tiegh.,20
6259,4011217,Elaphoglossum styriacum Mickel,20
6260,4011239,Elaphoglossum horridulum (Kaulf.) J.Sm.,11
6261,4011303,Elaphoglossum macahense (Fée) Rosenst.,11
6262,4011316,Elaphoglossum edwallii Rosenst.,16
6263,4011355,Lomariopsis prieuriana Fée,20
6264,4011464,Elaphoglossum squamipes (Hook.) T.Moore,17
6265,4011465,Elaphoglossum alpestre (Gardner) T.Moore,10
6266,4011552,Elaphoglossum discolor (Kuhn) C.Chr.,13
6267,4011590,Lomariopsis marginata (Schrad.) Kuhn,20
6268,4011617,Elaphoglossum acutum (Fée) Brade,7
6269,4011666,Elaphoglossum liaisianum (Glaziou ex Fée) Brade,16
6270,4011667,Elaphoglossum nigrescens (Hook.) T.Moore ex Diels,10
6271,4011697,Elaphoglossum viscidum (Fée) Christ,14
6272,4011755,Elaphoglossum boragineum (Sodiro) Christ,14
6273,4011797,Lomariopsis japurensis (Mart.) J.Sm.,20
6274,4012008,Elaphoglossum gayanum (Fée) T.Moore,20
6275,4012032,Elaphoglossum ulei Christ,7
6276,4012061,Elaphoglossum beaurepairei (Fée) Brade,15
6277,4012218,Elaphoglossum paulistanum Rosenst.,6
6278,4012308,Elaphoglossum tenuiculum (Fée) Baker,20
6279,4012647,Elaphoglossum raywaense (Jenman) Alston,20
6280,4013179,Cecropia ulei Snethl.,19
6281,4013210,Cecropia latiloba Miq.,20
6282,4013324,Coussapoa angustifolia Aubl.,20
6283,4013360,Cecropia palmata Willd.,20
6284,4013385,Cecropia pachystachya Trécul,20
6285,4013508,Pourouma cecropiifolia Mart.,20
6286,4013542,Cecropia ficifolia Warb. ex Snethl.,19
6287,4015923,Diplazium tabalosense Hieron.,12
6288,4017071,Diplazium rostratum Fée,16
6289,4017110,Diplazium leptocarpon Fée,15
6290,4017943,Edmundoa ambigua (Wand. & Leme) Leme,19
6291,4018581,Canistropsis marceloi (E.Pereira & Moutinho) Leme,20
6292,4019684,Potalia resinifera Mart.,20
6293,4019716,Potalia elegans Struwe & V.A.Albert,20
6294,4023175,Portulaca hirsutissima Cambess.,20
6295,4023549,Portulaca elatior Mart. ex Rohrb.,20
6296,4023783,Serpocaulon vacillans (Link) A.R.Sm.,13
6297,4023879,Serpocaulon panorense (C.Chr.) A.R.Sm.,13
6298,4023939,Serpocaulon loriceum (L.) A.R.Sm.,20
6299,4023945,Serpocaulon levigatum (Cav.) A.R.Sm.,20
6300,4023963,Serpocaulon latipes (Langsd. & L.Fisch.) A.R.Sm.,20
6301,4023970,Serpocaulon lasiopus (Klotzsch) A.R.Sm.,18
6302,4023983,Serpocaulon glandulosissimum (Brade) Labiak & J.Prado,5
6303,4024085,Serpocaulon catharinae (Langsd. & Fisch.) A.R.Sm.,20
6304,4024136,Pleopeltis bombycina (Maxon) A.R.Sm.,20
6305,4024225,Campyloneurum nitidum (Kaulf.) C.Presl,20
6306,4024490,Campyloneurum lapathifolium (Poir.) Ching,18
6307,4024631,Campyloneurum herbaceum (Christ) Ching,15
6308,4024853,Campyloneurum crispum Fée,16
6309,4024905,Campyloneurum coarctatum (Kunze) Fée,15
6310,4024988,Campyloneurum brevifolium (Lodd. ex Link) Link,16
6311,4025000,Campyloneurum austrobrasilianum (Alston) de la Sota,20
6312,4025201,Campyloneurum aglaolepis (Alston) de la Sota,19
6313,4025239,Campyloneurum abruptum (Lindm.) B.León,13
6314,4025900,Microgramma vaccinifolia (Langsd. & Fisch.) Copel.,20
6315,4025937,Microgramma acatallela Alston,16
6316,4026051,Microgramma persicariifolia (Schrad.) C.Presl,20
6317,4026062,Microgramma percussa (Cav.) de la Sota,20
6318,4026353,Microgramma dictyophylla (Kunze ex Mett.) de la Sota,20
6319,4026375,Microgramma crispata (Fée) R.M.Tryon & A.F.Tryon,13
6320,4026485,Microgramma bifrons (Hook.) Lellinger,20
6321,4027845,Pecluma truncorum (Lindm.) M.G.Price,18
6322,4027871,Pecluma singeri (de la Sota) M.G.Price,17
6323,4027888,Pecluma sicca (Lindm.) M.G.Price,17
6324,4027912,Pecluma robusta (Fée) M.Kessler & A.R.Sm.,20
6325,4027920,Pecluma recurvata (Kaulf.) M.G.Price,18
6326,4028134,Pecluma paradiseae (Langsd. & Fisch.) M.G.Price,18
6327,4028174,Pecluma macedoi (Brade) M.Kessler & A.R.Sm.,19
6328,4029695,Pleopeltis lepidopteris (Langsd. & Fisch.) de la Sota,20
6329,4029985,Pleopeltis hirsutissima (Raddi) de la Sota,20
6330,4030435,Vochysia lucida C.Presl,16
6331,4030436,Vochysia santaluciae M.C.Vianna & Fontella,11
6332,4030445,Ruizterania esmeraldae (Standl.) Marc.-Berti,15
6333,4030529,Vochysia cinnamomea Pohl,20
6334,4030545,Vochysia oppugnata (Vell.) Warm.,20
6335,4030577,Vochysia laurifolia Warm.,20
6336,4030592,Vochysia obovata Stafleu,9
6337,4030625,Vochysia rotundifolia Mart.,20
6338,4030655,Qualea paraensis Ducke,20
6339,4030658,Qualea grandiflora Mart.,20
6340,4030688,Vochysia emarginata (Vahl) Vahl ex Poir.,12
6341,4030722,Vochysia bifalcata Warm.,18
6342,4030774,Vochysia pumila Pohl,20
6343,4030793,Callisthene minor Mart.,18
6344,4030794,Vochysia divergens Pohl,20
6345,4030802,Vochysia discolor Warm.,19
6346,4030840,Vochysia dasyantha Warm.,16
6347,4030881,Vochysia angelica M.C.Vianna & Fontella,20
6348,4032445,Coccoloba glaziovii Lindau,18
6349,4033078,Coccoloba cujabensis Wedd.,20
6350,4033685,Coccoloba brasiliensis Nees & Mart.,12
6351,4034018,Coccoloba arborescens (Vell.) R.A.Howard,19
6352,4034065,Coccoloba alnifolia Casar.,20
6353,4034071,Ruprechtia laxiflora Meisn.,20
6354,4035643,Coccoloba salicifolia Wedd.,15
6355,4036010,Coccoloba ramosissima Wedd.,20
6356,4036516,Coccoloba persicaria Wedd.,15
6357,4037525,Coccoloba mollis Casar.,20
6358,4037710,Coccoloba marginata Benth.,20
6359,4038253,Coccoloba laevis Casar.,20
6360,4040000,Arachniodes macrostegia (Hook.) R.M.Tryon & D.S.Conant,6
6361,4040605,Polystichum auritum (Fée) Yatsk.,9
6362,4040907,Ctenitis refulgens (Klotzsch ex Mett.) Vareschi,20
6363,4041742,Polybotrya tomentosa Brade,16
6364,4041815,Polybotrya tomentosa Brade,15
6365,4041820,Polybotrya sorbifolia Mett. ex Kuhn,20
6366,4041887,Polybotrya semipinnata Fée,15
6367,4042024,Polybotrya pilosa Brade,13
6368,4042111,Stigmatopteris ulei (C.Chr.) Sehnem,5
6369,4042114,Stigmatopteris tijuccana (Raddi) C.Chr.,17
6370,4042190,Ctenitis distans (Brack.) Ching,16
6371,4042407,Polybotrya espiritosantensis Brade,11
6372,4042469,Stigmatopteris caudata (Raddi) C.Chr.,14
6373,4042501,"Ctenitis bigarellae Schwartsb., Labiak & Salino",6
6374,4042614,Ctenitis anniesii (Rosenst.) Copel.,17
6375,4044629,Megalastrum oreocharis (Sehnem) Salino & Ponce,12
6376,4044765,Megalastrum inaequale (Kaulf. ex Link) A.R.Sm. & R.C.Moran,15
6377,4044798,Megalastrum grande (C.Presl) A.R.Sm. & R.C.Moran,14
6378,4044832,Megalastrum crenulans (Fée) A.R.Sm. & R.C.Moran,6
6379,4045609,Lastreopsis amplissima (C.Presl) Tindale,20
6380,4047017,Didymochlaena truncatula (Sw.) J.Sm.,16
6381,4047037,Didymochlaena pulcherrima (Raddi) Herter,20
6382,4047903,Radiovittaria gardneriana (Fée) E.H.Crane,15
6383,4049386,Hualania colletioides Phil.,20
6384,4050274,Bredemeyera brevifolia (Benth.) Klotzsch ex A.W.Benn.,20
6385,4052843,Cissus blanchetiana Planch.,5
6386,4053291,Cissus pulcherrima Vell.,15
6387,4053780,Cissus albida Cambess.,19
6388,4053972,Cissus paucinervia Lombardi,9
6389,4054644,Cissus nobilis Kuhlm.,11
6390,4054753,Cissus subrhomboidea (Baker) Planch.,18
6391,4054879,Cissus decidua Lombardi,20
6392,4054908,Cissus stipulata Vell.,12
6393,4054992,Cissus spinosa Cambess.,20
6394,4055611,Buddleja speciosissima Taub.,20
6395,4055625,Buddleja hatschbachii E.M.Norman & L.B.Sm.,7
6396,4055749,Buddleja kleinii E.M.Norman & L.B.Sm.,12
6397,4058885,Varronia urticifolia (Cham.) J.S.Mill.,19
6398,4058928,Varronia truncata (Fresen.) Borhidi,14
6399,4058976,Varronia tarodaea J.S.Mill.,8
6400,4059364,Varronia polycephala Lam.,20
6401,4059738,Varronia multispicata (Cham.) Borhidi,20
6402,4060159,Varronia leucomalloides (Taroda) J.S.Mill.,20
6403,4061046,Myriopus salzmannii (DC.) Diane & Hilger,20
6404,4061093,Myriopus candidulus (Miers) Feuillet,20
6405,4062390,Euploca lagoensis (Warm.) Diane & Hilger,20
6406,4066739,Thaumatocaryon tetraquetrum (Cham.) I.M.Johnst.,20
6407,4068719,Phoradendron chrysocladon A.Gray,20
6408,4068823,Phoradendron strongyloclados Eichler,20
6409,4068933,Phoradendron caripense Eichler,13
6410,4069511,Phoradendron bathyoryctum Eichler,20
6411,4069515,Phoradendron dipterum Eichler,20
6412,4069663,Phoradendron tunaeforme (DC.) Eichler,17
6413,4070912,Diospyros gaultheriifolia Mart. ex Miq.,11
6414,4072534,Mourera fluviatilis Aubl.,20
6415,4073016,Spirotheca rivieri (Decne.) Ulbr.,20
6416,4073570,Pseudobombax tomentosum (Mart. & Zucc.) A.Robyns,20
6417,4073627,Pseudobombax petropolitanum A.Robyns,20
6418,4073645,Pseudobombax munguba (Mart. & Zucc.) Dugand,20
6419,4073674,"Pseudobombax marginatum (A.St.-Hil., A.Juss. & Cambess.) A.Robyns",20
6420,4073683,Pseudobombax longiflorum (Mart. & Zucc.) A.Robyns,20
6421,4073722,Eriotheca gracilipes (K.Schum.) A.Robyns,20
6422,4073732,Eriotheca globosa (Aubl.) A.Robyns,20
6423,4073753,Matisia lasiocalyx K.Schum.,20
6424,4073772,Pseudobombax campestre (Mart. & Zucc.) A.Robyns,20
6425,4073899,Pachira glabra Pasq.,20
6426,4074382,Paypayrola blanchetiana Tul.,20
6427,4075006,Amphirrhox longifolia (A.St.-Hil.) Spreng.,20
6428,4077259,Rinorea bahiensis (Moric.) Kuntze,16
6429,4077782,Rinorea riana (DC. ex Ging.) Kuntze,20
6430,4078255,Lomaridium plumieri (Desv.) C.Presl,20
6431,4079358,Blechnum austrobrasilianum de la Sota,15
6432,4079718,Goniopteris burkartii Abbiatti,18
6433,4079834,Thelypteris conspersa (Schrad.) A.R.Sm.,19
6434,4080028,Thelypteris biolleyi (Christ) Proctor,15
6435,4080246,Meniscium macrophyllum Kunze,20
6436,4080685,Meniscium chrysodioides Fée,15
6437,4080776,Meniscium angustifolium Willd.,20
6438,4080837,Amauropelta retusa (Sw.) Pic.Serm.,17
6439,4080865,Thelypteris ptarmica (Kunze ex Mett.) C.F.Reed,17
6440,4080892,Amauropelta opposita (M.Vahl) Pic.Serm.,18
6441,4080911,Amauropelta oligocarpa (Humb. & Bonpl. ex Willd.) Pic.Serm.,18
6442,4081934,Goniopteris vivipara (Raddi) Brade,20
6443,4082015,Thelypteris tristis (Kunze) R.M.Tryon,16
6444,4083316,Thelypteris gardneriana (Baker) C.F.Reed,19
6445,4083363,Goniopteris juruensis (C.Chr.) Brade,18
6446,4083625,Christella hispidula (Decne.) Holttum,20
6447,4083819,Lippia hermannioides Cham.,18
6448,4083975,Stachytarpheta harleyi S.Atkins,19
6449,4084406,Stachytarpheta fiebrigii Moldenke,6
6450,4084450,Lippia gardneriana Schauer,14
6451,4084643,Lippia filifolia Mart. & Schauer,17
6452,4084679,Stachytarpheta coccinea Schauer,20
6453,4084799,Stachytarpheta cearensis Moldenke,15
6454,4085127,Lantana × pohliana Schauer,15
6455,4085735,Lippia brasiliensis (Link) T.R.S.Silva,20
6456,4085822,Stachytarpheta sprucei Moldenke,20
6457,4085961,Stachytarpheta sellowiana Schauer,20
6458,4085978,Lippia bellatula Moldenke,12
6459,4086041,Lippia balansae Briq.,18
6460,4086481,Stachytarpheta pachystachya Mart. ex Schauer,15
6461,4086702,Stachytarpheta martiana Schauer,13
6462,4086736,Stachytarpheta lythrophylla Schauer,20
6463,4086884,Stachytarpheta linearis Moldenke,17
6464,4087346,Utricularia hydrocarpa Vahl,20
6465,4087359,Genlisea filiformis A.St.-Hil.,20
6466,4087363,Utricularia myriocista A.St.-Hil. & Girard,20
6467,4087432,Utricularia hispida Lam.,20
6468,4087624,Utricularia triloba Benj.,20
6469,4087664,Utricularia breviscapa Wright ex Griseb.,20
6470,4087900,Utricularia benjaminiana Oliv.,20
6471,4088239,Genlisea repens Benj.,19
6472,4091191,Tabebuia aurea (Silva Manso) Benth. & Hook.fil. ex S.Moore,20
6473,4091295,Adenocalymma scabriusculum Mart. ex DC.,14
6474,4091337,Adenocalymma salmoneum J.C.Gomes,20
6475,4091431,Tabebuia roseoalba (Ridl.) Sandwith,20
6476,4091727,Stizophyllum inaequilaterum Bureau & K.Schum.,20
6477,4091862,Adenocalymma macrophyllum (Cham.) DC.,18
6478,4092017,Handroanthus serratifolius (Vahl) S.O.Grose,20
6479,4092029,Handroanthus selachidentatus (A.H.Gentry) S.O.Grose,13
6480,4092047,Adenocalymma impressum (Rusby) Sandwith,18
6481,4092107,Adenocalymma hirtum (Mart. ex DC.) Bureau & K.Schum.,13
6482,4092168,Anemopaegma setilobum A.H.Gentry,19
6483,4092208,Adenocalymma hatschbachii A.H.Gentry,16
6484,4092242,Handroanthus impetiginosum (Mart. ex DC.) Mattos,20
6485,4092378,Handroanthus cristatus (A.H.Gentry) S.O.Grose,20
6486,4092431,Tabebuia obtusifolia (Cham.) Bureau,20
6487,4092530,Anemopaegma paraense Bureau & K.Schum.,20
6488,4092539,Handroanthus barbatus (E.Mey.) Mattos,20
6489,4092704,Adenocalymma coriaceum A.DC.,7
6490,4092892,Adenocalymma bracteolatum DC.,19
6491,4092946,Jacaranda ulei Bureau & K.Schum.,20
6492,4093015,Adenocalymma apurense (Kunth) Sandwith,19
6493,4093100,Tynanthus micranthus Corr.Mello ex K.Schum.,20
6494,4093150,Anemopaegma hilarianum Bureau & K.Schum.,16
6495,4093169,Jacaranda rufa Silva Manso,20
6496,4093251,Anemopaegma gracile Bureau & K.Schum.,15
6497,4093471,Jacaranda oxyphylla Cham.,12
6498,4093483,Paratecoma peroba (Record) Kuhlm.,20
6499,4093489,Anemopaegma citrinum Mart. ex DC.,16
6500,4093731,Anemopaegma acutifolium DC.,13
6501,4093757,Jacaranda micrantha Cham.,20
6502,4093905,Jacaranda irwinii A.H.Gentry,20
6503,4094096,Pleonotoma castelnaei (Bureau) Sandwith,16
6504,4094291,Bignonia binata Thunb.,20
6505,4094430,Mansoa lanceolata (DC.) A.H.Gentry,20
6506,4094496,Mansoa hymenaea (A.DC.) A.H.Gentry,20
6507,4094627,Bignonia magnifica W.Bull,20
6508,4094722,Jacaranda brasiliana (Lam.) Pers.,20
6509,4095980,Valeriana eupatoria Sobral,11
6510,4105146,Ichnanthus riedelii (Trin.) Döll,6
6511,4106280,Aulonemia radiata (Rupr.) McClure & L.B.Sm.,18
6512,4106554,Paspalum nutans Lam.,20
6513,4106732,Aulonemia aristulata (Döll) McClure,19
6514,4107220,Paspalum minarum Hack.,15
6515,4107471,Ichnanthus lancifolius Mez,16
6516,4107554,Paspalum mandiocanum Trin.,20
6517,4107560,Ichnanthus inconstans (Trin. ex Nees) Döll,17
6518,4108464,Athroostachys capitata (Hook.) Benth.,17
6519,4108555,Otachyrium versicolor (Döll) Henrard,17
6520,4108684,Sorghastrum scaberrimum (Nees) Herter,20
6521,4108737,Ichnanthus bambusiflorus (Trin.) Döll,17
6522,4108855,Sorghastrum minarum (Nees) Hitchc.,14
6523,4109582,Paspalum hyalinum Nees ex Trin.,15
6524,4110601,Paspalum gardnerianum Nees,20
6525,4111025,Paspalum flaccidum Nees,15
6526,4111507,Paspalum equitans Mez,17
6527,4112476,Chaetium festucoides Nees,19
6528,4112576,Paspalum dedeccae Quarín,16
6529,4113031,Arundinella hispida (Kunth ex Willd.) Kuntze,18
6530,4113145,Paspalum corcovadense Raddi,20
6531,4113367,Paspalum compressifolium Swallen,19
6532,4116563,Panicum rhizogonum Hack.,18
6533,4117063,Melica rigida Cav.,20
6534,4117409,Axonopus argentinus Parodi,19
6535,4117801,Echinolaena inflexa (Poir.) Chase,20
6536,4122284,Mnesithea aurita (Steud.) de Koning & Sosef,17
6537,4123059,Aristida setifolia Kunth,18
6538,4123376,Panicum stramineum Hitchc. & Chase,20
6539,4124893,Schizachyrium hatschbachii Peichoto,17
6540,4124916,Panicum sellowii Nees,19
6541,4124937,Aristida pallens Cav.,20
6542,4125447,Luziola spruceana Benth. ex Döll,17
6543,4125580,Aristida megapotamica Spreng.,18
6544,4125843,Aristida purpurea var. longiseta (Steud.) Vasey,20
6545,4126440,Aristida jubata (Arechav.) Herter,19
6546,4127622,Guadua velutina Londoño & L.G.Clark,20
6547,4127987,Aristida elliptica (Nees) Kunth,15
6548,4128035,Chusquea urelytra Hack.,18
6549,4128135,Luziola caespitosa Swallen,8
6550,4128457,Loudetiopsis chrysothrix (Nees) Conert,20
6551,4128493,Chusquea tenella Nees,20
6552,4129514,Streptostachys asperifolia Desv.,20
6553,4129635,Streptochaeta spicata Schrad. ex Nees,19
6554,4129708,Lolium multiflorum Lam.,20
6555,4130311,Chusquea ramosissima Lindm.,20
6556,4131933,Chusquea oxylepis (Hack.) Ekman,20
6557,4131956,Chusquea oligophylla Rupr.,19
6558,4131973,Chusquea nutans L.G.Clark,14
6559,4132050,Panicum olyroides Kunth,20
6560,4132127,Chusquea mimosa McClure & L.B.Sm.,18
6561,4132617,Chusquea juergensii Hack.,19
6562,4132733,Chusquea heterophylla Nees,19
6563,4133380,Panicum superatum Hack.,19
6564,4133624,Dichanthelium sciurotoides (Zuloaga & Morrone) Davidse,20
6565,4133638,Dichanthelium sciurotis (Trin.) Davidse,12
6566,4134463,Dichanthelium hebotes (Trin.) Zuloaga,19
6567,4134507,Chusquea gracilis McClure & L.B.Sm.,17
6568,4134658,Panicum millegrana Poir.,18
6569,4135070,Chusquea capitata Nees,20
6570,4135136,Chusquea bradei L.G.Clark,17
6571,4135285,Chusquea anelythroides Rupr. ex Döll,19
6572,4135326,Saccharum asperum (Nees) Steud.,19
6573,4135957,Agenium villosum (Nees) Pilg.,18
6574,4136008,Agenium leptocladum (Hack.) Clayton,15
6575,4136052,Anomochloa marantoidea Brongn.,18
6576,4138667,Andropogon ternatus (Spreng.) Nees,20
6577,4138713,Cymbopogon martini (Roxb.) W.Watson,20
6578,4139637,Acroceras zizanioides (Kunth) Dandy,20
6579,4140938,Eragrostis solida Nees,19
6580,4141161,Panicum racemosum (P.Beauv.) Spreng.,20
6581,4143138,Eragrostis perennis Döll,19
6582,4145172,Axonopus siccus (Nees) Kuhlm.,17
6583,4145704,Dendrocalamus giganteus Munro,20
6584,4146391,Ichnanthus leiocarpus (Spreng.) Kunth,16
6585,4146558,Eragrostis guianensis Hitchc.,19
6586,4147550,Axonopus brasiliensis (Spreng.) Kuhlm.,19
6587,4147679,Hymenachne grumosa (Nees) Zuloaga,19
6588,4148489,Danthonia montevidensis Hack. & Arechav.,19
6589,4148905,Eragrostis cataclasta Nicora,19
6590,4149151,Sporobolus linearifolius Nicora,10
6591,4149456,Sporobolus jacquemontii Kunth,20
6592,4149923,Chascolytrum lamarckianum (Nees) Matthei,20
6593,4150004,Andropogon durifolius Renvoize,14
6594,4150847,Urochloa decumbens (Stapf) R.D.Webster,16
6595,4152303,Pseudechinolaena polystachya (Kunth) Stapf,20
6596,4152602,Chusquea bambusoides (Raddi) Hack.,20
6597,4152642,Chusquea baculifera Silveira,18
6598,4153945,Paspalum scutatum Nees ex Trin.,19
6599,4154741,Paspalum regnellii Mez,18
6600,4154899,Paspalum ramboi I.L.Barreto,14
6601,4155017,Guadua angustifolia Kunth,20
6602,4155190,Paspalum pumilum Nees,19
6603,4155979,Plantago guilleminiana Decne.,16
6604,4156659,Begonia albidula Brade,19
6605,4156683,Begonia catharinensis Brade,20
6606,4156720,Begonia lossiae L.Kollmann,10
6607,4156758,Begonia hoehneana Irmsch.,19
6608,4156952,Begonia callosa L.Kollmann,13
6609,4157030,Begonia radicans Vell.,20
6610,4157247,Begonia stenophylla A.DC.,20
6611,4157377,Begonia pulchella Raddi,20
6612,4157561,Begonia dietrichiana Irmsch.,19
6613,4157635,Begonia solananthera A.DC.,20
6614,4157680,Begonia grisea A.DC.,20
6615,4158400,Begonia fuscocaulis Brade,15
6616,4158560,Begonia saxicola A.DC.,20
6617,4158569,Begonia corallina Carrière,20
6618,4158611,Begonia itaguassuensis Brade,20
6619,4158629,Begonia isopterocarpa Irmsch.,20
6620,4158647,Begonia santos-limae Brade,17
6621,4158696,Begonia sanguinea Raddi,20
6622,4158725,Begonia concinna Schott,20
6623,4158931,Begonia rufa Thunb.,20
6624,4159277,Begonia paleata A.DC.,20
6625,4159480,Celtis spinosissima (Wedd.) Miq.,20
6626,4160710,Plagiogyria fialhoi (Fée & Glaz. ex Fée) Copel.,20
6627,4160983,Piriqueta morongii Rolfe,20
6628,4161019,Piriqueta guianensis N.E.Br.,20
6629,4161113,Turnera cearensis Urb.,20
6630,4161134,Turnera arcuata Urb.,18
6631,4161154,Turnera subulata J.E.Sm.,20
6632,4161203,Turnera lucida Urb.,16
6633,4161226,Turnera longiflora Cambess.,20
6634,4161253,Turnera simulans Arbo,5
6635,4161288,Turnera lamiifolia Cambess.,19
6636,4161349,Turnera joelii Arbo,13
6637,4162182,Tropaeolum brasiliense Casar.,20
6638,4163140,Doliocarpus schottianus Eichler,17
6639,4163624,Doliocarpus glomeratus Eichler,14
6640,4167189,Gaylussacia rhododendron Cham. & Schltdl.,9
6641,4167359,Gaylussacia pseudogaultheria Cham. & Schltdl.,14
6642,4168174,Gaylussacia chamissonis Meisn.,14
6643,4168245,Gaylussacia caparoensis Sleumer,19
6644,4175656,Endlicheria ruforamula Chanderb.,20
6645,4176015,Ocotea cernua (Nees) Mez,19
6646,4176379,Endlicheria glomerata Mez,20
6647,4176601,Beilschmiedia linharensis Sach.Nishida & van der Werff,20
6648,4176654,Persea alba Nees,16
6649,4176669,Persea rigida Nees,13
6650,4177462,Beilschmiedia emarginata (Meisn.) Kosterm.,18
6651,4177566,Ocotea odorifera (Vell.) Rohwer,20
6652,4177758,Ocotea nutans (Nees) Mez,18
6653,4177846,Persea willdenovii Kosterm.,19
6654,4178249,Ocotea mosenii Mez,8
6655,4179055,Rhodostemonodaphne macrocalyx (Meisn.) Rohwer ex Madriñán,18
6656,4179357,Ocotea longifolia Kunth,13
6657,4179390,Ocotea lobbii (Meisn.) Rohwer,20
6658,4180740,Aniba parviflora (Meisn.) Mez,17
6659,4180989,Ocotea venulosa (Nees) Baitello,13
6660,4181022,Cryptocarya velloziana P.L.R.Moraes,8
6661,4181077,Ocotea velutina (Nees) Rohwer,17
6662,4181351,Ocotea glaziovii Mez,20
6663,4181404,Urbanodendron verrucosum (Nees) Mez,20
6664,4181679,Aniba canelilla (Kunth) Mez,18
6665,4181687,Aniba burchellii Kosterm.,17
6666,4181788,Ocotea teleiandra (Meisn.) Mez,20
6667,4181816,Aniba affinis (Meisn.) Mez,19
6668,4181948,Ocotea fasciculata (Nees) Mez,19
6669,4181980,Ocotea subrutilans Mez,20
6670,4182592,Ocotea silvestris Vattimo-Gil,14
6671,4182666,Ocotea dispersa (Nees & Mart. ex Nees) Mez,19
6672,4182947,Beilschmiedia taubertiana (Schwacke & Mez) Kosterm.,20
6673,4183047,Aiouea trinervis Meisn.,17
6674,4183067,Ocotea daphnifolia (Meisn.) Mez,20
6675,4183139,Licaria bahiana H.Kurz,18
6676,4183206,Aiouea saligna Meisn.,20
6677,4183240,Ocotea cujumary Mart.,18
6678,4183469,Cryptocarya mandioccana Meisn.,20
6679,4183667,Piper jubimarginatum Yunck.,20
6680,4183680,Peperomia quaesita Trel.,20
6681,4184220,Piper chimonanthifolium Kunth,20
6682,4185298,Piper ilheusense Yunck.,16
6683,4185356,Peperomia pseudoestrellensis C.DC.,20
6684,4185730,Piper robustipedunculum Yunck.,14
6685,4186080,Piper hoffmannseggianum Schult.,20
6686,4186107,Piper capitarianum Yunck.,11
6687,4186202,Piper richardiifolium Kunth,20
6688,4186310,Piper insipiens Trel. & Yunck.,20
6689,4186349,"Manekia obtusa (Miq.) T.Arias, Callejas & Bornst.",20
6690,4186643,Piper diospyrifolium Kunth,19
6691,4186800,Peperomia pilicaulis C.DC.,14
6692,4188097,Piper ottonoides Yunck.,13
6693,4188194,Piper sprengelianum C.DC.,15
6694,4188326,Piper bowiei Yunck.,20
6695,4189298,Peperomia increscens Miq.,20
6696,4189547,Peperomia ibiramana Yunck.,20
6697,4189967,Peperomia angustata Kunth,20
6698,4190775,Piper laevicarpum Yunck.,17
6699,4191278,Piper klotzschianum (Kunth) C.DC.,20
6700,4192507,Seguieria langsdorffii Moq.,20
6701,4192715,Seguieria aculeata Jacq.,20
6702,4193702,Impatiens hawkeri W.Bull,20
6703,4195146,Helosis cayanensis (Sw.) Spreng.,20
6704,4195245,Scybalium fungiforme Schott & Endl.,20
6705,4195763,Stephanopodium blanchetianum Baill.,15
6706,4196132,Stephanopodium organense (Rizzini) Prance,15
6707,4196478,Azolla microphylla Kaulf.,20
6708,4196780,Nephrolepis brownii (Desv.) Hovenkamp & Miyam.,20
6709,4196819,Oleandra baetae Damazio,10
6710,4199772,Kalanchoe × houghtonii D.B.Ward,20
6711,4204670,Davallia fejeensis Hook.,20
6712,4221609,Praxelis kleinioides (Kunth) Sch.Bip.,18
6713,4226586,Wunderlichia crulsiana Taub.,14
6714,4248783,Lessingianthus buddlejifolius (Mart. ex DC.) H.Rob.,20
6715,4250834,Vernonanthura montevidensis (Spreng.) H.Rob.,20
6716,4251776,Lepidaploa balansae (Hieron.) H.Rob.,20
6717,4257199,Asplenium mourai Hieron.,19
6718,4257844,Asplenium depauperatum Fée,18
6719,4257977,Asplenium squamosum L.,20
6720,4258109,Asplenium wacketii Rosenst.,17
6721,4258134,Asplenium jucundum Fée,12
6722,4258555,Asplenium incurvatum Fée,15
6723,4258829,Asplenium cruegeri Hieron.,15
6724,4260335,Christiana africana DC.,20
6725,4260473,Apeiba petoumo Aubl.,20
6726,4260493,Lueheopsis schultesii Cuatrec.,10
6727,4261889,Triumfetta obscura A.St.-Hil.,20
6728,4262953,"Trinomys iheringi (Thomas, 1911)",20
6729,4263378,"Ctenomys flamarioni Travi, 1981",20
6730,4264680,"Myocastor coypus (Molina, 1782)",20
6731,4265133,"Thaptomys nigrita (Lichtenstein, 1829)",20
6732,4267243,"Brachyteles hypoxanthus (Kuhl, 1820)",19
6733,4276764,Lejeunea glaucescens Gottsche,20
6734,4276796,Cheilolejeunea rigidula (Nees ex Mont.) R.M.Schust.,20
6735,4276818,Neurolejeunea breutelii (Gottsche) A.Evans,18
6736,4276916,Lophocolea bidentata (L.) Dumort.,20
6737,4276997,Frullania kunzei (Lehm. & Lindenb.) Lehm. & Lindenb.,20
6738,4280186,Bryum billarderii Schwägr.,19
6739,4285694,"Oreochromis niloticus (Linnaeus, 1758)",20
6740,4293933,"Hoplitimyia subalba (Walker, 1854)",20
6741,4299211,"Siproeta epaphus (Latreille, 1813)",20
6742,4300019,"Zizula cyna (W.H.Edwards, 1881)",20
6743,4300369,"Cyanophrys herodotus (Fabricius, 1793)",20
6744,4300377,"Strymon rufofusca (Hewitson, 1877)",20
6745,4300393,Strymon bazochii (Godart),20
6746,4300398,"Strymon cestri (Reakirt, 1867)",20
6747,4300404,"Allosmaitia strophius (Godart, 1824)",20
6748,4300405,"Ministrymon azia (Hewitson, 1873)",20
6749,4301360,"Panoquina hecebolus (Scudder, 1872)",20
6750,4302252,"Orthonama obstipata (Fabricius, 1794)",20
6751,4311736,"Clibanarius sclopetarius (J.F.W.Herbst, 1796)",20
6752,4352334,"Alopochelidon fucata (Temminck, 1822)",20
6753,4355609,"Aplidium accarense (Millar, 1953)",20
6754,4356253,"Didemnum psammatodes (Sluiter, 1895)",20
6755,4360087,"Tyrinna evelinae (Er.Marcus, 1958)",20
6756,4362965,"Melanoides tuberculata (O.F.Müller, 1774)",20
6757,4372397,"Dallocardia muricata (Linnaeus, 1758)",20
6758,4377177,Canistrocarpus cervicornis (Kütz.) J.C.De Paula & De Clerck,13
6759,4388311,"Sundarus ducalis (Stål, 1860)",15
6760,4388357,"Anasa trilineata Stål, 1870",20
6761,4388388,"Anasa apicalis (Westwood, 1842)",20
6762,4388391,"Anasa bellator (Fabricius, 1787)",20
6763,4388539,"Zicca stali Berg, 1879",20
6764,4388775,"Sphictyrtus chrysis (Lichtenstein, 1796)",20
6765,4388779,"Sethenira uruguayensis Berg, 1892",5
6766,4389318,"Diactor bilineatus (Fabricius, 1803)",20
6767,4390324,"Plaxiscelis fusca Spinola, 1837",13
6768,4390341,"Nyttum beckeri Dolling & Casini, 1988",13
6769,4390444,"Athaumastus rubroornatus (Stål, 1855)",10
6770,4390469,"Zoreva dentipes (Fabricius, 1803)",20
6771,4390485,"Elachisme mundula (Stål, 1859)",16
6772,4390508,"Machtima crucigera (Fabricius, 1775)",20
6773,4390515,"Ouranion crenulatus (Stål, 1860)",17
6774,4390618,"Melucha lineatella (Fabricius, 1803)",20
6775,4390621,"Melucha phyllocnemis (Burmeister, 1835)",20
6776,4390622,"Melucha chapadana Brailovsky, 1993",16
6777,4390627,"Melucha quinquelineata Stål, 1865",20
6778,4390631,"Pachylis pharaonis (Herbst, 1784)",20
6779,4390642,"Cnemyrtus scriptus (Burmeister, 1835)",20
6780,4390702,"Laminiceps fasciatus (Dallas, 1852)",13
6781,4390710,"Laminiceps fenestratus (Burmeister, 1835)",20
6782,4390986,"Eubule rugulosa Brailovsky, 1992",5
6783,4390992,"Eubule farinosa (Dallas, 1852)",15
6784,4391082,"Molchina granulata Stål, 1870",20
6785,4391634,"Vilga dallasi Distant, 1881",17
6786,4391715,"Lyrnessus geniculatus (Guérin-Méneville, 1857)",20
6787,4391820,"Apidaurus longitylus Schaefer & Schaffner, 2003",6
6788,4391821,"Apidaurus conspersus Stål, 1870",20
6789,4392531,"Sarcinatrix quadrimaculata Brindle, 1971",8
6790,4392555,"Ancistrogaster arthritica Scudder, 1876",10
6791,4393197,"Doru gracilis (Burmeister, 1838)",20
6792,4394400,"Pyragropsis emarginata Rehn, 1916",20
6793,4394518,"Pygidicrana v-nigrum Audinet-Serville, 1831",20
6794,4394527,"Pygidicrana bivittata Erichson, 1848",20
6795,4394677,"Metaphotina Toledo Piza, 1967",20
6796,4399915,"Dictyopsocus pennicornis (Burmeister, 1839)",20
6797,4435879,"Eulissus chalybaeus Mannerheim, 1830",20
6798,4452610,"Lobiopa insularis (Laporte, 1840)",20
6799,4486245,"Oxycarenus hyalinipennis (Costa, 1847)",20
6800,4554218,"Trichuris trichiura (Linnaeus, 1771)",20
6801,4558786,"Ascaris lumbricoides Linnaeus, 1758",20
6802,4571682,"Iphimeis Baly, 1864",20
6803,4571823,"Iphiclus Chevrolat, 1837",320
6804,4574208,"Pachylosticta violacea Klug, 1824",20
6805,4576026,"Themesia Lacordaire, 1848",8
6806,4577028,"Atillum André, 1902",20
6807,4596396,"Mesembrinus Albers, 1850",40
6808,4598907,"Gulella bicolor (T.Hutton, 1834)",20
6809,4619729,"Tanychlamys W.H.Benson, 1834",20
6810,4651573,"Aceria litchii (Keifer, 1943)",20
6811,4669463,"Hoplocrates Mickel, 1937",60
6812,4669483,"Pseudomethoca Ashmead, 1896",20
6813,4669506,"Hoplomutilla Ashmead, 1899",60
6814,4669927,"Suareztilla Casal, 1968",20
6815,4673960,"Tallium André, 1902",20
6816,4674010,"Neoponera Emery, 1901",40
6817,4674736,"Seminota Spinola, 1840",15
6818,4679785,Orthogonalys pulchella,20
6819,4680461,"Traumatomutilla inermis (Klug, 1821)",120
6820,4687227,"Blepharomastix Lederer, 1863",20
6821,4688942,"Telchin Hübner, 1825",20
6822,4688987,"Pseudotinea Hall & Callaghan, 2003",16
6823,4688988,"Ronania Berio, 1990",20
6824,4689003,"Erruca Walker, 1854",20
6825,4689644,Carminda paeon,20
6826,4695593,"Synargis Hübner, 1819",20
6827,4696043,"Paraspiculatus Johnson & Constantino, 1997",20
6828,4702131,"Erbessa dominula Warren, 1909",20
6829,4702489,"Detritivora Hall & Harvey, 2002",20
6830,4702992,"Dachetola Hall, 2001",20
6831,4704376,"Neruda Turner, 1976",5
6832,4704559,"Dicya Johnson, 1991",40
6833,4705189,"Brangas Hübner, 1819",20
6834,4705981,"Laothus Johnson, Kruse & Kroenlein, 1997",20
6835,4708684,"Feigeria Berio, 1990",40
6836,4708969,"Ostrinotes Johnson, Austin, Le Crom & Salazar, 1997",20
6837,4709083,"Janthecla Robbins & Venables, 1991",40
6838,4716494,"Cregya oculata (Say, 1835)",20
6839,4717084,"Discodon Gorham, 1881",40
6840,4717336,"Wanderbiltiana Bechyné, 1955",40
6841,4719183,"Trigonexora Bechyné & de Bechyné, 1969",16
6842,4719566,"Erotylus Fabricius, 1775",20
6843,4719571,"Oligocorynus indicus Herbst, 1783",40
6844,4719581,"Strongylosomus frenatus Guérin-Méneville, 1841",20
6845,4719597,"Pselaphacus Percheron, 1835",20
6846,4719602,"Ellipticus Chevrolat, 1837",40
6847,4722358,"Campsia Lepeletier & Serville, 1828",20
6848,4722662,"Sphaerotus Kirby, 1819",20
6849,4723055,"Camaria Lepeletier & Audinet-Serville, 1828",16
6850,4723267,"Blapida Perty, 1830",20
6851,4723785,"Dicyrtus Lacordaire, 1859",6
6852,4723949,"Lystronychus piliferus Champion, 1888",20
6853,4725947,"Eugonycha Chevrolat, 1843",11
6854,4726245,"Deuterocampta Chevrolat, 1844",60
6855,4726397,"Coeliaria Mulsant, 1850",20
6856,4733195,"Cosmogramma Erichson, 1847",20
6857,4734510,"Isotes Weise, 1922",40
6858,4735993,"Diplectrus Kirsch, 1866",20
6859,4736672,"Walterianella Bechyné, 1955",20
6860,4736765,"Percolaspis Bechyné, 1957",20
6861,4737106,"Crimissa cruralis Stal, 1858",20
6862,4740915,"Gynandrobrotica Bechyné, 1955",20
6863,4741488,"Eupalea Mulsant, 1850",20
6864,4741512,"Henosepilachna vigintioctopunctata (Fabricius, 1775)",20
6865,4741992,"Buckibrotica Bechyné & de Bechyné, 1969",20
6866,4744216,"Microdaiphron Pic, 1926",20
6867,4744811,"Acrolytta Kaszab, 1959",20
6868,4747083,"Nodocolaspis Bechyne, 1950",20
6869,4747133,"Alagoasa Bechyné, 1955",200
6870,4748260,"Austrochorina Bechyné, 1963",6
6871,4754732,"Chalcolepidius Eschscholtz, 1829",20
6872,4754907,"Cosmesus Eschscholtz, 1829",20
6873,4755109,"Pelonium leucophaeum (Klug, 1842)",20
6874,4757198,"Dendropaemon convexus (Harold, 1869)",20
6875,4760290,"Harpasus quadrifolium Gonzalez, Correa & Almeida",20
6876,4760878,"Cornulactica Bechyné, 1955",20
6877,4761358,"Paranaita Bechyné, 1955",40
6878,4762066,"Hermesilla Bechyné, 1954",7
6879,4762785,"Mononeda Crotch, 1874",20
6880,4764670,"Plectonycha Lacordaire, 1845",20
6881,4769033,"Otocerus Mäklin, 1867",20
6882,4769296,"Probothrium Candèze, 1863",20
6883,4778937,"Acledra Signoret, 1864",20
6884,4779071,"Stictochilus Bergroth, 1918",20
6885,4780070,"Colpocarena Stål, 1868",7
6886,4782246,"Arocera apta (Walker, 1867)",20
6887,4782383,"Galedanta Amyot & Serville, 1843",10
6888,4782552,"Dryptocephala Laporte de Castelnau, 1833",12
6889,4782659,"Grazia Rolston, 1981",10
6890,4782889,"Janeirona Distant, 1911",20
6891,4784922,"Pseudevoplitus Ruckes, 1958",20
6892,4791120,"Trichoprosopon digitatum Rondani, 1848",20
6893,4819830,"Gymnodactylus amarali Barbour, 1925",20
6894,4820504,"Epicrates crassus Cope, 1862",19
6895,4843115,"Asio clamator (Vieillot, 1808)",20
6896,4851294,"Pyrrhura griseipectus Salvadori, 1900",20
6897,4924659,Leonotis nepetifolia (L.) R.Br.,20
6898,4925544,Cabomba furcata Schult.fil.,20
6899,4927163,Ipomoea squamosa Choisy,20
6900,4930951,Begonia umbraculifera Hook.fil.,20
6901,4931838,Amphilophium crucigerum (L.) L.G.Lohmann,20
6902,4931854,Chondrodendron platyphyllum (A.St.-Hil.) Miers,20
6903,4933007,Steinchisma laxum (Sw.) Zuloaga,20
6904,4935945,Mouriri apiranga Spruce ex Triana,20
6905,4936059,Salvertia convallariodora A.St.-Hil.,20
6906,4939519,Thurnia sphaerocephala (Rudge) Hook.f.,20
6907,4939914,Melothria campestris (Naudin) H.Schaef. & S.S.Renner,20
6908,4940392,Selaginella haematodes (Kunze) Spring,11
6909,4949228,"Lirophora paphia (Linnaeus, 1767)",20
6910,4952714,"Glycymeris longior (G.B.Sowerby I, 1833)",20
6911,4963075,"Pusula pediculus (Linnaeus, 1758)",20
6912,4964004,"Notocochlis isabelleana (d'Orbigny, 1840)",20
6913,4984851,"Bugula neritina (Linnaeus, 1758)",20
6914,4989894,"Hippodamia convergens Guérin-Méneville, 1842",20
6915,4990178,"Olla v-nigrum (Mulsant, 1866)",20
6916,4994746,"Cyclocephala kuntzeniana Höhne, 1923",14
6917,4994844,"Cyclocephala suturalis Ohaus, 1911",20
6918,4994907,"Cyclocephala lunulata Burmeister, 1847",20
6919,4995012,"Cyclocephala amazona (Linnaeus, 1767)",20
6920,4995761,"Strategus surinamensis hirtus Sternberg, 1910",20
6921,4995778,"Strategus mandibularis Sternberg, 1910",20
6922,4995788,"Strategus aloeus (Linnaeus, 1758)",20
6923,4995809,"Strategus validus (Fabricius, 1775)",20
6924,4996563,"Inca bonplandi (Gyllenhal, 1817)",20
6925,4996567,"Inca clathratus clathratus (Olivier, 1792)",20
6926,5021269,"Platyomus prasinus Boheman, 1833",6
6927,5021282,"Platyomus perlepidus Boheman, 1833",6
6928,5021307,"Platyomus atrosignatus Lucas, 1857",19
6929,5032751,"Polybia sericea (Olivier, 1792)",20
6930,5032780,"Polybia striata (Fabricius, 1787)",20
6931,5032785,"Polybia liliacea (Fabricius, 1804)",20
6932,5032793,"Polybia bistriata (Fabricius, 1804)",20
6933,5032798,"Polybia platycephala Richards, 1951",20
6934,5032820,"Polybia dimidiata (Olivier, 1791)",20
6935,5032821,"Polybia jurinei de Saussure, 1854",20
6936,5032823,"Polybia paulista Ihering, 1896",20
6937,5032825,"Polybia erythrothoraxla Richards, 1978",20
6938,5032827,"Polybia punctata Buysson, 1908",20
6939,5032844,"Polybia emaciata Lucas, 1879",20
6940,5032852,"Polybia occidentalis (Olivier, 1791)",20
6941,5032861,"Polybia rejecta (Fabricius, 1798)",20
6942,5032867,Polybia chrysothorax (Lichtenstein),20
6943,5032870,"Polybia ignobilis (Haliday, 1836)",20
6944,5032935,"Pseudopolybia compressa (de Saussure, 1854)",20
6945,5033118,"Camponotus senex (Smith, 1858)",17
6946,5033273,"Camponotus femoratus (Fabricius, 1804)",20
6947,5033278,"Camponotus lespesii Forel, 1886",20
6948,5033330,"Camponotus arboreus (Smith, 1858)",20
6949,5033373,BOLD:AAW1347,20
6950,5033523,"Camponotus amoris Forel, 1904",20
6951,5033669,"Camponotus alboannulatus Mayr, 1887",10
6952,5033698,"Camponotus personatus Emery, 1894",5
6953,5033977,"Camponotus bidens Mayr, 1870",7
6954,5034019,"Camponotus melanoticus Emery, 1894",8
6955,5034147,"Camponotus cingulatus Mayr, 1862",20
6956,5034253,"Camponotus renggeri Emery, 1894",20
6957,5034373,"Camponotus rectangularis Emery, 1890",20
6958,5034550,"Camponotus depressus Mayr, 1866",13
6959,5034665,"Camponotus novogranadensis Mayr, 1870",20
6960,5034686,"Camponotus sexguttatus (Fabricius, 1793)",20
6961,5034771,"Camponotus sericeiventris (Guérin-Méneville, 1838)",20
6962,5034858,"Dolichoderus decollatus Smith, 1858",20
6963,5034868,"Dolichoderus attelaboides (Fabricius, 1775)",20
6964,5034924,"Dolichoderus lutosus (Smith, 1858)",20
6965,5035058,"Solenopsis saevissima (Smith, 1855)",14
6966,5035358,"Odontomachus chelifer (Latreille, 1802)",20
6967,5035370,"Odontomachus affinis Guerin-Meneville, 1844",20
6968,5035374,"Odontomachus hastatus (Fabricius, 1804)",20
6969,5035385,"Odontomachus haematodus (Linnaeus, 1758)",20
6970,5035738,"Atta laevigata (Smith, 1858)",20
6971,5035739,"Atta robusta Borgmeier, 1939",20
6972,5035927,"Cephalotes clypeatus (Fabricius, 1804)",20
6973,5035990,"Cephalotes pallens (Klug, 1824)",13
6974,5035991,"Cephalotes borgmeieri (Kempf, 1951)",20
6975,5035996,"Cephalotes grandinosus (Smith, 1860)",16
6976,5036217,"Monobia angulosa de Saussure, 1852",20
6977,5036624,"Zeta argillaceum (Linnaeus, 1758)",20
6978,5038011,"Zethus smithii de Saussure, 1856",20
6979,5038049,"Zethus fuscus (Perty, 1833)",20
6980,5039561,"Tetragona clavipes (Fabricius, 1804)",20
6981,5039608,"Epicharis picta (Smith, 1874)",6
6982,5039808,"Ceratina chloris (Fabricius, 1804)",20
6983,5040104,"Rhathymus bicolor Lepeletier & Audinet-Serville, 1828",20
6984,5040116,"Rhathymus unicolor (Smith, 1854)",20
6985,5040788,"Trigona pallens (Fabricius, 1798)",20
6986,5040791,"Trigona cilipes (Fabricius, 1804)",20
6987,5040801,"Trigona recursa Smith, 1863",20
6988,5040803,"Trigona spinipes (Fabricius, 1793)",20
6989,5051118,"Tunga penetrans Linnaeus, 1758",20
6990,5051355,"Telebasis filiola (Perty, 1834)",20
6991,5051435,"Argia sordida Hagen, 1865",20
6992,5051486,"Argia serva Hagen, 1865",20
6993,5051557,"Lestes paulistus Calvert, 1909",9
6994,5051634,"Lestes forficula Rambur, 1842",20
6995,5051709,"Oxystigma cyanofrons Williamson, 1919",20
6996,5051738,"Anax amazili (Burmeister, 1839)",20
6997,5051769,"Anax concolor Brauer, 1865",20
6998,5052140,"Fylgia amazonica Kirby, 1889",20
6999,5052181,"Oligoclada laetitia Ris, 1911",20
7000,5053912,"Blepharopus diaphanus Kolenati, 1859",20
7001,5053979,"Macronema hageni Banks, 1924",20
7002,5059806,"Trichopoda pictipennis Bigot, 1876",20
7003,5063350,"Scepsis appendiculata (Macquart, 1840)",18
7004,5063921,"Lucilia cuprina (Wiedemann, 1830)",20
7005,5063973,"Lucilia sericata (Meigen, 1826)",20
7006,5064183,"Chrysomya putoria (Wiedemann, 1830)",20
7007,5065433,"Dicranomyia diva (Schiner, 1868)",6
7008,5067792,"Plagiocephalus lobularis Wiedemann, 1830",10
7009,5067925,"Physiphora clausa (Macquart, 1844)",20
7010,5073820,"Drosophila suzukii (Matsumura, 1931)",20
7011,5075039,"Drosophila simulans Sturtevant, 1919",20
7012,5078387,"Sargus thoracicus Macquart, 1834",20
7013,5078407,"Sargus analis (Williston, 1888)",20
7014,5080733,"Dilophus bicoloripes Edwards, 1938",20
7015,5086316,"Richardia tephritina Enderlein, 1912",9
7016,5094148,"Lepidophora cuneata Painter, 1939",7
7017,5095737,"Conocephalus longipes (Redtenbacher, 1891)",20
7018,5095942,"Conocephalus saltator (Saussure, 1859)",20
7019,5096042,"Conocephalus goianus Piza, 1977",20
7020,5096085,"Conocephalus ochrotelus Rehn & Hebard, 1915",20
7021,5096459,"Scaphura nigra (Thunberg, 1824)",20
7022,5097222,"Oxyprora flavicornis Redtenbacher, 1891",20
7023,5098790,"Scotussa impudica Giglio-Tos, 1894",20
7024,5098791,"Scotussa cliens (Stål, 1861)",20
7025,5099156,"Metaleptea adspersa (Blanchard, 1843)",20
7026,5101371,"Morpheis pyracmon Cramer, 1780",20
7027,5101374,"Morpheis xylotribus Herrich-Schäffer, 1853",20
7028,5101829,"Euglyphis submarginalis (Walker, 1866)",20
7029,5101865,"Euglyphis conspersa Draudt, 1927",18
7030,5101881,"Euglyphis claudia (Stoll, 1782)",20
7031,5101936,"Euglyphis albidifascia (Walker, 1855)",19
7032,5102063,"Euglyphis praedicabilis Draudt, 1927",13
7033,5102091,"Euglyphis abolla Draudt, 1927",9
7034,5102158,"Euglyphis semifunebris (Schaus, 1915)",16
7035,5102187,"Euglyphis braganza (Schaus, 1892)",20
7036,5102197,"Euglyphis theresa Schaus, 1892",10
7037,5102330,"Tolype medialis (Jones, 1912)",17
7038,5102354,"Tolype innocens (Burmeister, 1878)",20
7039,5105195,"Podalia guaya (Schaus, 1927)",20
7040,5105212,"Podalia walkeri (Berg, 1882)",20
7041,5105227,"Podalia tympania (Druce, 1897)",20
7042,5105229,"Podalia intermaculata (Dognin, 1916)",20
7043,5105297,"Talima postica Walker, 1855",20
7044,5105303,"Talima ingenour Dyar, 1926",20
7045,5108692,"Callopistria fimbripes Walker, 1858",20
7046,5108951,"Diphthera festiva Fabricius, 1775",20
7047,5109481,"Cucullia argyrina Guenée, 1852",20
7048,5109841,"Spodoptera cosmioides Walker, 1858",20
7049,5109845,"Spodoptera ornithogalli Guenée, 1852",20
7050,5109850,Spodoptera eridania Stoll,20
7051,5109855,"Spodoptera frugiperda J.E.Smith, 1797",20
7052,5109881,"Spodoptera dolichos Fabricius, 1794",20
7053,5110326,Thysania zenobia Cramer,20
7054,5110390,"Sosxetra grata Walker, 1862",20
7055,5110495,"Pitara subcosta Walker, 1858",5
7056,5110533,"Ceroctena amynta Cramer, 1779",20
7057,5111546,"Leucania subpunctata Harvey, 1875",20
7058,5112626,"Anoba pohli Felder, 1894",20
7059,5112936,"Zale exhausta Guenée, 1852",20
7060,5113858,"Acroria terens Walker, 1857",20
7061,5113949,"Orsa erythrospila Walker, 1865",6
7062,5114820,"Paracles fusca Walker, 1856",20
7063,5114900,"Clemensia panthera Schaus, 1896",20
7064,5115040,"Aclytia terra Schaus, 1896",20
7065,5115110,"Aethria melanobasis Druce, 1897",20
7066,5115111,"Aethria haemorrhoidalis Stoll, 1790",20
7067,5115406,"Phaloe cruenta Hübner, 1823",20
7068,5115455,"Loxophlebia crocata Herrich-Schäffer, 1854",10
7069,5115512,"Isia alcumena Berg, 1882",20
7070,5115513,"Isia intricata Walker, 1856",14
7071,5117361,"Poecilosoma eone Hübner, 1827",20
7072,5117412,"Eudesmia ruficollis Donovan, 1798",20
7073,5117424,"Dysschema eurocilia Cramer, 1777",20
7074,5117439,"Dysschema amphissa Geyer, 1832",20
7075,5117452,"Dysschema picta Guérin-Méneville, 1844",11
7076,5117463,"Dysschema sacrifica Hübner, 1831",20
7077,5117501,"Dysschema hilara Weymer, 1895",20
7078,5117531,"Dysschema subapicalis Walker, 1854",20
7079,5117679,"Homoeocera acuminata Walker, 1856",17
7080,5117685,"Dinia eagrus Cramer, 1779",20
7081,5117951,"Agylla argentifera Walker, 1866",20
7082,5118605,"Hemiceras ovalis Schaus, 1901",13
7083,5119053,"Tecmessa elegans Schaus, 1901",20
7084,5119260,"Colax apulus Cramer, 1779",20
7085,5123333,"Rhobonda gaurisana Walker, 1863",20
7086,5123615,"Phryxus caicus Cramer, 1777",20
7087,5123636,"Agrius cingulata Fabricius, 1775",20
7088,5123701,"Oryba kadeni Schaufuss, 1870",20
7089,5123704,"Oryba achemenides Cramer, 1779",20
7090,5123778,"Isognathus australis Clark, 1917",20
7091,5123781,Isognathus excelsior Boisduval,20
7092,5123790,"Isognathus allamandae Clark, 1920",20
7093,5123801,"Isognathus caricae Linnaeus, 1758",20
7094,5123956,"Eumorpha anchemolus Cramer, 1779",20
7095,5123971,"Eumorpha labruscae Linnaeus, 1758",20
7096,5123979,"Eumorpha vitis Linnaeus, 1758",20
7097,5124452,"Aellopos ceculus Cramer, 1777",20
7098,5124563,"Rothschildia prionia Rothschild, 1907",20
7099,5124585,"Rothschildia hopfferi C.Felder & R.Felder, 1859",20
7100,5124595,Rothschildia erycina Shaw,20
7101,5124597,"Rothschildia jacobaeae Walker, 1855",20
7102,5124598,"Rothschildia hesperus Linnaeus, 1758",20
7103,5124866,"Titaea lemoulti Schaus, 1905",20
7104,5124873,"Titaea tamerlan Maassen, 1869",20
7105,5126637,"Omiodes indicata Fabricius, 1775",20
7106,5126747,"Microthyris alvinalis Guenée, 1854",14
7107,5126751,"Microthyris anormalis Guenée, 1854",20
7108,5127177,"Hyalea pallidalis Hampson, 1898",20
7109,5127208,Megastes spilosoma Felder,20
7110,5127210,"Megastes grandalis Guenée, 1854",20
7111,5128103,"Melinaea marsaeus (Hewitson, 1860)",20
7112,5128423,"Eunica margarita Godart, 1823",20
7113,5128432,"Eunica bechina Hewitson, 1852",20
7114,5128433,"Eunica malvina Bates, 1864",20
7115,5128438,"Eunica pusilla Bates, 1864",20
7116,5128446,"Eunica eburnea Fruhstorfer, 1907",20
7117,5128461,"Eunica maia Fabricius, 1775",20
7118,5128475,Eunica tatila Herrich-Schäffer,20
7119,5128501,"Eunica eurota Cramer, 1775",20
7120,5129251,Colobura dirce dirce,20
7121,5129473,"Hamadryas iphthime (Bates, 1864)",20
7122,5129480,"Hamadryas chloe (Stoll, 1787)",20
7123,5129496,"Hamadryas feronia (Linnaeus, 1758)",20
7124,5129502,"Hamadryas epinome (Felder, 1867)",20
7125,5131626,"Eueides lybia (Fabricius, 1775)",20
7126,5131957,"Biblis hyperia (Cramer, 1779)",20
7127,5132859,"Euptychia westwoodii Butler, 1866",20
7128,5133094,"Morpho rhetenor (Cramer, 1775)",20
7129,5133255,"Morpho achilles (Linnaeus, 1758)",20
7130,5133322,"Morpho cisseis Felder, 1860",20
7131,5133581,"Aeria eurimedia (Cramer, 1779)",20
7132,5133591,"Marpesia orsilochus (Fabricius, 1776)",20
7133,5133615,"Marpesia themistocles (Fabricius, 1793)",20
7134,5133622,"Marpesia crethon (Fabricius, 1776)",20
7135,5133736,"Hypothyris euclea (Godart, 1819)",20
7136,5133786,"Hypothyris ninonia (Hübner, 1806)",20
7137,5136372,"Haetera piera (Linnaeus, 1758)",20
7138,5137408,"Bia actorion Linnaeus, 1763",20
7139,5137553,"Enantia lina (Herbst, 1792)",20
7140,5137557,"Enantia clarissa (Weymer, 1895)",20
7141,5137588,"Colias lesbia (Fabricius, 1775)",20
7142,5137825,"Eurema agave (Cramer, 1775)",20
7143,5139864,"Evenus regalis (Cramer, 1779)",20
7144,5140603,"Helicopis gnidus (Fabricius, 1787)",20
7145,5140627,"Helicopis cupido (Linnaeus, 1758)",20
7146,5140644,"Eurybia albiseriata Weymer, 1890",13
7147,5140651,"Eurybia halimede Hübner, 1816",20
7148,5140654,"Eurybia molochina Stichel, 1910",20
7149,5140669,"Eurybia franciscana Felder, 1862",13
7150,5140745,"Echenais telephus (Cramer, 1775)",20
7151,5140823,"Calydna thersander (Stoll, 1780)",20
7152,5140950,"Napaea phryxe (Felder, 1865)",20
7153,5140969,"Thisbe irenea (Stoll, 1780)",20
7154,5141004,"Symmachia leena Hewitson, 1870",17
7155,5141051,"Caria plutargus (Fabricius, 1793)",20
7156,5141093,"Anteros acheus (Stoll, 1782)",20
7157,5141113,"Anteros formosus (Cramer, 1777)",20
7158,5141258,"Euryades corethrus (Boisduval, 1836)",20
7159,5141512,"Prometheus cochrus (Fabricius, 1787)",20
7160,5141915,"Viola violella (Mabille, 1897)",20
7161,5141917,"Viola alicus (Schaus, 1902)",7
7162,5141955,"Saturnus reticulata (Plötz, 1883)",11
7163,5142196,"Virga austrinus (Hayward, 1934)",20
7164,5142358,"Lychnuchus celsus (Fabricius, 1793)",20
7165,5142690,"Cabirus procas (Cramer, 1777)",20
7166,5143234,"Urania leilus Linnaeus, 1758",20
7167,5145027,Scopula eburneata (Guenée),20
7168,5146537,"Idaea fervens (Butler, 1881)",20
7169,5148593,"Iridopsis validaria Guenée, 1858",20
7170,5148642,"Pero amanda (Druce, 1898)",20
7171,5148779,"Pero clana Poole, 1987",20
7172,5149222,Epimecis puellaria (Guenée),20
7173,5150005,"Macrosoma napiaria Guenée, 1857",14
7174,5150501,"Petasodes dominicana (Burmeister, 1838)",20
7175,5150667,"Hormetica sexnotata (Thunberg, 1826)",20
7176,5150672,"Hormetica bicolor (Brunner von Wattenwyl, 1865)",8
7177,5150673,"Hormetica laevigata Burmeister, 1838",20
7178,5152433,"Nasutitermes corniger (Motschulsky, 1855)",20
7179,5153996,"Sphenorhina rubra (Linnaeus, 1758)",20
7180,5154200,Cyphonia clavata Fabricius,20
7181,5154215,Cyphonia claviger Fabricius,20
7182,5154248,"Heteronotus mourei Creão-Duarte & Sakakibara, 1993",5
7183,5154683,Metcalfiella pertusa Germar,20
7184,5155453,"Acrogonia citrina Marucci & Cavichioli, 2002",20
7185,5156106,"Leptoglossus gonagra (Fabricius, 1775)",20
7186,5157930,"Enchophora recurva (Olivier, 1791)",20
7187,5157956,"Enchophora pyrrhocrypta Walker, 1851",15
7188,5158022,"Fulgora laternaria (Linnaeus, 1758)",20
7189,5158126,"Phrictus diadema (Linnaeus, 1767)",20
7190,5160000,"Pellaea stictica (Dallas, 1851)",20
7191,5164964,"Megalomus ricoi Monserrat, 1997",18
7192,5166341,"Lepas anserifera Linnaeus, 1767",20
7193,5166483,"Coronula diadema (Linnaeus, 1767)",20
7194,5166489,"Megabalanus coccopoma (Darwin, 1854)",20
7195,5169044,"Scytodes fusca Walckenaer, 1837",20
7196,5169057,"Scytodes univittata Simon, 1882",20
7197,5169305,"Lycosa erythrognatha Lucas, 1836",20
7198,5169949,"Ariadna obscura (Blackwall, 1858)",20
7199,5170022,"Goeldia luteipes (Keyserling, 1891)",20
7200,5170114,"Azilia histrio Simon, 1895",20
7201,5170133,"Asthenoctenus borellii Simon, 1897",20
7202,5170285,"Ctenus ornatus (Keyserling, 1877)",20
7203,5170347,"Ctenus crulsi Mello-Leitão, 1930",20
7204,5170391,"Ctenus maculisternis Strand, 1909",20
7205,5170395,"Phoneutria boliviensis (F.O.Pickard-Cambridge, 1897)",20
7206,5170396,"Phoneutria reidyi (F.O.Pickard-Cambridge, 1897)",20
7207,5170399,"Phoneutria fera Perty, 1833",20
7208,5170401,"Phoneutria eickstedtae Martins & Bertani, 2007",20
7209,5170451,"Theraphosa blondi (Latreille, 1804)",20
7210,5170476,"Avicularia avicularia (Linnaeus, 1758)",20
7211,5170602,"Sicarius tropicus (Mello-Leitão, 1936)",20
7212,5170622,"Loxosceles gaucho Gertsch, 1967",20
7213,5170640,"Loxosceles amazonica Gertsch, 1967",20
7214,5170722,"Argyrodes elevatus Taczanowski, 1873",20
7215,5171066,"Eriophora edax (Blackwall, 1863)",20
7216,5171075,"Eriophora fuliginea (C.L.Koch, 1838)",20
7217,5171168,"Testudinaria lemniscata (Simon, 1893)",20
7218,5171195,"Mastophora carpogaster Mello-Leitão, 1925",20
7219,5171231,"Cyrtophora citricola (Forsskål, 1775)",20
7220,5171686,"Amycus flavicomis Simon, 1900",20
7221,5171822,"Freya decorata (C.L.Koch, 1846)",20
7222,5171963,"Chira lucina Simon, 1902",20
7223,5172364,"Fritzia muelleri O.Pickard-Cambridge, 1879",20
7224,5175654,"Ligia exotica Roux, 1828",20
7225,5175817,"Cubaris murina Brandt, 1833",20
7226,5178501,"Trichodactylus dentatus H.Milne Edwards, 1853",20
7227,5178509,"Trichodactylus fluviatilis Latreille, 1828",20
7228,5178605,"Goniopsis cruentata (Latreille, 1803)",20
7229,5178716,"Stenopus hispidus (Olivier, 1811)",20
7230,5178755,"Menippe nodifrons Stimpson, 1859",20
7231,5182095,"Haliclona manglaris Alcolado, 1984",20
7232,5182121,"Haliclona implexiformis (Hechtel, 1965)",20
7233,5185632,"Porpita porpita (Linnaeus, 1758)",20
7234,5186529,"Astropecten brasiliensis Müller & Troschel, 1842",20
7235,5187006,"Asterina stellifera (Möbius, 1859)",20
7236,5188940,"Anadara notabilis (Röding, 1798)",20
7237,5188942,"Anadara chemnitzii (R.A.Philippi, 1851)",20
7238,5189558,"Spirula spirula (Linnaeus, 1758)",20
7239,5189701,"Doryteuthis pleii (Blainville, 1823)",20
7240,5189806,"Physella acuta (Draparnaud, 1805)",20
7241,5189995,"Bulla occidentalis A.Adams, 1850",20
7242,5190486,"Subulina octona (Bruguière, 1789)",20
7243,5191249,"Aplysia brasiliana Rang, 1828",20
7244,5191254,"Aplysia juliana Quoy & Gaimard, 1832",20
7245,5191262,"Aplysia dactylomela Rang, 1828",20
7246,5192674,"Littoraria angulifera (Lamarck, 1822)",20
7247,5193091,"Hastula cinerea (Born, 1778)",20
7248,5193566,"Engina turbinella (Kiener, 1836)",20
7249,5194249,"Hesione picta Müller, 1858",20
7250,5200315,"Branchiomma luctuosum (Grube, 1870)",20
7251,5200322,"Branchiomma nigromaculatum (Baird, 1865)",20
7252,5201571,"Prionotus punctatus (Bloch, 1793)",20
7253,5202194,"Hypostomus punctatus Valenciennes, 1840",20
7254,5203123,"Megalops atlanticus Valenciennes, 1847",20
7255,5204019,"Oncorhynchus mykiss (Walbaum, 1792)",20
7256,5204138,"Rhaphiodon vulpinus Spix & Agassiz, 1829",20
7257,5204778,"Holocentrus adscensionis (Osbeck, 1765)",20
7258,5208145,"Cichla piquiti Kullander & Ferreira, 2006",20
7259,5208242,"Chaetobranchus flavescens Heckel, 1840",18
7260,5208565,"Euthynnus alletteratus (Rafinesque, 1810)",20
7261,5209181,"Acanthurus tractus Poey, 1860",20
7262,5209188,"Acanthurus coeruleus Bloch & Schneider, 1801",20
7263,5210682,"Trachinotus goodei Jordan & Evermann, 1896",20
7264,5210913,"Pagrus pagrus (Linnaeus, 1758)",20
7265,5211169,"Trichopodus trichopterus (Pallas, 1770)",20
7266,5211452,"Holacanthus ciliaris (Linnaeus, 1758)",20
7267,5211984,"Istiophorus platypterus (Shaw, 1792)",20
7268,5212794,"Gymnotus pantherinus (Steindachner, 1908)",6
7269,5212844,"Osteoglossum ferreirai Kanazawa, 1966",20
7270,5213083,"Echidna catenata (Bloch, 1795)",20
7271,5214543,"Brevoortia aurea (Spix & Agassiz, 1829)",20
7272,5215785,"Rhinoptera brasiliensis Müller, 1836",18
7273,5216829,"Rhinella dapsilis (Myers & Carvalho, 1945)",20
7274,5216877,"Rhinella castaneotica (Caldwell, 1991)",20
7275,5216879,"Rhinella henseli (Lutz, 1934)",20
7276,5216900,"Rhinella granulosa (Spix, 1824)",20
7277,5216933,"Rhinella marina (Linnaeus, 1758)",20
7278,5216956,"Bufo ocellatus Günther, 1858",20
7279,5216962,"Rhinella pygmaea (Myers & Carvalho, 1952)",20
7280,5216969,"Rhinella margaritifera (Laurenti, 1768)",20
7281,5216992,"Rhinella diptycha (Cope, 1862)",20
7282,5217007,"Rhinella achavali (Maneyro, Arrieta & de Sá, 2004)",15
7283,5217418,"Brachycephalus alipioi Pombal & Gasparini, 2006",20
7284,5217495,"Leptodactylus petersii (Steindachner, 1864)",20
7285,5217498,"Leptodactylus pentadactylus (Laurenti, 1768)",20
7286,5217509,"Leptodactylus natalensis Lutz, 1930",20
7287,5217535,"Leptodactylus syphax Bokermann, 1969",20
7288,5217543,"Leptodactylus rhodomystax Boulenger, 1884",20
7289,5217556,"Leptodactylus fuscus (Schneider, 1799)",19
7290,5217574,"Leptodactylus mystacinus (Burmeister, 1861)",19
7291,5217576,"Leptodactylus furnarius Sazima & Bokermann, 1978",20
7292,5217578,"Leptodactylus latinasus Jiménez de la Espada, 1875",20
7293,5217593,"Leptodactylus mystaceus (Spix, 1824)",20
7294,5217601,"Leptodactylus knudseni Heyer, 1972",20
7295,5217602,"Leptodactylus gracilis (Duméril & Bibron, 1840)",19
7296,5217613,"Leptodactylus elenae Heyer, 1978",20
7297,5217869,"Scinax nebulosus (Spix, 1824)",20
7298,5217871,"Scinax boesemani (Goin, 1966)",20
7299,5217875,"Scinax perereca Pombal, Haddad & Kasahara, 1995",20
7300,5217876,"Scinax x-signatus (Spix, 1824)",20
7301,5217884,"Scinax crospedospilus (Lutz, 1925)",18
7302,5217890,"Scinax pedromedinae (Henle, 1991)",20
7303,5217916,"Scinax dolloi (Werner, 1903)",6
7304,5217920,"Scinax hayii (Barbour, 1909)",19
7305,5217926,"Scinax pachycrus (Miranda-Ribeiro, 1937)",20
7306,5217930,"Scinax curicica Pugliese, Pombal & Sazima, 2004",5
7307,5217935,"Scinax alter (Lutz, 1973)",20
7308,5217939,"Scinax similis (Cochran, 1952)",20
7309,5217941,"Scinax cuspidatus (Lutz, 1925)",20
7310,5217950,"Scinax garbei (Miranda-Ribeiro, 1926)",19
7311,5217952,"Scinax ruber (Laurenti, 1768)",20
7312,5217965,"Trachycephalus mesophaeus (Hensel, 1867)",20
7313,5217966,"Trachycephalus nigromaculatus Tschudi, 1838",20
7314,5218004,"Boana joaquini (Lutz, 1968)",13
7315,5218006,"Boana semilineata (Spix, 1824)",20
7316,5218009,"Boana cipoensis (Lutz, 1968)",9
7317,5218010,"Boana lundii (Burmeister, 1856)",20
7318,5218106,"Hylodes phyllodes Heyer & Cocroft, 1986",19
7319,5218122,"Hylodes asper (Müller, 1924)",20
7320,5218540,"Lasiurus ega (Gervais, 1856)",20
7321,5218548,"Lasiurus blossevillii (Lesson & Garnot, 1826)",20
7322,5218725,"Molossus molossus (Pallas, 1766)",18
7323,5218753,"Chrotopterus auritus (Peters, 1856)",20
7324,5218901,"Galictis cuja (Molina, 1782)",20
7325,5219519,"Choloepus didactylus (Linnaeus, 1758)",20
7326,5219538,"Callithrix kuhlii Coimbra-Filho, 1985",20
7327,5219539,"Callithrix geoffroyi (Humboldt, 1812)",20
7328,5219542,"Callithrix jacchus (Linnaeus, 1758)",20
7329,5219543,"Callithrix flaviceps (Thomas, 1903)",20
7330,5219703,"Cavia magna Ximinez, 1980",16
7331,5219825,"Rhipidomys mastacalis (Lund, 1840)",20
7332,5219946,"Philander Brisson, 1762",20
7333,5220001,"Pontoporia blainvillei (Gervais & d'Orbigny, 1844)",20
7334,5220086,"Megaptera novaeangliae (Borowski, 1781)",20
7335,5220123,"Mazama americana (Erxleben, 1777)",20
7336,5220124,"Mazama nana (Hensel, 1872)",20
7337,5220210,"Caiman yacare (Daudin, 1801)",20
7338,5220756,"Bothrops erythromelas Amaral, 1923",20
7339,5220764,"Bothrops cotiara (Gomes, 1913)",20
7340,5220767,"Bothrops itapetiningae (Boulenger, 1907)",18
7341,5220772,"Bothrops alternatus Duméril, Bibron & Duméril, 1854",20
7342,5220775,"Bothrops atrox (Linnaeus, 1758)",20
7343,5220785,"Bothrops jararaca (Wied-Neuwied, 1824)",20
7344,5220804,"Bothrops jararacussu Lacerda, 1884",20
7345,5220820,"Bothrops moojeni Hoge, 1966",20
7346,5220829,"Bothrops alcatraz Marques, Martins & Sazima, 2002",16
7347,5221273,"Phyllopezus periosus Rodrigues, 1986",20
7348,5221277,"Phyllopezus przewalskii Koslowsky, 1895",20
7349,5222272,"Heterodactylus imbricatus Spix, 1825",20
7350,5222293,"Leposoma scincoides Spix, 1825",20
7351,5222351,"Bachia flavescens (Bonnaterre, 1789)",20
7352,5222371,"Placosoma glabellum (Peters, 1870)",20
7353,5223025,"Elapomorphus wuchereri Günther, 1861",18
7354,5223026,"Elapomorphus quinquelineatus (Raddi, 1820)",20
7355,5223051,"Pseudoboa neuwiedii (Duméril, Bibron & Duméril, 1854)",20
7356,5223055,"Pseudoboa haasi (Boettger, 1905)",17
7357,5223056,"Pseudoboa nigra (Duméril, Bibron & Duméril, 1854)",20
7358,5223065,"Tropidodryas striaticeps (Cope, 1870)",20
7359,5223554,"Tomodon dorsatus Duméril, Bibron & Duméril, 1854",20
7360,5223756,"Xenopholis scalaris (Wucherer, 1861)",20
7361,5223890,"Atractus pantostictus Fernandes & Puorto, 1993",20
7362,5223901,"Atractus latifrons (Günther, 1868)",20
7363,5223957,"Atractus snethlageae Da Cunha & Do Nascimento, 1983",20
7364,5223964,"Atractus torquatus (Duméril, Bibron & Duméril, 1854)",20
7365,5224072,"Xenodon merremii (Wagler, 1824)",20
7366,5224847,"Tropidurus cocorobensis Rodrigues, 1987",13
7367,5224859,"Tropidurus itambere Rodrigues, 1987",20
7368,5224873,"Tropidurus semitaeniatus (Spix, 1825)",20
7369,5224877,"Tropidurus catalanensis Gudynas & Skuk, 1983",20
7370,5224878,"Strobilurus torquatus Wiegmann, 1834",20
7371,5224886,"Tropidurus oreadicus Rodrigues, 1987",20
7372,5226344,"Enyalius pictus (Schinz, 1822)",20
7373,5226349,"Enyalius leechii (Boulenger, 1885)",16
7374,5226352,"Enyalius bibronii Boulenger, 1885",20
7375,5226842,"Micrurus ibiboboca (Merrem, 1820)",20
7376,5226994,"Micrurus decoratus (Jan, 1858)",20
7377,5227038,"Micrurus altirostris (Cope, 1860)",20
7378,5227370,"Salvator merianae Duméril & Bibron, 1839",20
7379,5227372,"Dracaena paraguayensis Amaral, 1950",20
7380,5227564,"Cnemidophorus lemniscatus (Linnaeus, 1758)",20
7381,5228044,"Odontophorus capueira (Spix, 1825)",19
7382,5228058,"Odontophorus gujanensis (J.F.Gmelin, 1789)",18
7383,5228112,"Colinus cristatus (Linnaeus, 1766)",18
7384,5228133,"Cariama cristata (Linnaeus, 1766)",20
7385,5228243,"Galbula leucogastra Vieillot, 1817",20
7386,5228246,"Galbula cyanescens Deville, 1849",20
7387,5228249,"Galbula tombacea von Spix, 1824",20
7388,5228252,"Galbula galbula (Linnaeus, 1766)",20
7389,5228253,"Galbula albirostris Latham, 1790",20
7390,5228262,"Chelidoptera tenebrosa (Pallas, 1782)",20
7391,5228570,"Hylocharis sapphirina (J.F.Gmelin, 1788)",20
7392,5228596,"Topaza pella (Linnaeus, 1758)",20
7393,5228629,"Chaetura meridionalis Hellmayr, 1907",20
7394,5228635,"Chaetura spinicaudus (Temminck, 1839)",20
7395,5228715,"Picumnus pygmaeus (M.H.K.Lichtenstein, 1823)",20
7396,5228717,"Picumnus temminckii Lafresnaye, 1845",20
7397,5228733,"Picumnus exilis (M.H.K.Lichtenstein, 1823)",20
7398,5228757,"Picumnus lafresnayi Malherbe, 1862",20
7399,5228782,"Picumnus limae E.Snethlage, 1924",20
7400,5228784,"Picumnus aurifrons Pelzeln, 1870",20
7401,5228831,"Dryocopus lineatus (Linnaeus, 1766)",20
7402,5228880,"Piculus aurulentus (Temminck, 1821)",20
7403,5228881,"Piculus leucolaemus (Natterer & Malherbe, 1845)",18
7404,5228917,"Celeus lugubris (Malherbe, 1851)",20
7405,5228920,"Celeus spectabilis P.L.Sclater & Salvin, 1880",19
7406,5228941,"Celeus flavescens (J.F.Gmelin, 1788)",20
7407,5228945,"Celeus torquatus (Boddaert, 1783)",19
7408,5228949,"Celeus obrieni Short, 1973",20
7409,5228959,"Celeus elegans (P.L.S.Müller, 1776)",20
7410,5228966,"Celeus flavus (P.L.S.Müller, 1776)",20
7411,5229128,"Himantopus mexicanus (P.L.S.Müller, 1776)",20
7412,5229146,"Vanellus chilensis (Molina, 1782)",20
7413,5229196,"Leptodon forbesi (Swann, 1922)",20
7414,5229197,"Leptodon cayanensis (Latham, 1790)",20
7415,5229204,"Eudocimus ruber (Linnaeus, 1758)",20
7416,5229231,"Sterna hirundinacea R.Lesson, 1831",20
7417,5229263,"Sterna trudeaui Audubon, 1838",20
7418,5229380,"Puffinus puffinus (Brunnich, 1764)",20
7419,5229385,"Spheniscus magellanicus (J.R.Forster, 1781)",20
7420,5229424,"Rollandia rolland (Quoy & Gaimard, 1824)",20
7421,5229436,"Ortalis motmot (Linnaeus, 1766)",19
7422,5229438,"Ortalis ruficeps (Wagler, 1830)",20
7423,5229442,"Ortalis superciliaris G.R.Gray, 1867",20
7424,5229443,"Ortalis canicollis (Wagler, 1830)",20
7425,5229457,"Ortalis squamata R.Lesson, 1829",20
7426,5229517,"Leptopogon amaurocephalus Tschudi, 1846",20
7427,5229557,"Mionectes rufiventris Cabanis, 1846",20
7428,5229558,"Mionectes macconnelli (Chubb, 1919)",20
7429,5229564,"Fluvicola pica (Boddaert, 1783)",20
7430,5229567,"Fluvicola albiventer (Spix, 1825)",20
7431,5229574,"Platyrinchus leucoryphus Wied-Neuwied, 1831",18
7432,5229575,"Platyrinchus platyrhynchos (Gmelin, 1788)",14
7433,5229606,"Elaenia flavogaster (Thunberg, 1822)",20
7434,5229612,"Elaenia parvirostris Pelzeln, 1868",20
7435,5229613,"Elaenia ridleyana Sharpe, 1888",20
7436,5229614,"Elaenia spectabilis Pelzeln, 1868",20
7437,5229650,"Elaenia ruficeps Pelzeln, 1868",18
7438,5229662,"Tyrannus melancholicus Vieillot, 1819",20
7439,5229688,"Tyrannus tyrannus (Linnaeus, 1758)",20
7440,5229698,"Rhynchocyclus olivaceus (Temminck, 1820)",20
7441,5229714,"Inezia inornata (Salvadori, 1897)",16
7442,5229719,"Inezia subflava (P.L.Sclater & Salvin, 1873)",13
7443,5229739,"Contopus nigrescens (P.L.Sclater & Salvin, 1880)",16
7444,5229745,"Contopus bogotensis (Bonaparte, 1850)",19
7445,5229770,"Lessonia rufa (Gmelin, 1789)",20
7446,5229816,"Cacicus chrysopterus (Vigors, 1825)",19
7447,5229826,"Cacicus solitarius (Vieillot, 1816)",19
7448,5229828,"Cacicus haemorrhous (Linnaeus, 1766)",20
7449,5229832,"Cacicus cela (Linnaeus, 1758)",20
7450,5229922,"Icterus jamacaii (Gmelin, 1788)",20
7451,5230046,"Nasica longirostris (Vieillot, 1818)",18
7452,5230087,"Asthenes luizae Vielliard, 1990",17
7453,5230120,"Xiphorhynchus pardalotus (Vieillot, 1818)",20
7454,5230128,"Xiphorhynchus fuscus (Vieillot, 1818)",18
7455,5230236,"Automolus paraensis Hartert, 1902",12
7456,5230242,"Automolus leucophthalmus (Wied-Neuwied, 1821)",19
7457,5230249,"Automolus cervinigularis (P.L.Sclater, 1857)",14
7458,5230281,"Heliobletus contaminatus Berlepsch, 1885",20
7459,5230284,"Berlepschia rikeri (Ridgway, 1887)",19
7460,5230306,"Pachyramphus castaneus (Jardine & Selby, 1827)",20
7461,5230318,"Pachyramphus rufus (Boddaert, 1783)",20
7462,5230324,"Pachyramphus viridis (Vieillot, 1816)",20
7463,5230343,"Pachyramphus marginatus (Lichtenstein, 1823)",20
7464,5230363,"Pachyramphus polychopterus (Vieillot, 1818)",19
7465,5230388,"Cotinga cotinga (Linnaeus, 1766)",20
7466,5230497,"Hylophilus poicilotis Temminck, 1822",18
7467,5230498,"Hylophilus semicinereus P.L.Sclater & Salvin, 1867",16
7468,5230504,"Hylophilus thoracicus Temminck, 1822",20
7469,5230508,"Hylophilus pectoralis P.L.Sclater, 1866",16
7470,5230514,"Neopelma pallescens (Lafresnaye, 1853)",19
7471,5230516,"Neopelma chrysolophum Pinto, 1944",12
7472,5230517,"Lepidothrix suavissima (Salvin & Godman, 1882)",18
7473,5230520,"Lepidothrix nattereri (P.L.Sclater, 1865)",17
7474,5230528,"Lepidothrix velutina (Berlepsch, 1883)",20
7475,5230539,"Heterocercus linteatus (Strickland, 1850)",20
7476,5230588,"Nemosia rourei Cabanis, 1870",20
7477,5230625,"Conirostrum margaritae (Holt, 1931)",16
7478,5230641,"Chlorophanes spiza (Linnaeus, 1758)",20
7479,5230705,"Habia rubica (Vieillot, 1817)",20
7480,5230746,"Atticora fasciata (Gmelin, 1789)",20
7481,5230761,"Tachycineta leucorrhoa (Vieillot, 1817)",20
7482,5230836,"Drymophila rubricollis (W.Bertoni, 1901)",17
7483,5230841,"Hypocnemis cantator (Boddaert, 1783)",19
7484,5230842,"Hypocnemis hypoxantha P.L.Sclater, 1869",18
7485,5230903,"Saltator aurantiirostris Vieillot, 1817",20
7486,5230924,"Saltator maxillosus Cabanis, 1851",20
7487,5230941,"Saltator fuliginosus (Daudin, 1800)",20
7488,5230942,"Saltator maximus (P.L.S.Müller, 1776)",20
7489,5230955,"Saltator grossus (Linnaeus, 1767)",20
7490,5230959,"Saltator similis d'Orbigny & Lafresnaye, 1837",20
7491,5231011,"Psilorhamphus guttatus (Ménétriés, 1835)",16
7492,5231103,"Zonotrichia capensis (P.L.S.Müller, 1776)",20
7493,5231170,"Emberizoides ypiranganus H.Ihering & R.Ihering, 1907",20
7494,5231480,"Campylorhynchus griseus (Swainson, 1838)",20
7495,5231676,"Mimus gilvus (Vieillot, 1808)",20
7496,5232015,"Neomorphus squamiger Todd, 1925",7
7497,5232089,"Glaucidium hardyi Vielliard, 1989",19
7498,5232210,"Aegolius harrisii (Cassin, 1849)",20
7499,5232480,"Mergus octosetaceus Vieillot, 1817",20
7500,5232504,"Salpa maxima Forskål, 1775",20
7501,5237434,Tremella fuciformis Berk.,20
7502,5239478,Clathrus columnatus Bosc,20
7503,5239481,Clathrus chrysomycelinus Möller,20
7504,5239982,Scleroderma citrinum Pers.,20
7505,5241128,Schizophyllum commune Fr.,20
7506,5242510,Psilocybe cubensis (Earle) Singer,20
7507,5242717,"Coprinopsis stercorea (Fr.) Redhead, Vilgalys & Moncalvo",20
7508,5243140,Cyathus stercoreus (Schwein.) De Toni,20
7509,5243168,Chlorophyllum molybdites (G.Mey.) Massee,20
7510,5243258,Lycoperdon perlatum Pers.,20
7511,5243460,Agaricus subrufescens Peck,20
7512,5246359,Favolus brasiliensis (Fr.) Fr.,20
7513,5247390,Hexagonia hydnoides (Sw.) M.Fidalgo,20
7514,5247407,Hexagonia papyracea Berk.,20
7515,5248728,Lactarius quieticolor Romagn.,20
7516,5249290,Auricularia fuscosuccinea (Mont.) Henn.,20
7517,5272060,Bryopsis pennata J.V.Lamour.,20
7518,5272143,Codium isthmocladum Vickers,9
7519,5272147,Codium decorticatum (Woodw.) M.A.Howe,20
7520,5272185,Codium taylorii P.C.Silva,9
7521,5272187,Codium intertextum Collins & Herv.,19
7522,5273065,Valonia macrophysa Kütz.,20
7523,5273413,Ulva fasciata Delile,12
7524,5273507,Ulva flexuosa Wulfen,20
7525,5274860,Salvinia minima Baker,20
7526,5274863,Salvinia × molesta D.S.Mitch.,20
7527,5274864,Salvinia biloba Raddi,20
7528,5274872,Marsilea ancylopoda A.Braun,20
7529,5274880,Danaea nodosa (L.) Sm.,20
7530,5274885,Anemia hirsuta (L.) Sw.,20
7531,5274909,Cochlidium serrulatum (Sw.) L.E.Bishop,20
7532,5275010,Lonchitis hirsuta L.,20
7533,5275085,Olfersia cervina (L.) Kunze,20
7534,5275160,Tectaria trifoliata (L.) Cav.,20
7535,5275167,Tectaria incisa Cav.,20
7536,5275177,Trichomanes crispum L.,20
7537,5275192,Trichomanes elegans Rich.,20
7538,5275202,Trichomanes pinnatum Hedw.,20
7539,5275405,Pteris pungens Willd.,20
7540,5275414,Pteris denticulata Sw.,20
7541,5276511,Amphiroa beauvoisii J.V.Lamour.,20
7542,5276551,Amphiroa rigida J.V.Lamour.,20
7543,5276780,Centroceras clavulatum (C.Agardh) Mont.,20
7544,5276925,Ceramium brasiliense A.B.Joly,16
7545,5278128,Bostrychia radicans (Mont.) Mont.,17
7546,5278844,"Gracilaria gracilis (Stackhouse) Steentoft, L.M.Irvine & Farnham",20
7547,5279140,Chondracanthus acicularis (Roth) Fredericq,20
7548,5279220,Catenella caespitosa (With.) L.M.Irvine,20
7549,5279834,Asparagopsis taxiformis (Delile) Trevis.,20
7550,5280393,Barbula indica (Willd. ex Schrad.) Spreng.,17
7551,5280922,Weissia jamaicensis (Mitt.) Grout,20
7552,5280927,Weissia controversa Hedw.,20
7553,5281061,Schlotheimia jamesonii (Arn.) Brid.,18
7554,5281089,Schlotheimia trichomitria Schwägr.,10
7555,5281178,Macrocoma tenuis (Hook. & Grev.) Vitt,20
7556,5281839,Campylopus arctocarpus subsp. madecassus (Besch.) J.-P.Frahm,19
7557,5281841,Campylopus trachyblepharon (Müll.Hal.) Mitt.,19
7558,5281870,Campylopus savannarum (Müll.Hal.) Mitt.,15
7559,5281876,Campylopus griseus (Hornsch.) A.Jaeger,13
7560,5281953,Campylopus lamellinervis (Müll.Hal.) Mitt.,18
7561,5282240,Leucoloma triforme (Mitt.) A.Jaeger,19
7562,5282957,Fissidens angustifolius Sull.,10
7563,5282962,Fissidens lagenarius var. muriculatus (Spruce ex Mitt.) Pursell,5
7564,5283050,Fissidens pellucidus Hornsch.,13
7565,5283144,Fissidens flaccidus Mitt.,10
7566,5283309,Fissidens hornschuchii Mont.,11
7567,5283349,Fissidens submarginatus Bruch,13
7568,5283530,Donnellia commutata (Müll.Hal.) W.R.Buck,6
7569,5283694,Vesicularia vesicularis (Schwägr.) Broth.,20
7570,5284231,Metasequoia glyptostroboides H.H.Hu & W.C.Cheng,20
7571,5284278,Cunninghamia lanceolata (Lamb.) Hook.,20
7572,5284517,Taxus baccata L.,20
7573,5285104,Pinus densiflora Siebold & Zucc.,20
7574,5285533,Pinus banksiana Lamb.,20
7575,5285635,Pinus rigida Mill.,20
7576,5285637,Pinus sylvestris L.,20
7577,5285964,Podocarpus lambertii Klotzsch ex Endl.,20
7578,5286043,Podocarpus aracensis de Laub. & Silba,8
7579,5286316,Porella brasiliensis (Raddi) Schiffn.,13
7580,5286507,Leiothrix distichoclada Herzog,5
7581,5286550,Leiothrix curvifolia (Bong.) Ruhland,20
7582,5286566,Leiothrix spergula Ruhland,14
7583,5286578,Leiothrix hirsuta (Wikstr.) Ruhland,11
7584,5286655,Paepalanthus klotzschianus Körn.,20
7585,5286669,Paepalanthus chrysolepis Silveira,7
7586,5286806,Paepalanthus spathulatus Körn.,14
7587,5286825,Paepalanthus pulvinatus N.E.Br.,20
7588,5286916,Paepalanthus itatiaiensis Ruhland,20
7589,5286922,Paepalanthus balansae Ruhland,18
7590,5286951,Paepalanthus bryoides (Riedel ex Bong.) Kunth,18
7591,5286953,Paepalanthus myocephalon (Mart.) Körn.,16
7592,5286983,Paepalanthus catharinae Ruhland,20
7593,5287005,Paepalanthus planifolius (Bong.) Körn.,20
7594,5287022,Paepalanthus bromelioides Silveira,20
7595,5287070,Paepalanthus trichophyllus (Bong.) Körn.,20
7596,5287090,Paepalanthus implicatus Silveira,9
7597,5287111,Paepalanthus pseudotortilis Ruhland,19
7598,5287136,Paepalanthus alpinus Körn.,20
7599,5287147,Paepalanthus comans Silveira,17
7600,5287266,Paepalanthus macrocaulon Silveira,17
7601,5287291,Paepalanthus lamarckii Kunth,20
7602,5287349,Actinocephalus divaricatus (Bong.) Sano,10
7603,5287362,Actinocephalus polyanthus (Bong.) Sano,20
7604,5287382,Actinocephalus ramosus (Wikstr.) Sano,20
7605,5287425,Actinocephalus bongardii (A.St.-Hil.) Sano,20
7606,5287594,Brocchinia amazonica L.B.Sm.,16
7607,5287720,Cryptanthus dorothyae Leme,8
7608,5287753,Cryptanthus beuckeri É.Morren,15
7609,5287755,Cryptanthus maritimus L.B.Sm.,14
7610,5287905,Bromelia pinguin L.,20
7611,5287924,Bromelia grandiflora Mez,20
7612,5287925,Bromelia irwinii L.B.Sm.,20
7613,5287933,Bromelia goyazensis Mez,20
7614,5287936,Bromelia laciniosa Mart. ex Schult. & Schult.f.,20
7615,5287943,Bromelia villosa Mez,20
7616,5287951,Bromelia interior L.B.Sm.,17
7617,5287952,Bromelia arenaria Ule,20
7618,5287965,Bromelia glaziovii Mez,20
7619,5287973,Bromelia reversacantha Mez,20
7620,5288146,Pitcairnia sprucei Baker,20
7621,5288365,Pitcairnia limae L.B.Sm.,20
7622,5288397,Pitcairnia burle-marxii Braga & Sucre,12
7623,5288439,Pitcairnia azouryi Martinelli & Forzza,19
7624,5288483,Pitcairnia flammea Lindl.,20
7625,5288757,Ananas bracteatus (Lindl.) Schult. & Schult.f.,15
7626,5288817,Ananas parguazensis Camargo & L.B.Sm.,16
7627,5288819,Ananas comosus (L.) Merr.,20
7628,5288887,Vriesea psittacina (Hook.) Lindl.,20
7629,5288897,Vriesea tijucana E.Pereira,20
7630,5288924,Vriesea regnellii Mez,12
7631,5288935,Vriesea platynema Gaudich.,20
7632,5288976,Vriesea vagans (L.B.Sm.) L.B.Sm.,20
7633,5289004,Vriesea jonghei (K.Koch) É.Morren,20
7634,5289012,Vriesea ruschii L.B.Sm.,20
7635,5289033,Vriesea cacuminis L.B.Sm.,17
7636,5289035,Vriesea drepanocarpa (Baker) Mez,19
7637,5289039,Vriesea bituminosa Wawra,20
7638,5289067,Vriesea pardalina Mez,20
7639,5289074,Vriesea unilateralis (Baker) Mez,20
7640,5289075,Vriesea hieroglyphica (Carrière) É.Morren,20
7641,5289078,Vriesea rubyae E.Pereira,16
7642,5289083,Vriesea paratiensis E.Pereira,20
7643,5289084,Vriesea rastrensis Leme,10
7644,5289097,Vriesea heterostachys (Baker) L.B.Sm.,20
7645,5289100,Vriesea paraibica Wawra,20
7646,5289104,Vriesea gradata (Baker) Mez,20
7647,5289121,Vriesea erythrodactylon (É.Morren) É.Morren ex Mez,20
7648,5289125,Vriesea brusquensis Reitz,20
7649,5289148,Vriesea billbergioides É.Morren ex Mez,20
7650,5289158,Vriesea interrogatoria L.B.Sm.,20
7651,5289171,Vriesea racinae L.B.Sm.,20
7652,5289174,Vriesea modesta Mez,15
7653,5289196,Vriesea poenulata (Baker) É.Morren ex Mez,20
7654,5289197,Vriesea inflata (Wawra) Wawra,20
7655,5289200,Vriesea incurvata Gaudich.,20
7656,5289247,Vriesea pereirae L.B.Sm.,11
7657,5289269,Vriesea platzmannii É.Morren,20
7658,5289270,Vriesea scalaris É.Morren,20
7659,5289275,Vriesea triligulata Mez,20
7660,5289306,Vriesea fenestralis Linden & André,20
7661,5289322,Vriesea roberto-seidelii W.Weber,18
7662,5289365,Vriesea longiscapa Ule,20
7663,5289387,Vriesea fosteriana L.B.Sm.,19
7664,5289395,Vriesea duvaliana É.Morren,20
7665,5289397,Vriesea pauperrima E.Pereira,20
7666,5289423,Typha latifolia L.,20
7667,5289534,Typha domingensis Pers.,20
7668,5289612,Chloris barbata Sw.,20
7669,5289665,Setaria megaphylla (Steud.) T.Durand & Schinz,20
7670,5289673,Setaria vulpiseta (Lam.) Roem. & Schult.,20
7671,5289679,Setaria parviflora (Poir.) Kerguélen,20
7672,5289684,Setaria viridis (L.) P.Beauv.,20
7673,5289711,Imperata contracta Hitchc.,18
7674,5289717,Imperata brasiliensis Trin.,20
7675,5289731,Cenchrus longispinus (Hack.) Fernald,18
7676,5289739,Cenchrus echinatus L.,20
7677,5289741,Cenchrus tribuloides L.,20
7678,5289744,Phalaris canariensis L.,20
7679,5289753,Phalaris angusta Nees ex Trin.,20
7680,5289756,Phalaris arundinacea L.,20
7681,5289812,Eustachys distichophylla (Lag.) Nees,20
7682,5289825,Eustachys petraea (Sw.) Desv.,20
7683,5289831,Nassella neesiana (Trin. & Rupr.) Barkworth,20
7684,5289850,Bouteloua americana (L.) Scribn.,18
7685,5289911,Polypogon elongatus Kunth,20
7686,5289932,Digitaria fuscescens (J.Presl) Henrard,20
7687,5289958,Digitaria horizontalis Willd.,20
7688,5289968,Digitaria bicornis (Lam.) Roem. & Schult.,20
7689,5289972,Digitaria sanguinalis (L.) Scop.,20
7690,5289985,Digitaria filiformis (L.) Koeler,20
7691,5290035,Spartina alterniflora Loisel.,20
7692,5290052,Zea mays L.,20
7693,5290105,Olyra latifolia L.,20
7694,5290123,Gymnopogon foliosus (Willd.) Nees,18
7695,5290143,Brachypodium distachyon (L.) P.Beauv.,20
7696,5290144,Brachypodium phoenicoides (L.) Roem. & Schult.,20
7697,5290171,Phyllostachys nigra var. henonis (Mitford) Rendle,20
7698,5290177,Lagurus ovatus L.,20
7699,5290178,Jarava plumosa (Spreng.) S.W.L.Jacobs & J.Everett,20
7700,5292186,Bulbostylis junciformis (Kunth) C.B.Clarke,20
7701,5292296,Bulbostylis paradoxa (Spreng.) Lindm.,20
7702,5292389,Bulbostylis truncata (Nees) M.T.Strong,17
7703,5292414,Bulbostylis scabra (J.Presl & C.Presl) C.B.Clarke,16
7704,5292500,Bulbostylis lombardii Kral & M.T.Strong,7
7705,5292791,Becquerelia cymosa Brongn.,20
7706,5292850,Lagenocarpus rigidus (Kunth) Nees,20
7707,5292936,Lagenocarpus verticillatus (Spreng.) T.Koyama & Maguire,20
7708,5293072,Veitchia arecina Becc.,17
7709,5293177,Phoenix sylvestris (L.) Roxb.,20
7710,5293366,Mauritiella armata (Mart.) Burret,20
7711,5293425,Euterpe precatoria Mart.,20
7712,5293823,Syagrus insignis (Devansaye) Becc.,20
7713,5293824,Syagrus hoehnei Burret,15
7714,5293837,Syagrus pseudococos (Raddi) Glassman,20
7715,5293847,Syagrus vermicularis Noblick,9
7716,5293858,Syagrus vagans (Bondar) A.D.Hawkes,10
7717,5293867,Syagrus ruschiana (Bondar) Glassman,20
7718,5293874,Syagrus smithii (H.E.Moore) Glassman,14
7719,5293875,Syagrus coronata (Mart.) Becc.,20
7720,5293891,Syagrus graminifolia (Drude) Becc.,20
7721,5293897,Syagrus romanzoffiana (Cham.) Glassman,20
7722,5293907,Syagrus schizophylla (Mart.) Glassman,20
7723,5293930,Syagrus glazioviana (Dammer) Becc.,20
7724,5294777,Mauritia flexuosa L.f.,20
7725,5295093,Smilax spicata Vell.,20
7726,5295204,Smilax elastica Griseb.,15
7727,5295485,Smilax campestris Griseb.,20
7728,5295554,Smilax siphilitica Humb. & Bonpl. ex Willd.,19
7729,5295572,Smilax hilariana A.DC.,19
7730,5295776,Smilax goyazana A.DC.,20
7731,5296032,Sisyrinchium rambonis R.C.Foster,18
7732,5296101,Sisyrinchium pachyrhizum Baker,20
7733,5296167,Sisyrinchium wettsteinii Hand.-Mazz.,18
7734,5296200,Sisyrinchium fasciculatum Klatt,17
7735,5296227,Sisyrinchium densiflorum Ravenna,12
7736,5296245,Sisyrinchium brasiliense (Ravenna) Ravenna,18
7737,5296259,Sisyrinchium hasslerianum Baker,15
7738,5296278,Sisyrinchium micranthum Cav.,20
7739,5296303,Sisyrinchium luzula Klotzsch ex Klatt,18
7740,5296393,Sisyrinchium marchio (Vell.) Steud.,12
7741,5296406,Sisyrinchium nidulare (Hand.-Mazz.) I.M.Johnst.,19
7742,5296414,Sisyrinchium setaceum Klatt,20
7743,5296421,Sisyrinchium palmifolium L.,20
7744,5297768,Watsonia meriana (L.) Mill.,20
7745,5298069,Iris × germanica L.,20
7746,5298231,Iris pseudacorus L.,20
7747,5298546,Iris domestica (L.) Goldblatt & Mabb.,20
7748,5301004,Burmannia flava Mart.,20
7749,5301121,Miersiella umbellata (Miers) Urb.,20
7750,5301147,Potamogeton natans L.,20
7751,5301960,Alpinia purpurata (Vieill.) K.Schum.,20
7752,5302642,Renealmia petasites Gagnep.,18
7753,5303044,Thalia geniculata L.,20
7754,5303102,Canna paniculata Ruiz & Pav.,20
7755,5303420,Callisia repens (Jacq.) L.,20
7756,5303443,Callisia filiformis (M.Martens & Galeotti) D.R.Hunt,20
7757,5303453,Callisia fragrans (Lindl.) Woodson,20
7758,5303594,Xiphidium caeruleum Aubl.,20
7759,5304436,Dracaena reflexa Lam.,20
7760,5304927,Bulbine frutescens (L.) Willd.,20
7761,5305908,Psilochilus modestus Barb.Rodr.,20
7762,5309191,Stelis megantha Barb.Rodr.,20
7763,5309995,Stelis papaquerensis Rchb.f.,19
7764,5310500,Leptotes bicolor Lindl.,20
7765,5310507,Leptotes tenuis Rchb.f.,8
7766,5310838,Sanderella discolor (Barb.Rodr.) Cogn.,6
7767,5312281,Prescottia montana Barb.Rodr.,20
7768,5312291,Prescottia leptostachya Lindl.,13
7769,5312296,Prescottia stachyodes (Sw.) Lindl.,20
7770,5312307,Prescottia lancifolia Lindl.,17
7771,5312420,Maxillaria crocea Lindl.,20
7772,5313608,Rodriguezia bahiensis Rchb.f.,6
7773,5313614,Rodriguezia bracteata (Vell.) Hoehne,20
7774,5313640,Rodriguezia lanceolata Ruiz & Pav.,20
7775,5314198,Brassavola tuberculata Hook.,20
7776,5314509,Laelia marginata (Lindl.) L.O.Williams,20
7777,5317489,Dendrobium nobile Lindl.,20
7778,5317909,Maxillaria barbosae Loefgr.,18
7779,5317989,Maxillaria picta Hook.,20
7780,5318028,Maxillaria leucaimata Barb.Rodr.,19
7781,5318057,Maxillaria chrysantha Barb.Rodr.,20
7782,5318091,Maxillaria pumila Hook.,19
7783,5318153,Maxillaria chlorantha Lindl.,20
7784,5318214,Maxillaria subulata Lindl.,20
7785,5318243,Maxillaria bradei Schltr. ex Hoehne,20
7786,5318310,Maxillaria notylioglossa Rchb.f.,20
7787,5318346,Maxillaria rigida Barb.Rodr.,17
7788,5318382,Maxillaria porphyrostele Rchb.f.,19
7789,5318449,Maxillaria neowiedii Rchb.f.,20
7790,5318519,"Christensonella ferdinandiana (Barb.Rodr.) Szlach., Mytnik, Górniak & Smiszek",15
7791,5318621,Maxillaria aureoglobula Christenson,20
7792,5319481,Maxillaria brasiliensis Brieger & Illg,20
7793,5319487,Maxillaria violaceopunctata Rchb.f.,20
7794,5319606,Cyrtopodium holstii L.C.Menezes,20
7795,5319629,Cyrtopodium brandonianum Barb.Rodr.,16
7796,5319645,Cyrtopodium poecilum Rchb.f. & Warm.,17
7797,5319651,Cyrtopodium eugenii Rchb.f. & Warm.,20
7798,5319665,Cyrtopodium saintlegerianum Rchb.f.,20
7799,5319666,Cyrtopodium palmifrons Rchb.f. & Warm.,20
7800,5319669,Cyrtopodium gigas (Vell.) Hoehne,20
7801,5319715,Epidendrum rigidum Jacq.,20
7802,5319849,Epidendrum flexuosum G.Mey.,20
7803,5320167,Epidendrum henschenii Barb.Rodr.,14
7804,5320408,Epidendrum ramosum Jacq.,20
7805,5320452,Epidendrum cristatum Ruiz & Pav.,20
7806,5320539,Epidendrum myrmecophorum Barb.Rodr.,11
7807,5320552,Epidendrum carpophorum Barb.Rodr.,19
7808,5320577,Epidendrum tridactylum Lindl.,17
7809,5320619,Epidendrum radicans Pav. ex Lindl.,20
7810,5320819,Epidendrum difforme Jacq.,20
7811,5320826,Epidendrum paranaense Barb.Rodr.,20
7812,5320920,Epidendrum parahybunense Barb.Rodr.,20
7813,5320977,Epidendrum xanthinum Lindl.,20
7814,5321093,Epidendrum chlorinum Barb.Rodr.,20
7815,5321100,Epidendrum caldense Barb.Rodr.,7
7816,5321132,Epidendrum densiflorum Hook.,20
7817,5321229,Epidendrum armeniacum Lindl.,20
7818,5321235,Epidendrum strobiliferum Rchb.f.,20
7819,5321636,Ornithocephalus myrticola Lindl.,20
7820,5321877,Ionopsis utricularioides (Sw.) Lindl.,20
7821,5322394,Oncidium baueri Lindl.,20
7822,5322612,Isabelia violacea (Lindl.) C.Van den Berg & M.W.Chase,20
7823,5322615,Isabelia pulchella (Kraenzl.) C.Van den Berg & M.W.Chase,19
7824,5322910,Liparis vexillifera (Lex.) Cogn.,20
7825,5322999,Liparis nervosa (Thunb.) Lindl.,20
7826,5324417,Warmingia eugenii Rchb.f.,17
7827,5324885,Chloraea membranacea Lindl.,20
7828,5325855,Amaryllis belladonna L.,20
7829,5325952,Griffinia concinna (Mart. ex Schult. & Schult.f.) Ravenna,5
7830,5325953,Griffinia espiritensis Ravenna,20
7831,5325957,Griffinia hyacinthina (Ker Gawl.) Ker Gawl.,20
7832,5325964,Griffinia liboniana É.Morren,7
7833,5327019,Ludovia lancifolia Brongn.,20
7834,5327109,Sciaphila purpurea Benth.,20
7835,5327557,Pandanus utilis Bory,20
7836,5328748,Echinodorus pubescens (Mart. ex Schult.f.) Seub. ex Warm.,12
7837,5328753,Echinodorus subalatus (Mart. ex Schult.f.) Griseb.,20
7838,5328792,Echinodorus glaucus Rataj,19
7839,5328799,Echinodorus scaber Rataj,20
7840,5328848,Echinodorus paniculatus Micheli,19
7841,5329024,Sagittaria planitiana G.Agostini,20
7842,5329055,Sagittaria guayanensis Kunth,20
7843,5329111,Sagittaria montevidensis Cham. & Schltdl.,20
7844,5329471,Najas conferta (A.Braun) A.Braun,15
7845,5329570,Hydrilla verticillata (L.f.) Royle,20
7846,5329611,Halophila decipiens Ostenf.,20
7847,5329643,Limnobium laevigatum (Humb. & Bonpl. ex Willd.) Heine,20
7848,5329904,Alocasia macrorrhizos (L.) G.Don,20
7849,5329957,Alocasia wentii Engl. & K.Krause,19
7850,5330085,Wolffia columbiana H.Karst.,20
7851,5330218,Heteropsis oblongifolia Kunth,19
7852,5330772,Colocasia gigantea (Blume) Hook.f.,18
7853,5330776,Colocasia esculenta (L.) Schott,20
7854,5330901,Xanthosoma sagittifolium (L.) Schott,20
7855,5330935,Xanthosoma pubescens Poepp.,20
7856,5331014,Xanthosoma striatipes (Kunth & C.D.Bouché) Madison,20
7857,5331031,Xanthosoma maximiliani Schott,20
7858,5331147,Casearia decandra Jacq.,20
7859,5331148,Casearia sylvestris Sw.,20
7860,5331149,Casearia arborea (Rich.) Urb.,20
7861,5331389,Viola × wittrockiana Gams,20
7862,5333230,Castanea dentata (Marshall) Borkh.,20
7863,5333901,Micropholis gardneriana (A.DC.) Pierre,17
7864,5333946,Micropholis crassipedicellata (Mart. & Eichler) Pierre,20
7865,5333948,Micropholis guyanensis subsp. guyanensis,20
7866,5334218,Fumaria capreolata L.,20
7867,5334343,Polygonum glabrum Willd.,20
7868,5334392,Polygonum orientale L.,18
7869,5334399,Polygonum convolvulus L.,14
7870,5334468,Polygonum hydropiperoides Michx.,18
7871,5335264,Simira viridiflora (Allemão & Saldanha) Steyerm.,18
7872,5335398,Hoffmannia peckii K.Schum.,20
7873,5335630,Cordiera obtusa (K.Schum.) Kuntze,6
7874,5335632,Cordiera elliptica (Cham.) Kuntze,15
7875,5335650,Cordiera concolor (Cham.) Kuntze,20
7876,5337321,Chomelia spinosa Jacq.,20
7877,5337345,Chomelia obtusa Cham. & Schltdl.,20
7878,5337365,Chomelia pohliana Müll.Arg.,19
7879,5337379,Cordiera myrciifolia (K.Schum.) Perss. & Delprete,20
7880,5337447,Richardia pedicellata (K.Schum.) Kuntze,18
7881,5337479,Richardia humistrata (Cham. & Schltdl.) Steud.,20
7882,5337491,Richardia scabra L.,20
7883,5337652,Rustia formosa (Cham. & Schltdl. ex DC.) Klotzsch,19
7884,5338243,Uncaria guianensis (Aubl.) J.F.Gmel.,20
7885,5338267,Uncaria tomentosa (Willd. ex Schult.) DC.,20
7886,5338451,Manettia luteorubra (Vell.) Benth.,20
7887,5338460,Manettia paraguariensis Chodat,20
7888,5338478,Manettia gracilis Cham. & Schltdl.,18
7889,5338500,Manettia glaziovii Wernham,18
7890,5339387,Randia calycina Cham.,20
7891,5339445,Randia armata (Sw.) DC.,20
7892,5340010,Hillia parasitica Jacq.,20
7893,5340116,Warszewiczia coccinea (Vahl) Klotzsch,20
7894,5341153,Glandularia tenera (Spreng.) Cabrera,20
7895,5341161,Aloysia gratissima (Gillies & Hook.) Tronc.,20
7896,5341290,Cordia myxa L.,20
7897,5341297,Prunella vulgaris L.,20
7898,5341313,Coleus amboinicus Lour.,20
7899,5341322,Scutellaria racemosa Pers.,20
7900,5341501,Melissa officinalis L.,20
7901,5341504,Nymphoides humboldtiana (Kunth) Kuntze,20
7902,5341694,Jacquemontia nodiflora (Desr.) G.Don,20
7903,5341727,Jacquemontia pentanthos (Jacq.) G.Don,20
7904,5341754,Nicandra physalodes (L.) Gaertn.,20
7905,5341784,Physalis peruviana L.,20
7906,5342209,Tephrosia noctiflora Bojer ex Baker,20
7907,5342231,Tephrosia egregia Sandwith,20
7908,5342262,Tephrosia adunca Benth.,20
7909,5342608,Pterodon emarginatus Vogel,20
7910,5342610,Pterodon pubescens (Benth.) Benth.,20
7911,5347398,Zygia ampla (Spruce ex Benth.) Pittier,12
7912,5347411,Zygia latifolia (L.) Fawc. & Rendle,20
7913,5347459,Zygia inundata (Ducke) H.C.Lima ex Barneby & J.W.Grimes,9
7914,5348711,Abrus precatorius L.,20
7915,5348850,Parkia cachimboensis H.C.Hopkins,17
7916,5348877,Parkia panurensis Benth. ex H.C.Hopkins,20
7917,5348884,Parkia multijuga Benth.,20
7918,5348906,Eriosema irwinii Grear,20
7919,5349020,Eriosema crinitum (Kunth) G.Don,20
7920,5349088,Eriosema congestum Benth.,9
7921,5349097,Eriosema rigidum Benth.,17
7922,5349126,Eriosema campestre var. macrophyllum (Grear) Fortunato,18
7923,5349164,Eriosema obovatum Benth.,14
7924,5349167,Eriosema tacuaremboense Arechav.,20
7925,5349170,Eriosema glaziovii Harms,19
7926,5349267,Pterocarpus villosus (Mart. ex Benth.) Mart. ex Benth.,14
7927,5349322,Pterocarpus rohrii Vahl,20
7928,5349333,Pterocarpus officinalis Jacq.,20
7929,5349565,Erythrina falcata Benth.,20
7930,5349620,Erythrina fusca Lour.,20
7931,5349690,Erythrina verna Vell.,20
7932,5349755,Erythrina poeppigiana (Walp.) O.F.Cook,20
7933,5350025,Harpalyce brasiliana Benth.,20
7934,5350054,Harpalyce parvifolia H.S.Irwin & Arroyo,16
7935,5350427,Amphiodon effusus Huber,20
7936,5350452,Phaseolus vulgaris L.,20
7937,5350466,Phaseolus coccineus L.,20
7938,5350571,Rhynchosia rojasii Hassl.,16
7939,5350585,Rhynchosia minima (L.) DC.,20
7940,5350690,Rhynchosia melanocarpa Grear,19
7941,5350882,Rhynchosia phaseoloides (Sw.) DC.,20
7942,5350909,Rhynchosia corylifolia Mart. ex Benth.,20
7943,5351842,Swartzia obscura Huber,17
7944,5351853,Swartzia macrostachya Benth.,20
7945,5351859,Swartzia acutifolia Vogel,19
7946,5351880,Swartzia polyphylla DC.,20
7947,5351948,Swartzia macrocarpa Spruce ex Benth.,13
7948,5351974,Swartzia anomala R.S.Cowan,19
7949,5351984,Swartzia riedelii R.S.Cowan,14
7950,5351989,Swartzia oblata R.S.Cowan,20
7951,5352013,Swartzia flaemingii Raddi,20
7952,5352017,Swartzia flaemingii var. psilonema (Harms) R.S.Cowan,18
7953,5352047,Swartzia simplex (Sw.) Spreng.,20
7954,5352087,Swartzia arborescens (Aubl.) Pittier,20
7955,5352251,Robinia pseudoacacia L.,20
7956,5352500,Periandra mediterranea (Vell.) Taub.,20
7957,5352512,Tipuana tipu (Benth.) Kuntze,20
7958,5352650,Pterogyne nitens Tul.,20
7959,5353568,Neptunia plena (L.) Benth.,20
7960,5353578,Apuleia leiocarpa (Vogel) J.F.Macbr.,20
7961,5353590,Cercis siliquastrum L.,20
7962,5353781,Arachis repens Handro,20
7963,5353847,Arachis dardani Krapov. & W.C.Greg.,20
7964,5354656,Cytisus scoparius (L.) Link,20
7965,5354900,Machaerium costulatum Rudd,6
7966,5354923,Machaerium hatschbachii Rudd,13
7967,5354924,Machaerium latifolium Rusby,20
7968,5354939,Machaerium pedicellatum Vogel,20
7969,5354944,Machaerium declinatum (Vell.) Stellfeld,20
7970,5354953,Machaerium aculeatum Raddi,20
7971,5354959,Machaerium leucopterum Vogel,17
7972,5354964,Machaerium gracile Benth.,19
7973,5354979,Machaerium hirtum (Vell.) Stellfeld,20
7974,5355018,Machaerium ovalifolium Glaz. ex Rudd,19
7975,5355071,Machaerium incorruptibile (Vell.) Benth.,19
7976,5355085,Machaerium uncinatum (Vell.) Benth.,19
7977,5355092,Machaerium lanceolatum (Vell.) J.F.Macbr.,19
7978,5355098,Machaerium punctatum (Lam.) Pers.,13
7979,5355127,Machaerium nyctitans (Vell.) Benth.,20
7980,5355145,Machaerium brasiliense Vogel,19
7981,5355151,Machaerium aristulatum (Spruce ex Benth.) Ducke,19
7982,5355152,Machaerium stipitatum Vogel,20
7983,5355200,Poiretia latifolia Vogel,20
7984,5355207,Poiretia angustifolia Vogel,18
7985,5355219,Zornia harmsiana Standl.,14
7986,5355227,Zornia cryptantha Arechav.,17
7987,5355249,Zornia orbiculata Mohlenbr.,19
7988,5355254,Zornia ramboiana Mohlenbr.,17
7989,5355261,Zornia flemmingioides Moric.,18
7990,5355320,Zornia glabra Desv.,15
7991,5355333,Zornia myriadena Benth.,16
7992,5355350,Zornia curvata Mohlenbr.,20
7993,5355372,Zornia crinita (Mohlenbr.) Vanni,19
7994,5355430,Ormosia excelsa Benth.,14
7995,5355439,Ormosia arborea (Vell.) Harms,20
7996,5355467,Ormosia coutinhoi Ducke,20
7997,5355472,Ormosia bahiensis Monach.,15
7998,5355476,Ormosia macrocalyx Ducke,20
7999,5355528,Ormosia ruddiana Yakovlev,11
8000,5355610,Ormosia fastigiata Tul.,15
8001,5355622,Diplotropis incexis Rizzini & A.Mattos,12
8002,5355625,Diplotropis purpurea (Rich.) Amshoff,20
8003,5355647,Plathymenia reticulata Benth.,20
8004,5356364,Lathyrus linearifolius Vogel,14
8005,5356401,Lathyrus pubescens Hook. & Arn.,20
8006,5356488,Lathyrus sativus L.,20
8007,5356701,Lathyrus pratensis L.,20
8008,5357013,Lotus corniculatus L.,20
8009,5357068,Cassia ferruginea (Schrad.) DC.,20
8010,5357095,Cassia fastuosa Willd. ex Benth.,19
8011,5357158,Cassia grandis L.f.,20
8012,5357169,Cassia leptophylla Vogel,20
8013,5357217,Parkinsonia aculeata L.,20
8014,5357511,Inga exfoliata T.D.Penn. & F.C.P.García,20
8015,5357518,Inga chrysantha Ducke,20
8016,5357552,Inga sessilis Mart.,20
8017,5357557,Inga lentiscifolia Benth.,18
8018,5357576,Inga pezizifera Benth.,18
8019,5357583,Inga blanchetiana Benth.,17
8020,5357607,Inga lenticellata Benth.,20
8021,5357619,Inga sertulifera DC.,20
8022,5357633,Inga flagelliformis (Vell.) Mart.,19
8023,5357658,Inga chartacea Poepp.,19
8024,5357677,Inga edulis Mart.,20
8025,5357751,Inga virescens Benth.,17
8026,5357783,Inga melinonis Sagot,19
8027,5357794,Inga disticha Benth.,18
8028,5357818,Inga barbata Benth.,18
8029,5357876,Inga cylindrica (Vell.) Mart.,20
8030,5357908,Inga subnuda subsp. lushnathiana (Benth.) T.D.Penn.,20
8031,5357916,Inga cordistipula Mart.,20
8032,5358057,Inga lateriflora Miq.,20
8033,5358111,Inga pilosula (Rich.) J.F.Macbr.,20
8034,5358188,Platycyamus regnellii Benth.,20
8035,5358234,Sweetia fruticosa Spreng.,19
8036,5358266,Ornithopus sativus Brot.,20
8037,5358419,Leptolobium elegans Vogel,20
8038,5358422,Leptolobium dasycarpum Vogel,20
8039,5358423,Leptolobium bijugum (Spreng.) Vogel,11
8040,5358428,Leptolobium nitens Vogel,20
8041,5358748,Trifolium repens L.,20
8042,5358935,Trifolium fragiferum L.,20
8043,5359080,Trifolium polymorphum Poir.,20
8044,5359330,Trifolium subterraneum L.,20
8045,5359334,Trifolium vesiculosum Savi,20
8046,5359429,Trifolium dubium Sibth.,20
8047,5359477,Trifolium campestre Schreb.,20
8048,5359611,Dioclea guianensis Benth.,20
8049,5360091,Desmanthus pernambucanus (L.) Thell.,20
8050,5360773,Aldina heterophylla Benth.,14
8051,5361785,Myriophyllum aquaticum (Vell.) Verdc.,20
8052,5361795,Parietaria debilis G.Forst.,20
8053,5361828,Pilea nummulariifolia (Sw.) Wedd.,20
8054,5361841,Pilea microphylla (L.) Liebm.,20
8055,5361880,Cannabis sativa L.,20
8056,5361888,Morus nigra L.,20
8057,5361889,Morus alba L.,20
8058,5361899,Ficus lyrata Warb.,20
8059,5361909,Ficus carica L.,20
8060,5361910,Ficus obtusifolia Kunth,20
8061,5361926,Ficus americana Aubl.,20
8062,5361930,Ficus pumila L.,20
8063,5361932,Ficus benjamina L.,20
8064,5361938,Ficus citrifolia Mill.,20
8065,5370647,Acaena eupatoria Schltdl.,20
8066,5371894,Cyclospermum leptophyllum (Pers.) Sprague ex Britton & P.Wilson,10
8067,5372392,Vitis vinifera L.,20
8068,5373358,Lobularia maritima (L.) Desv.,20
8069,5376616,Lepidium ruderale L.,20
8070,5377061,Coronopus didymus (L.) Sm.,20
8071,5377876,Sagotia brachysepala (Müll.Arg.) Secco,20
8072,5378404,Bernardia sidoides (Klotzsch) Müll.Arg.,20
8073,5378799,Philyra brasiliensis Klotzsch,20
8074,5379804,Pachystroma longifolium (Nees) I.M.Johnst.,20
8075,5379833,Sapium pallidum (Müll.Arg.) Huber,17
8076,5379856,Sapium argutum (Müll.Arg.) Huber,20
8077,5379876,Sapium obovatum Klotzsch ex Müll.Arg.,13
8078,5379918,Sapium glandulosum (L.) Morong,20
8079,5380510,Sebastiania macrocarpa Müll.Arg.,20
8080,5380859,Astraea lobata (L.) Klotzsch,20
8081,5381097,Phyllanthus tenellus Roxb.,20
8082,5381403,Phyllanthus claussenii Müll.Arg.,20
8083,5381420,Phyllanthus pinifolius Baill.,20
8084,5381657,Phyllanthus hyssopifolioides Kunth,20
8085,5381793,Phyllanthus klotzschianus Müll.Arg.,20
8086,5381824,Phyllanthus caparaoensis G.L.Webster,17
8087,5381899,Phyllanthus sellowianus (Klotzsch) Müll.Arg.,20
8088,5382430,Phyllanthus heteradenius Müll.Arg.,18
8089,5383898,Dillenia indica L.,20
8090,5383931,Salicornia ambigua Michx.,20
8091,5383980,Trichostigma octandrum (L.) H.Walter,20
8092,5383983,Schlumbergera truncata (Haw.) Moran,20
8093,5384000,Cereus hildmannianus K.Schum.,20
8094,5384030,Epiphyllum phyllanthus (L.) Haw.,20
8095,5384031,Epiphyllum oxypetalum (DC.) Haw.,20
8096,5384142,Opuntia monacantha Haw.,20
8097,5384215,Pereskia aculeata Mill.,20
8098,5384334,Amaranthus viridis L.,20
8099,5384396,Amaranthus deflexus L.,20
8100,5384604,Stellaria media (L.) Vill.,20
8101,5384947,Eclipta elliptica DC.,20
8102,5384950,Eclipta prostrata (L.) L.,20
8103,5385749,Critonia morifolia (Mill.) R.M.King & H.Rob.,20
8104,5386588,Wedelia bahiensis H.Rob.,16
8105,5386615,Wedelia vauthieri DC.,17
8106,5386720,Acmella uliginosa (Sw.) Cass.,20
8107,5386775,Acmella ciliata (Kunth) Cass.,20
8108,5387724,Trichogonia salviifolia Gardner,20
8109,5387756,Trichogonia campestris Gardner,7
8110,5387759,Trichogonia prancei G.M.Barroso,17
8111,5387974,Youngia japonica (L.) DC.,20
8112,5389072,Solidago chilensis Meyen,20
8113,5389233,Dasyphyllum flagellare (Casar.) Cabrera,17
8114,5389244,Dasyphyllum spinescens (Less.) Cabrera,20
8115,5389251,Dasyphyllum brasiliense (Spreng.) Cabrera,17
8116,5391610,Unxia camphorata L.fil.,20
8117,5391861,Bidens alba (L.) DC.,20
8118,5391882,Bidens subalternans DC.,20
8119,5392193,Bidens rubifolia Kunth,20
8120,5392232,Pterocaulon polystachyum DC.,20
8121,5392233,Pterocaulon rugosum (Vahl) Malme,17
8122,5392242,Pterocaulon angustifolium DC.,20
8123,5392252,Cichorium intybus L.,20
8124,5393121,Moquinia racemosa (Spreng.) DC.,14
8125,5394163,Taraxacum officinale Weber ex F.H.Wigg.,20
8126,5395906,Elephantopus micropappus Less.,15
8127,5395928,Elephantopus mollis Kunth,20
8128,5396252,Aspilia attenuata (Gardner) Baker,12
8129,5396302,Aspilia foliacea (Spreng.) Baker,12
8130,5396373,Aspilia martii Baker,10
8131,5396424,Aspilia bonplandiana (Gardner) S.F.Blake,17
8132,5396551,Tithonia rotundifolia (Mill.) S.F.Blake,20
8133,5397033,Vernonia rubriramea Mart. ex DC.,20
8134,5398027,Conyza sumatrensis (Retz.) E.Walker,12
8135,5398401,Mikania nummularia DC.,19
8136,5398404,Mikania lanuginosa DC.,20
8137,5398417,Mikania trachypleura B.L.Rob.,18
8138,5398419,Mikania paranensis Dusén,20
8139,5398538,Mikania lundiana DC.,19
8140,5398582,Mikania sericea Hook. & Arn.,20
8141,5398606,Mikania oblongifolia DC.,18
8142,5398643,Mikania firmula Baker,19
8143,5398662,Mikania sessilifolia DC.,18
8144,5398689,Mikania cordifolia (L.fil.) Willd.,20
8145,5398714,Mikania ternata (Vell.) B.L.Rob.,20
8146,5398737,Mikania thapsoides DC.,20
8147,5398743,Mikania vitifolia DC.,20
8148,5398835,Mikania pilosa Baker,15
8149,5398889,Mikania guilleminii B.L.Rob.,8
8150,5398917,Mikania oreophila M.R.Ritter & Miotto,7
8151,5398943,Trixis glutinosa D.Don,17
8152,5398949,Trixis lessingii DC.,20
8153,5398996,Trixis nobilis (Vell.) Katinas,20
8154,5399008,Trixis praestans (Vell.) Cabrera,20
8155,5399368,Lychnophora salicifolia Mart.,20
8156,54,Memphis forreri,20
8157,5400111,Tilesia baccata (L.) Pruski,20
8158,5401081,Albertinia brasiliensis Spreng.,12
8159,5401673,Ageratum conyzoides L.,20
8160,5402211,Jungia floribunda Less.,20
8161,5402445,Enydra sessilis (Sw.) DC.,20
8162,5403036,Urolepis hecatantha (DC.) R.M.King & H.Rob.,20
8163,5404795,Conyza bonariensis (L.) Cronquist,19
8164,5404991,Synedrella nodiflora (L.) Gaertn.,20
8165,5405440,Pectis elongata Kunth,20
8166,5405833,Chevreulia acuminata Less.,20
8167,5406569,Piptocarpha oblonga (Gardner) Baker,20
8168,5406574,Piptocarpha pyrifolia (DC.) Baker,16
8169,5406600,Piptocarpha lundiana (Less.) Baker,20
8170,5406614,Piptocarpha quadrangularis (Vell.) Baker,20
8171,5406624,Piptocarpha macropoda (DC.) Baker,20
8172,5406635,Piptocarpha rotundifolia (Less.) Baker,20
8173,5406653,Piptocarpha sellowii (Sch.Bip.) Baker,14
8174,5406665,Waltheria indica L.,20
8175,5406675,Sterculia foetida L.,20
8176,5406679,Sterculia apetala (Jacq.) H.Karst.,20
8177,5406697,Ceiba pentandra (L.) Gaertn.,20
8178,5406735,Sida rhombifolia L.,20
8179,5406736,Sida glomerata Cav.,20
8180,5406748,Sida linifolia Cav.,20
8181,5406755,Sida cordifolia L.,20
8182,5406783,Pavonia hastata Cav.,20
8183,5407080,Annona amazonica R.E.Fr.,20
8184,5407096,Annona crassiflora Mart.,20
8185,5407099,Annona squamosa L.,20
8186,5407100,Annona glabra L.,20
8187,5407109,Annona dioica A.St.-Hil.,20
8188,5407162,Annona nutans (R.E.Fr.) R.E.Fr.,20
8189,5407165,Annona montana Macfad.,20
8190,5407186,Annona cacans Warm.,20
8191,5407229,Annona monticola Mart.,20
8192,5407270,Annona sericea Dunal,20
8193,5407303,Annona spinescens Mart.,6
8194,5407556,Hornschuchia bryotrophe Nees,18
8195,5407568,Annona xylopiifolia A.St.-Hil. & Tul.,19
8196,5407569,Annona exsucca DC.,20
8197,5407579,Annona sylvatica A.St.-Hil.,20
8198,5408029,Lobelia hassleri Zahlbr.,20
8199,5408057,Lobelia hederacea Cham.,20
8200,5408072,Lobelia imperialis E.Wimm.,10
8201,5408235,Lobelia anceps L.f.,20
8202,5408440,Lobelia reniformis Cham.,17
8203,5408693,Lobelia fistulosa Vell.,18
8204,5408773,Lobelia brasiliensis A.O.S.Vieira & G.J.Sheph.,20
8205,5408841,Lobelia langeana Dusén,20
8206,5408958,Lobelia cliffortiana L.,20
8207,5412613,Centropogon cornutus (L.) Druce,20
8208,5413457,Wahlenbergia linarioides (Lam.) A.DC.,20
8209,5414375,Ardisia elliptica Thunb.,20
8210,5414975,Scoparia montevidensis (Spreng.) R.E.Fr.,20
8211,5415458,Thunbergia fragrans Roxb.,20
8212,5415461,Thunbergia erecta (Benth.) T.Anderson,20
8213,5415469,Ruellia blechum L.,20
8214,5415612,Plinia cordifolia (D.Legrand) Sobral,10
8215,5415613,Plinia hatschbachii (Mattos) Sobral,13
8216,5415616,Plinia renatiana G.M.Barroso & Peixoto,17
8217,5415619,Plinia phitrantha (Kiaersk.) Sobral,20
8218,5415630,Plinia involucrata (O.Berg) McVaugh,16
8219,5415646,Plinia edulis (Vell.) Sobral,20
8220,5415656,Plinia nana Sobral,5
8221,5415832,Melaleuca quinquenervia (Cav.) S.T.Blake,20
8222,5416302,Eugenia inversa Sobral,17
8223,5416332,Eugenia uruguayensis Cambess.,20
8224,5416345,Eugenia citrifolia Poir.,13
8225,5416360,Eugenia sprengelii DC.,20
8226,5416365,Eugenia sulcata Spring ex Mart.,20
8227,5416399,Eugenia ayacuchae Steyerm.,11
8228,5416458,Eugenia uniflora L.,20
8229,5416460,Eugenia langsdorffii O.Berg,19
8230,5416508,Eugenia repanda O.Berg,20
8231,5416528,Eugenia schottiana O.Berg,13
8232,5416603,Eugenia arenaria Cambess.,19
8233,5416612,Eugenia macrobracteolata Mattos,10
8234,5416629,Eugenia speciosa Cambess.,20
8235,5416647,Eugenia macrantha O.Berg,17
8236,5416658,Eugenia pohliana DC.,18
8237,5416691,Eugenia viridiflora Cambess.,7
8238,5416719,Eugenia pluriflora DC.,20
8239,5416727,Eugenia lambertiana DC.,20
8240,5416741,Eugenia arenosa Mattos,10
8241,5416768,Eugenia dichroma O.Berg,19
8242,5416834,Eugenia egensis DC.,20
8243,5416847,Eugenia ligustrina (Sw.) Willd.,20
8244,5416859,Eugenia myrciariifolia Soares-Silva & Sobral,7
8245,5416930,Eugenia suberosa Cambess.,19
8246,5417037,Eugenia rosea DC.,13
8247,5417048,Eugenia fusca O.Berg,20
8248,5417055,Eugenia dysenterica DC.,20
8249,5417061,Eugenia ramboi D.Legrand,14
8250,5417088,Eugenia platyphylla O.Berg,20
8251,5417099,Eugenia subavenia O.Berg,17
8252,5417117,Eugenia bunchosiifolia Nied.,20
8253,5417149,Eugenia bacopari D.Legrand,17
8254,5417183,Eugenia pruniformis Cambess.,20
8255,5417187,Eugenia patrisii Vahl,20
8256,5417216,Eugenia patens Poir.,20
8257,5417247,Eugenia tenuipedunculata Kiaersk.,9
8258,5417304,Eugenia pitanga (O.Berg) Nied.,20
8259,5417314,Eugenia adenantha O.Berg,17
8260,5417318,Eugenia chiquitensis O.Berg,18
8261,5417321,Eugenia bahiensis DC.,20
8262,5417350,Eugenia vernicosa O.Berg,6
8263,5417365,Eugenia cereja D.Legrand,12
8264,5417398,Eugenia multicostata D.Legrand,19
8265,5417401,Eugenia badia O.Berg,11
8266,5417420,Eugenia cerasiflora Miq.,16
8267,5417447,Eugenia kleinii D.Legrand,20
8268,5417465,Eugenia inundata DC.,17
8269,5417502,Eugenia xanthoxyloides Cambess.,20
8270,5417555,Eugenia dodonaeifolia Cambess.,18
8271,5417581,Eugenia paracatuana O.Berg,20
8272,5417585,Eugenia stigmatosa DC.,20
8273,5417605,Eugenia prasina O.Berg,20
8274,5417708,Eugenia aurata O.Berg,20
8275,5417722,Eugenia neoverrucosa Sobral,18
8276,5417767,Eugenia catharinensis D.Legrand,20
8277,5417770,Eugenia neosilvestris Sobral,19
8278,5417807,Eugenia catharinae O.Berg,20
8279,5417812,Eugenia biflora (L.) DC.,20
8280,5417884,Eugenia neomyrtifolia Sobral,14
8281,5417905,Eugenia cymatodes O.Berg,11
8282,5417919,Eugenia florida DC.,20
8283,5418007,Eugenia selloi B.D.Jacks.,20
8284,5418042,Eugenia polystachya Rich.,20
8285,5418198,Eugenia myrcianthes Nied.,20
8286,5418204,Eugenia handroi (Mattos) Mattos,20
8287,5418386,Corymbia maculata (Hook.) K.D.Hill & L.A.S.Johnson,20
8288,5420335,Psidium appendiculatum Kiaersk.,13
8289,5420359,Psidium myrsinites DC.,20
8290,5420374,Psidium oblongatum O.Berg,20
8291,5420378,Psidium longipetiolatum D.Legrand,18
8292,5420400,Psidium salutare (Kunth) O.Berg,20
8293,5420473,Psidium grandifolium Mart. ex DC.,20
8294,5420549,Psidium ganevii Landrum & Funch,8
8295,5420560,Psidium macahense O.Berg,20
8296,5420597,Psidium laruotteanum Cambess.,20
8297,5420620,Psidium guyanense Pers.,20
8298,5420626,Psidium acutangulum Mart. ex DC.,20
8299,5420633,Psidium densicomum Mart. ex DC.,18
8300,5420661,Psidium rufum Mart. ex DC.,19
8301,5420750,Curitiba prismatica (D.Legrand) Salywon & Landrum,18
8302,5420897,Pterolepis glomerata (Rottb.) Miq.,20
8303,5420986,Ludwigia erecta (L.) H.Hara,20
8304,5420987,Ludwigia octovalvis (Jacq.) P.H.Raven,20
8305,5420991,Ludwigia peploides (Kunth) P.H.Raven,20
8306,5421003,Ludwigia longifolia (DC.) H.Hara,20
8307,5421007,Ludwigia leptocarpa (Nutt.) H.Hara,20
8308,5421024,Ludwigia peruviana (L.) H.Hara,20
8309,5421039,Ludwigia grandiflora (Michx.) Greuter & Burdet,20
8310,5421060,Clusia rosea Jacq.,20
8311,5421063,Platonia insignis Mart.,20
8312,5421069,Calophyllum brasiliense Cambess.,20
8313,5421116,Tribulus terrestris L.,20
8314,5421135,Allophylus racemosus Sw.,17
8315,5421144,Dodonaea viscosa (L.) Jacq.,20
8316,5421179,Koelreuteria bipinnata Franch.,20
8317,5421335,Murraya paniculata (L.) Jack,16
8318,5421368,Anacardium occidentale L.,20
8319,5421394,Sarracenia psittacina Michx.,20
8320,5421427,Malpighia emarginata DC.,20
8321,5423446,Dictyota ciliolata O.G.Sond. ex Kütz.,15
8322,5423480,Dictyota dichotoma (Huds.) J.V.Lamour.,20
8323,5423508,Dictyota crenulata J.Agardh,12
8324,5423519,Dictyota jamaicensis W.R.Taylor,7
8325,5423638,Dictyopteris plagiogramma (Mont.) Vickers,12
8326,5423651,Dictyopteris delicatula J.V.Lamour.,12
8327,5425763,"Stemonitis splendens Rostaf., 1874",20
8328,5425828,"Reticularia lycoperdon Bull., 1790",20
8329,5426027,"Fuligo septica (L.) F.H.Wigg., 1780",20
8330,5426334,"Metatrichia vesparia (Batsch) Nann.-Bremek. ex G.W.Martin & Alexop., 1969",20
8331,5430652,"Lemonias zygia Hübner, 1806",20
8332,5445882,Mutinus argentinus Speg.,20
8333,5447760,Mycena holoporphyra (Berk. & M.A.Curtis) Singer,20
8334,5449087,Hydropus nigrita (Berk. & M.A.Curtis) Singer,20
8335,5452662,"Amanita viscidolutea Menolli, Capelari & Baseia",20
8336,5453425,Lycoperdon marginatum Vittad.,20
8337,5487891,Xylaria grammica (Mont.) Mont.,20
8338,5529618,Alsophila sternbergii (Pohl) D.S.Conant,17
8339,5529620,Alsophila cuspidata (Kunze) D.S.Conant,20
8340,5529721,Sphaeropteris gardneri (Hook.) R.M.Tryon,18
8341,5532455,Pteridium esculentum (G.Forst.) Cockayne,20
8342,5532919,Trichomanes pellucens Kunze,15
8343,5532929,Trichomanes arbuscula Desv.,20
8344,5533001,Trichomanes anadromum Rosenst.,18
8345,5533069,Trichomanes trollii Bergdolt,18
8346,5533224,Trichomanes egleri P.G.Windisch,12
8347,5533275,Trichomanes martiusii C.Presl,16
8348,5533661,Ilex buxifolia Gardner,13
8349,5533729,Ilex microdonta Reissek,19
8350,5536201,Prestonia tomentosa R.Br.,20
8351,5536604,Prestonia dusenii (Malme) Woodson,17
8352,5536744,Sicydium gracile Cogn.,16
8353,5541606,Annona pickelii (Diels) H.Rainer,11
8354,5541643,Annona emarginata (Schltdl.) H.Rainer,20
8355,5541664,Endopleura uchi (Huber) Cuatrec.,20
8356,5545108,Ludwigia torulosa (Arn.) H.Hara,20
8357,5545123,Ludwigia sedioides (Bonpl.) H.Hara,20
8358,5545213,Ludwigia nervosa (Poir.) H.Hara,20
8359,5545225,Ludwigia multinervia (Hook. & Arn.) Ramamoorthy,20
8360,5545241,Ludwigia major (Micheli) Ramamoorthy,20
8361,5545289,Ludwigia hookeri (Micheli) H.Hara,17
8362,5545304,Ludwigia helminthorrhiza (Mart.) H.Hara,20
8363,5546942,Sterculia excelsa Mart.,11
8364,5547323,Sterculia striata A.St.-Hil. & Naudin,20
8365,5548311,Froelichia humboldtiana (Roem. & Schult.) Seub.,20
8366,5549429,Operculina pteripes (G.Don) O'Donell,20
8367,5553148,Victoria amazonica (Poepp.) Sowerby,20
8368,5554574,Tetragonia tetragonoides (Pall.) Kuntze,20
8369,5555628,Clusia burle-marxii Bittrich,18
8370,5555693,Bonnetia stricta (Nees) Mart.,20
8371,5555825,Clusia weddelliana Planch. & Triana,20
8372,5555953,Clusia spiritu-sanctensis G.Mariz & B.Weinberg,20
8373,5556145,Clusia panapanari (Aubl.) Choisy,20
8374,5556196,Clusia obdeltifolia Bittrich,19
8375,5556269,Clusia melchiorii Gleason,20
8376,5556488,Clusia fragrans Gardner,20
8377,5556966,Eugenia brejoensis Mazine,18
8378,5557933,Ardisia semicrenata Mart.,16
8379,5564457,Compsoneura sprucei (A.DC.) Warb.,10
8380,5564567,Compsoneura capitellata (Poepp. ex A.DC.) Warb.,20
8381,5565003,Metaxya rostrata (Kunth) C.Presl,17
8382,5566940,Melpomene xiphopteroides (Liebm.) A.R.Sm. & R.C.Moran,20
8383,5566979,Melpomene pilosissima (M.Martens & Galeotti) A.R.Sm. & R.C.Moran,18
8384,5567004,Melpomene melanosticta (Kunze) A.R.Sm. & R.C.Moran,19
8385,5567018,Melpomene flabelliformis (Poir.) A.R.Sm. & R.C.Moran,19
8386,5567022,Terpsichore chrysleri (Copel.) A.R.Sm.,13
8387,5567884,Salicornia fruticosa (L.) L.,20
8388,5568446,Dysphania ambrosioides (L.) Mosyakin & Clemants,20
8389,5569667,Ficus cyclophylla (Miq.) Miq.,19
8390,5569828,Ficus crocata (Miq.) Mart. ex Miq.,20
8391,5569960,Ficus paraensis (Miq) Miq.,20
8392,5569997,Ficus panurensis Standl.,20
8393,5570113,Ficus subapiculata (Miq.) Miq.,20
8394,5571029,Ficus gomelleira Kunth & C.D.Bouché,20
8395,5571405,Ficus mathewsii (Miq.) Miq.,20
8396,5571847,Ficus ursina Standl.,20
8397,5572000,Ficus llanensis Dugand,19
8398,5572015,Ficus elliotiana S.Moore,13
8399,5572170,Clarisia racemosa Ruiz & Pav.,20
8400,5572269,Ficus donnell-smithii Standl.,19
8401,5572363,Ficus amazonica (Miq.) Miq.,20
8402,5572976,Ruellia solitaria Vell.,20
8403,5572994,Ruellia simplex C.Wright,20
8404,5573586,Ruellia ochroleuca Mart. ex Nees,20
8405,5574143,Ruellia laxa (Nees) Lindau,19
8406,5574221,Ruellia jussieuoides Schltdl. & Cham.,20
8407,5574268,Ruellia incomta (Nees) Lindau,20
8408,5574412,Ruellia hapalotricha Lindau,20
8409,5574718,Ruellia dissitifolia (Nees) Hiern,16
8410,5574800,Ruellia densa (Nees) Hiern,20
8411,5574824,Ruellia curviflora Nees & Mart.,19
8412,5575074,Ruellia brevicaulis (Nees) Lindau,11
8413,5575255,Ruellia bahiensis (Nees) Morong,20
8414,5575932,Odontonema tubaeforme (Bertol.) Kuntze,20
8415,5576684,Serjania thoracoides Radlk.,17
8416,5577320,Serjania lethalis A.St.-Hil.,20
8417,5577351,Serjania laruotteana Cambess.,20
8418,5577386,Allophylus leucoclados Radlk.,20
8419,5577632,Serjania erecta Radlk.,20
8420,5579512,Salacia impressifolia (Miers) A.C.Sm.,20
8421,5579703,Prionostemma aspera (Lam.) Miers,20
8422,5580061,Tontelea corcovadensis (Glaz.) A.C.Sm.,16
8423,5580070,Salacia arborea Peyr.,20
8424,5580558,Inga tenuis (Vell.) Mart.,17
8425,5581514,Athenaea martiana Sendtn.,20
8426,5581520,Athenaea cuspidata Witasek,18
8427,5589060,Nematanthus wettsteinii (Fritsch) H.E.Moore,19
8428,5589075,Gloxinia erinoides (DC.) Roalson & Boggan,20
8429,5589145,Nematanthus sericeus (Hanst.) Chautems,20
8430,5589197,Seemannia sylvatica (Kunth) Hanst.,20
8431,5589230,Nematanthus monanthos (Vell.) Chautems,20
8432,5589293,Nematanthus lanceolatus (Poir.) Chautems,20
8433,5589329,Nematanthus hirtellus (Schott) Wiehler,20
8434,5589356,Nematanthus gregarius D.L.Denham,20
8435,5589365,Nematanthus fritschii Hoehne,20
8436,5589380,Nematanthus fluminensis (Vell.) Fritsch,19
8437,5589496,Nematanthus australis Chautems,20
8438,5590493,Drymonia serrulata (Jacq.) Mart.,20
8439,5590501,Drymonia semicordata (Poepp.) Wiehler,19
8440,5591185,Drymonia coccinea (Aubl.) Wiehler,20
8441,5592987,Esenbeckia leiocarpa Engl.,20
8442,5593013,Esenbeckia hieronymi Engl.,15
8443,5593105,Esenbeckia densiflora (Chodat & Hassl.) Hassl.,19
8444,5593639,Erythrochiton brasiliensis Nees & Mart.,20
8445,5593665,Ravenia infelix Vell.,20
8446,5594652,"Hortia oreadica Groppo, Kallunki & Pirani",20
8447,5594675,Hortia longifolia Benth. ex Engl.,16
8448,5595216,Schultesia australis Griseb.,20
8449,5595381,Helia oblongifolia Mart.,15
8450,5595531,Helia brevifolia Cham.,17
8451,5595785,Prepusa viridiflora Brade,19
8452,5595799,Prepusa hookeriana Gardner,20
8453,5595806,Prepusa alata Porto & Brade,10
8454,5596417,Deianira pallescens Cham. & Schltdl.,20
8455,5596445,Deianira damazioi E.F.Guim.,6
8456,5599272,Appendicularia thymifolia (Bonpl.) DC.,20
8457,5599294,Huberia laurina DC.,14
8458,5599297,Huberia espiritosantensis Baumgratz,15
8459,5599301,Huberia carvalhoi Baumgratz,7
8460,5599362,Macrocentrum neblinae Wurdack,15
8461,5599445,Pachyloma huberioides (Naudin) Triana,14
8462,5599556,Meriania urceolata Triana,20
8463,5599581,Meriania tetramera Wurdack,19
8464,5599618,Meriania sclerophylla (Naudin) Triana,12
8465,5599848,Graffenrieda weddellii Naudin,18
8466,5599888,Meriania calyptrata (Naudin) Triana,14
8467,5599889,Meriania calophylla (Cham.) Triana,16
8468,5599974,Graffenrieda obliqua Triana,16
8469,5599979,Graffenrieda moaensis Wurdack,9
8470,5599987,Graffenrieda miconioides Naudin,11
8471,5599994,Graffenrieda limbata Triana,17
8472,5600029,Graffenrieda intermedia Triana,14
8473,5600155,Blakea rosea (Ruiz & Pav.) D.Don,19
8474,5600218,Blakea parasitica (Aubl.) D.Don,20
8475,5600649,Bertolonia nymphaeifolia Raddi,20
8476,5600653,Bertolonia mosenii Cogn.,20
8477,5600670,Bertolonia margaritacea W.Bull ex Naudin,16
8478,5600682,Bertolonia leuzeana (Bonpl.) DC.,20
8479,5600694,Pterolepis repanda (DC.) Triana,20
8480,5600707,Bertolonia formosa Brade,12
8481,5600897,Pterolepis buraeavi Cogn.,15
8482,5601009,Stenodon suberosus Naudin,19
8483,5601238,Chaetostoma stenocladon (Naudin) C.Koschnitzke & A.B.Martins,18
8484,5601258,Pleroma villosissimum Mart. ex Triana,20
8485,5601261,Tibouchina velutina (Naudin) Cogn.,13
8486,5601264,Pleroma urceolare (DC.) Triana,16
8487,5601266,Tibouchina tuberosa (Gardner ex Triana) Cogn.,13
8488,5601271,Pleroma trichopodum DC.,20
8489,5601280,Tibouchina thereminiana (DC.) Cogn.,20
8490,5601299,Chaetostoma flavum C.Koschnitzke & A.B.Martins,20
8491,5601324,Tibouchina scaberrima (Triana) Cogn.,19
8492,5601388,Pleroma molle (Cham.) Triana,17
8493,5601406,Tibouchina macrochiton (DC.) Cogn.,18
8494,5601488,Pleroma frigidulum (DC.) Triana,19
8495,5601513,Pleroma echinatum Gardner,19
8496,5601528,Tibouchina dendroides (Naudin) Cogn,15
8497,5601552,Tibouchina collina (Naudin) Cogn.,20
8498,5601577,Pleroma cardinale (Bonpl.) Triana,20
8499,5601587,Marcetia nervulosa Markgr.,15
8500,5601591,Marcetia macrophylla Wurdack,20
8501,5601601,Marcetia lanuginosa Wurdack,12
8502,5601625,Marcetia ericoides Cogn.,19
8503,5601638,Marcetia bahiensis (Brade & Markgr.) Wurdack,12
8504,5601645,Marcetia acerosa DC.,20
8505,5602738,Colletia paradoxa (Spreng.) Escal.,20
8506,5602873,Gouania ulmifolia Hook. & Arn.,20
8507,5602906,Discaria americana Gillies & Hook.,20
8508,5602919,Gouania riparia Reissek,20
8509,5603000,Gouania latifolia Reissek,20
8510,5603111,Gouania blanchetiana Miq.,19
8511,5603312,Casearia lasiophylla Eichler,20
8512,5604354,Azara uruguayensis (Speg.) Sleumer,20
8513,5605366,Coleus neochilus (Schltr.) Codd,20
8514,5605775,Coleus comosus Hochst. ex Gürke,20
8515,5607955,Scutellaria uliginosa A.St.-Hil. ex Benth.,20
8516,5609418,Tetradenia riparia (Hochst.) Codd,20
8517,5609427,Callicarpa nudiflora Hook. & Arn.,20
8518,5610927,Cunila spicata Benth.,16
8519,5613435,Marsilea crotophora D.M.Johnson,19
8520,5613802,Pteris angustata (Fée) C.V.Morton,14
8521,5614439,Pteris brasiliensis Raddi,20
8522,5614600,Marcgravia coriacea Vahl,20
8523,5614604,Schwartzia brasiliensis (Choisy) Bedell ex Gir.-Cañas,20
8524,5614617,Schwartzia adamantium (Cambess.) Bedell ex Gir.-Cañas,20
8525,5614934,Pera furfuracea Müll.Arg.,20
8526,5615272,Chaetocarpus schomburgkianus (Kuntze) Pax & K.Hoffm.,20
8527,5615522,Danaea cartilaginea Christenh. & Tuomisto,20
8528,5615616,Danaea ulei Christ,8
8529,5615619,Danaea leprieurii Kunze,20
8530,5615685,Danaea geniculata Raddi,20
8531,5617154,Sida vallsii Krapov.,7
8532,5617188,Sida ulei Ulbr.,18
8533,5617214,Sida angustissima A.St.-Hil.,20
8534,5617669,Gaya monosperma (K.Schum.) Krapov.,7
8535,5617722,Gaya domingensis Urb.,20
8536,5617808,Monteiroa dusenii (Ekman) Krapov.,12
8537,5617916,Pavonia zehntneri Ulbr.,14
8538,5618150,Sida maculata Cav.,14
8539,5618387,Sida jussiaeana DC.,20
8540,5618572,Sida harleyi Krapov.,20
8541,5618663,Sida glaziovii K.Schum.,20
8542,5618853,Pavonia horrida Krapov.,19
8543,5618917,Pavonia guerkeana R.E.Fr.,15
8544,5619128,Sida cerradoensis Krapov.,20
8545,5619228,Pavonia calyculosa A.St.-Hil. & Naudin,19
8546,5619303,Pavonia aurigloba Krapov. & Cristóbal,20
8547,5620109,Schlumbergera opuntioides (Loefgr. & Dusén) D.R.Hunt,20
8548,5620441,Pereskia stenantha F.Ritter,20
8549,5622072,Harrisia adscendens (Gürke) Britton & Rose,20
8550,5623310,Cereus insularis Hemsl.,20
8551,5630372,Swartzia euxylophora Rizzini & A.Mattos,20
8552,5633810,Leptolobium brachystachyum (Benth.) Sch.Rodr. & A.M.G.Azevedo,18
8553,5634582,Dicella nucifera Chodat,20
8554,5634862,Ptilochaeta bahiensis Turcz.,20
8555,5635020,Alicia macrodisca (Triana & Planch.) W.R.Anderson,19
8556,5635309,Leiothrix curvifolia var. plantago (Mart. ex Körn.) Ruhland,19
8557,5639996,Ligaria cuneifolia (Ruiz & Pav.) Tiegh.,20
8558,5640601,Primula malacoides Franch.,20
8559,5642066,Potamogeton montevidensis A.Benn.,17
8560,5642267,Potamogeton polygonus Cham.,18
8561,5642330,Potamogeton gayi A.Benn.,19
8562,5644076,Athyrium dombeyi Desv.,19
8563,5644858,Vriesea philippocoburgi Wawra,20
8564,5645426,Spigelia pusilla Mart.,20
8565,5645588,Strychnos romeu-belenii Krukoff & Barneby,18
8566,5646025,Drimys angustifolia Miers,19
8567,5650960,Erisma calcaratum (Link) Warming,20
8568,5650963,Sloanea davidsei Steyerm.,20
8569,5651141,Sloanea terniflora (Moc. & Sessé ex DC.) Standl.,20
8570,5651357,Polygonum diospyrifolium Cham. & Schltdl.,12
8571,5651863,Polygonum stelligerum Cham.,16
8572,5652299,Polygonum rubricaule Cham.,6
8573,5652815,Polygonum paraguayense Wedd.,12
8574,5656514,Dryopteris huberi (Christ) C.Chr.,12
8575,5658180,Securidaca bialata Benth.,18
8576,5660101,Saccellium brasiliense I.M.Johnst.,8
8577,5660265,Cordia anabaptista Cham.,11
8578,5660277,Cordia americana (L.) Gottschling & J.S.Mill.,20
8579,5660566,Cordia taguahyensis Vell.,20
8580,5660812,Cordia rufescens A.DC.,20
8581,5661249,Cordia oncocalyx Allemann,20
8582,5661672,Cordia lomatoloba I.M.Johnst.,18
8583,5661857,Patagonula bahiensis Moric.,12
8584,5662005,Cordia hatschbachii J.S.Mill.,20
8585,5662376,Cordia ecalyculata Vell.,20
8586,5667434,Glandularia selloi (Spreng.) Tronc.,20
8587,5667550,Casselia zelota (Moldenke) Moldenke,17
8588,5668375,Crescentia amazonica Ducke,17
8589,5668460,Lundia helicocalyx A.H.Gentry,18
8590,5668482,Lundia corymbifera (Vahl) Sandwith,20
8591,5668521,Godmania dardanoi (J.C.Gomes) A.H.Gentry,13
8592,5668574,Fridericia speciosa Mart.,18
8593,5668589,Cuspidaria simplicifolia DC.,15
8594,5668632,Cuspidaria octoptera A.H.Gentry,20
8595,5668638,Cuspidaria multiflora DC.,14
8596,5668642,Cuspidaria lateriflora (Mart.) A.DC.,20
8597,5668649,Cuspidaria floribunda (DC.) A.H.Gentry,19
8598,5668664,Cuspidaria convoluta (Vell.) A.H.Gentry,19
8599,5668670,Cuspidaria argentea (Wawra) Sandwith,20
8600,5671157,Pilea cadierei Gagnep. & Guillaumin,20
8601,5672570,Tristachya leiostachya Nees,20
8602,5673673,Setaria scabrifolia (Nees) Kunth,14
8603,5673853,Merostachys burmanii Send.,16
8604,5675007,Merostachys ternata Nees,17
8605,5675008,Merostachys speciosa Spreng.,20
8606,5675012,Merostachys skvortzovii Send.,20
8607,5675026,Merostachys multiramea Hack.,19
8608,5675036,Merostachys kleinii Send.,5
8609,5675040,Merostachys fischeriana Rupr. ex Döll,20
8610,5675443,Gymnopogon burchellii (Munro ex Döll) Ekman,15
8611,5676940,Eriochrysis holcoides (Nees) Kuhlm.,20
8612,5676945,Eriochrysis filiformis (Hack.) Filg.,18
8613,5677747,Cynodon affinis Caro & E.A.Sánchez,18
8614,5678208,Ctenium brevispicatum J.G.Sm.,16
8615,5678594,Chloris orthonoton Döll,17
8616,5679040,Olyra fasciculata Trin.,20
8617,5679257,Chloris canterae Arechav.,18
8618,5679295,Stipa sellowiana Trin. & Rupr.,14
8619,5679952,Polypogon chilensis (Kunth) Pilg.,15
8620,5680705,Tetracera breyniana Schltdl.,20
8621,5680718,Tetracera boomii Aymard,11
8622,5681034,Davilla macrocarpa Eichler,19
8623,5681096,Davilla grandifolia Moric. ex Eichler,11
8624,5681190,Davilla cearensis Huber,20
8625,5684669,Agarista uleana (Sleumer) Judd,18
8626,5684783,Agarista glaberrima (Sleumer) Judd,19
8627,5685055,Nectandra megapotamica (Spreng.) Mez,19
8628,5687583,Krameria bahiana B.B.Simpson,7
8629,5687672,Trigonia rotundifolia Lleras,20
8630,5706106,Luehea ochrophylla Mart.,20
8631,5706141,Luehea divaricata Mart.,20
8632,5706814,"Lophostoma brasiliense Peters, 1867",20
8633,5707409,"Aotus azarae (Humboldt, 1812)",20
8634,5710215,Metzgeria conjugata Lindb.,20
8635,5710317,Chara hornemannii Wallman,20
8636,5711633,"Rhacostoma atlanticum L.Agassiz, 1851",20
8637,5712109,"Diplodus argenteus (Valenciennes, 1830)",20
8638,5712981,"Coccus hesperidum Linnaeus, 1758",12
8639,5714299,"Danaus gilippus thersippus (H.Bates, 1863)",20
8640,5714302,"Danaus eresimus montezuma Talbot, 1943",20
8641,5715127,"Hylephila phyleus (Drury, 1773)",20
8642,5715606,"Ellobium dominicense (A.Férussac, 1821)",20
8643,5729682,"Perna viridis (Linnaeus, 1758)",20
8644,5732818,"Hypselonotus fulvus (De Geer, 1773)",20
8645,5732837,"Hypselonotus bitrianguliger Berg, 1892",20
8646,5732976,"Leptoglossus cinctus (Herrich-Schäffer, 1836)",20
8647,5732993,"Leptoglossus neovexillatus Allen, 1969",20
8648,5733002,"Leptoglossus lonchoides Allen, 1969",18
8649,5733012,"Leptoglossus harpagon (Fabricius, 1775)",9
8650,5733529,"Pyragra paraguayensis Borelli, 1904",20
8651,5733536,"Cylindrogaster thoracicus Dohrn, 1862",6
8652,5736874,"Lema daturaphila Kogan & Goeden, 1970",60
8653,5781358,"Deroceras laeve (O.F.Müller, 1774)",20
8654,5786085,"Lagothrix lagothricha poeppigii Schinz, 1844",20
8655,5786456,"Mico argentatus (Linnaeus, 1771)",20
8656,5786462,"Mico melanurus (É.Geoffroy Saint-Hilaire, 1812)",20
8657,5786666,"Hydrochoerus hydrochaeris (Linnaeus, 1766)",20
8658,5788406,"Alipiopsitta xanthops (Spix, 1824)",20
8659,5788500,"Helicolestes hamatus (Temminck, 1821)",20
8660,5788513,"Spizaetus melanoleucus (Vieillot, 1816)",20
8661,5788555,"Chlorostilbon lucidus (Shaw, 1812)",20
8662,5788605,"Hylophylax punctulatus (Des Murs, 1856)",17
8663,5788641,"Hypocnemis flavescens P.L.Sclater, 1865",17
8664,5788642,"Hypocnemis ochrogyna Zimmer, 1932",15
8665,5788766,"Leistes superciliaris (Bonaparte, 1850)",20
8666,5788780,"Limnoctites rectirostris (Gould, 1839)",20
8667,5789069,"Eleoscytalopus indigoticus (Wied-Neuwied, 1831)",19
8668,5789093,"Knipolegus franciscanus E.Snethlage, 1928",16
8669,5789101,"Conopias parva (Pelzeln, 1868)",20
8670,5789110,"Zimmerius acer (Salvin & Godman, 1883)",20
8671,5789281,"Thalasseus maximus (Boddaert, 1783)",20
8672,5789285,"Sternula antillarum R.Lesson, 1847",20
8673,5789298,"Tringa semipalmata (J.F.Gmelin, 1789)",20
8674,5789359,"Selenidera piperivora (Linnaeus, 1758)",20
8675,5791664,"Argentagrion ambiguum (Ris, 1904)",20
8676,5792795,Aiouea acarodomatifera Kosterm.,14
8677,5823941,Palisada perforata (Bory) K.W.Nam,19
8678,5826431,Gomesa uniflora (Booth ex Lindl.) M.W.Chase & N.H.Williams,20
8679,5826433,Gomesa ciliata (Lindl.) M.W.Chase & N.H.Williams,19
8680,5826434,Gomesa varicosa (Lindl.) M.W.Chase & N.H.Williams,20
8681,5826442,Gomesa gardneri (Lindl.) M.W.Chase & N.H.Williams,17
8682,5826446,Gomesa lietzei (Regel) M.W.Chase & N.H.Williams,16
8683,5826450,Gomesa warmingii (Rchb.f.) M.W.Chase & N.H.Williams,20
8684,5826452,Gomesa hydrophila (Barb.Rodr.) M.W.Chase & N.H.Williams,14
8685,5826454,Gomesa ranifera (Lindl.) M.W.Chase & N.H.Williams,20
8686,5826455,Gomesa venusta (Drapiez) M.W.Chase & N.H.Williams,12
8687,5826459,Gomesa radicans (Rchb.f.) M.W.Chase & N.H.Williams,20
8688,5826461,Gomesa welteri (Pabst) M.W.Chase & N.H.Williams,20
8689,5826472,Gomesa flexuosa (G.Lodd.) M.W.Chase & N.H.Williams,20
8690,5826473,Gomesa cornigera (Lindl.) M.W.Chase & N.H.Williams,20
8691,5826476,Gomesa forbesii (Hook.) M.W.Chase & N.H.Williams,20
8692,5828197,Cenchrus americanus (L.) Morrone,20
8693,5828232,Cenchrus setaceus (Forssk.) Morrone,20
8694,5829935,"Clerodendrum thomsonae Balf., 1862",14
8695,5830619,Dolichandra unguis-cati (L.) L.G.Lohmann,20
8696,5831200,"Austroeupatorium inulaefolium (Kunth) R.M.King & H.Rob., 1970",9
8697,5832390,Diospyros capreifolia Mart. ex Hiern,19
8698,5832783,Libidibia ferrea (Mart. ex Tul.) L.P.Queiroz,20
8699,5834763,Henriettea martiusii (DC.) Naudin,16
8700,5841759,"Palythoa caribaeorum Duchassaing & Michelotti, 1860",20
8701,5844398,"Rupornis magnirostris (Gmelin, 1788)",20
8702,5846346,"Scytalopus diamantinensis Bornschein, Mauricio, Belmont-Lopes, Mata & Bonatto, 2007",20
8703,5851833,"Pterygoplichthys ambrosettii (Holmberg, 1893)",20
8704,5855350,"Limnoperna fortunei (Dunker, 1857)",20
8705,5856482,"Bostrycapulus odites Collin, 2005",20
8706,5856809,"Littoraria flava (P.P.King, 1832)",20
8707,5856875,"Echinolittorina lineolata (d'Orbigny, 1840)",20
8708,5857780,"Pomacea scalaris (d'Orbigny, 1835)",20
8709,5858940,"Meghimatium pictum (Stoliczka, 1873)",20
8710,5862859,"Emerita brasiliensis Schmitt, 1935",20
8711,5876131,"Helocassis flavorugosa (Boheman, 1855)",20
8712,5876208,"Arescus labiatus Perty, 1832",5
8713,5876213,"Charidotis furunculus (Boheman, 1855)",9
8714,5876277,"Charidotella zona (Fabricius, 1801)",20
8715,5881400,"Danaus erippus (Cramer, 1775)",20
8716,5882407,"Adelpha lycorias Godart, 1823",20
8717,5884258,"Mocis latipes Guenée, 1852",20
8718,5914287,Melia azedarach L.,20
8719,5925238,"Dione juno Cramer, 1779",20
8720,5928086,Jacquemontia martii Choisy,11
8721,5938165,Psychotria dusenii Standl.,13
8722,5938280,Eugenia hiemalis Cambess.,20
8723,5938521,Mouriri angustifolia Spruce ex Triana,14
8724,5938538,Mouriri pauciflora Spruce ex Cogn.,13
8725,5938539,Mouriri subumbellata Triana,17
8726,5938540,Mouriri arborea Gardner,19
8727,5938546,Chaetostoma scoparium Cogn.,12
8728,5938551,"Bellucia egensis (DC.) Penneys, Michelang., Judd & Almeda",20
8729,5938552,"Bellucia strigosa (Gleason) Penneys, Michelang., Judd & Almeda",16
8730,5938619,"Henriettea caudata (Gleason) Penneys, Michelang., Judd & Almeda",20
8731,5938627,"Henriettea steyermarkii (Wurdack) Penneys, Michelang., Judd & Almeda",15
8732,5938669,Miconia elaeodendron (DC.) Naudin,17
8733,5938713,Miconia castaneiflora Naudin,18
8734,5938932,Poeppigia procera (Poepp. ex Spreng.) C.Presl,20
8735,5943712,Bromus brachyantherus Döll,19
8736,5944833,Sorghastrum contractum (Hack.) M.Kuhlm. & Kuhn,17
8737,5945214,Ichnanthus dasycoleus Tutin,17
8738,5949850,Aechmea costantinii (Mez) L.B.Sm.,20
8739,5951115,Gomesa riograndensis (Cogn.) M.W.Chase & N.H.Williams,20
8740,5951131,Gomesa imperatoris-maximiliani (Rchb.f.) M.W.Chase & N.H.Williams,20
8741,5951135,Gomesa cuneata (Scheidw.) M.W.Chase & N.H.Williams,15
8742,5951177,Gomesa bifolia (Sims) M.W.Chase & N.H.Williams,20
8743,5951185,Gomesa microphyta (Barb.Rodr.) M.W.Chase & N.H.Williams,15
8744,5951511,Trichocentrum cepula (Hoffmanns.) J.M.H.Shaw,20
8745,5952234,Sobralia cardosoi Campacci & J.B.F.Silva,6
8746,5954717,Flaviporus brownii (Humb.) Donk,20
8747,5955393,Chlorophyllum hortense (Murrill) Vellinga,20
8748,5959196,"Cephalopterus ornatus E.Geoffroy Saint-Hilaire, 1809",20
8749,5959203,"Thamnophilus nigrocinereus P.L.Sclater, 1855",20
8750,5959204,"Thamnophilus punctatus (Shaw, 1809)",15
8751,5959205,"Thamnophilus torquatus Swainson, 1825",20
8752,5959210,"Thamnophilus palliatus (Lichtenstein, 1823)",20
8753,5959213,"Thamnophilus aethiops P.L.Sclater, 1858",11
8754,5959215,"Thamnophilus caerulescens Vieillot, 1816",20
8755,5959227,"Ara macao (Linnaeus, 1758)",20
8756,5959228,"Ara severus (Linnaeus, 1758)",20
8757,5959405,"Siphlophis compressus (Daudin, 1803)",20
8758,5959412,"Siphlophis cervinus (Laurenti, 1768)",20
8759,5959577,"Xenodon guentheri Boulenger, 1894",20
8760,5959581,"Xenodon rabdocephalus (Wied-Neuwied, 1824)",20
8761,5959593,"Xenodon neuwiedii Günther, 1863",20
8762,5959903,"Hemidactylus palaichthus Kluge, 1969",20
8763,5960799,"Teius oculatus (D'Orbigny & Bibron, 1837)",20
8764,5961314,"Trichogenes claviger de Pinna, Helmer, Britski & Nunes, 2010",20
8765,5970217,"Johngarthia lagostoma (H.Milne Edwards, 1837)",20
8766,5974781,"Armases rubripes (Rathbun, 1897)",20
8767,5974794,"Armases angustipes (Dana, 1852)",20
8768,5975278,"Acanthopus palmatus (Olivier, 1789)",20
8769,5977260,"Erynnis funeralis (Scudder & Burgess, 1870)",20
8770,5977358,"Pseudina albina Hampson, 1910",6
8771,5978146,"Metagonistylum minense Townsend, 1927",7
8772,5984029,"Pukuakanga salignea Baptista, Serrão & Da-Silva, 2010",6
8773,5984144,"Maxantonia lineola (Fabricius, 1803)",20
8774,5984150,"Maxantonia rubescens (Lallemand, 1949)",10
8775,5984168,"Maxantonia stabilis Nast, 1979",14
8776,5984195,"Deois mourei Cavichioli & Sakakibara, 1993",12
8777,5984204,"Deois coerulea (Lallemand, 1924)",20
8778,5984208,"Deois pseudoflavopicta (Lallemand, 1938)",14
8779,5984209,"Deois spinulata Costa & Sakakibara, 2002",20
8780,5987026,"Rutela histrio Sahlberg, 1823",20
8781,5989851,"Platycoelia pomacea Erichson, 1847",20
8782,5990259,"Pelidnota semiaurata Burmeister, 1844",20
8783,5990328,"Pelidnota cyanipes (Kirby, 1818)",20
8784,5990452,"Macraspis morio Burmeister, 1844",20
8785,5990456,"Macraspis festiva Burmeister, 1844",20
8786,5990522,"Macraspis clavata (Olivier, 1789)",20
8787,5991034,"Leucothyreus suturalis Castelnau, 1840",20
8788,5996769,"Phelypera schüppeli Boh., 1834",20
8789,6005493,"Lichenophanes plicatus (Guérin-Méneville, 1844)",20
8790,6014709,Tulostoma exasperatum Mont.,20
8791,6026297,Eryngium paniculatum Cav. & Dombey ex F.Delaroche,20
8792,6026530,Eryngium eriophorum Cham. & Schltdl.,20
8793,6026543,Eryngium elegans Cham. & Schltdl.,20
8794,6026870,Hydrocotyle fluminensis Vell.,20
8795,6026968,Hydrocotyle leucocephala Cham. & Schltdl.,20
8796,6027322,Eryngium stenophyllum Urb.,11
8797,6027358,Eryngium sanguisorba Cham. & Schltdl.,20
8798,6027408,Eryngium pristis Cham. & Schltdl.,20
8799,6040873,Rauia resinosa Nees & Mart.,20
8800,6040878,Rauia nodosa (Engl.) Kallunki,20
8801,6045891,Pera glabrata (Schott) Poepp. ex Baill.,20
8802,6045893,Pera distichophylla (Mart.) Baill.,19
8803,6046040,Chaetocarpus myrsinites Baill.,14
8804,6064623,Senecio crassiflorus (Poir.) DC.,20
8805,6065820,"Chroicocephalus cirrocephalus (Vieillot, 1818)",20
8806,6065823,"Chroicocephalus maculipennis (M.H.K.Lichtenstein, 1823)",20
8807,6065844,"Leucophaeus atricilla (Linnaeus, 1758)",20
8808,6067154,"Chauliognathus transversus Fender, 1964",20
8809,6069332,Capparidastrum frondosum (Jacq.) Cornejo & Iltis,20
8810,6070571,Dolichandra uncata (Andrews) L.G.Lohmann,20
8811,6085537,"Aratinga maculata (Müller & Pls, 1776)",15
8812,6086702,"Pygochelidon melanoleuca (M.Wied-Neuwied, 1820)",20
8813,6086929,"Automolus lammi J.T.Zimmer, 1947",18
8814,6088155,"Scytalopus petrophilus B.M.Whitney, Vasconcelos, Silveira & Pacheco, 2010",18
8815,6088519,"Asthenes moreirae (Miranda-Ribeiro, 1905)",20
8816,6089532,"Cantorchilus guarayanus (Orbigny & Lafresnaye, 1837)",18
8817,6091658,"Formicivora grantsaui Gonzaga, Carvalhaes & Buzzetti, 2007",20
8818,6093318,"Thamnophilus pelzelni Hellmayr, 1924",17
8819,6098843,"Ctenolepisma longicaudatum Escherich, 1905",20
8820,6100905,"Willisornis vidua (Hellmayr, 1905)",20
8821,6101180,"Antrostomus rufus (Boddaert, 1783)",19
8822,6109637,Cynodon dactylon (L.) Pers.,20
8823,6117485,"Eudocima apta (Walker, 1858)",20
8824,6158344,"Gymnodactylus darwinii (Gray, 1845)",20
8825,6205994,"Quadrus ulucida (Plötz, 1884)",20
8826,6221505,"Lemonias zygia Hübner, 1806",20
8827,6265125,"Pirangoclytus mniszechii (Chevrolat, 1862)",10
8828,6267323,"Itaclytus olivaceus (Castelnau & Gory, 1841)",9
8829,6270835,"Plagiometriona deyrollei (Boheman, 1855)",5
8830,6270840,"Plagiometriona ludicra (Boheman, 1855)",8
8831,6270886,"Plagiometriona stillata (Boheman, 1855)",6
8832,6270900,"Plagiometriona microcera (Boheman, 1855)",20
8833,6270901,"Plagiometriona vigens (Boheman, 1855)",11
8834,6270924,"Microctenochira brasiliensis Swietojanska & Borowiec, 1999",20
8835,6270978,"Microctenochira quadrata (De Geer, 1775)",20
8836,6270988,"Microctenochira difficilis (Boheman, 1855)",14
8837,6271015,"Calyptocephala nigricornis (Germar, 1824)",20
8838,6271523,"Agroiconota punctipennis (Boheman, 1855)",13
8839,6271524,"Agroiconota stupidula (Boheman, 1855)",15
8840,6271528,"Agroiconota tristriata (Fabricius, 1792)",20
8841,6271573,"Cyrtonota sexpustulata (Fabricius, 1781)",20
8842,6271583,"Cyrtonota cyanea (Linnaeus, 1758)",18
8843,6271596,"Cyrtonota dimidiata (Boheman, 1850)",7
8844,6271597,"Cyrtonota thalassina (Boheman, 1850)",20
8845,6271617,"Canistra rubiginosa (Guérin-Méneville, 1844)",20
8846,6271862,"Cyclosoma strigata (Panzer, 1798)",6
8847,6272095,"Charidotella rubicunda (Guérin-Méneville, 1844)",20
8848,6272186,"Polychalca aerea (Boheman, 1850)",20
8849,6272188,"Polychalca punctatissima (Wolf, 1818)",20
8850,6272196,"Polychalca platynota (Germar, 1824)",19
8851,6272241,"Stolas imparilis (Boheman, 1862)",19
8852,6272244,"Stolas areolata (Germar, 1824)",14
8853,6272272,"Stolas sexsignata (Boheman, 1850)",10
8854,6272276,"Stolas lineaticollis (Boheman, 1850)",15
8855,6272308,"Stolas discoides (Linnaeus, 1758)",20
8856,6272334,"Stolas schaumi (Boheman, 1850)",15
8857,6272354,"Stolas antiqua (Sahlberg, 1823)",20
8858,6272364,"Stolas lacordairei (Boheman, 1850)",20
8859,6272399,"Stolas decemguttata (Sturm, 1828)",15
8860,6272448,"Chlamydocassis cribripennis (Boheman, 1850)",6
8861,6272468,"Dorynota bidens (Fabricius, 1781)",12
8862,6272476,"Dorynota pugionata (Germar, 1824)",20
8863,6272493,"Dorynota monoceros (Germar, 1824)",20
8864,6272933,"Deloyala cruciata (Linnaeus, 1758)",20
8865,6273086,"Echoma clypeata (Panzer, 1798)",20
8866,6273169,"Sceloenopla pretiosa (Baly, 1858)",13
8867,6273274,"Sceloenopla bidens (Fabricius, 1792)",20
8868,6273303,"Sceloenopla maculata (Olivier, 1792)",20
8869,6273426,"Chalepus aurantiacicollis Pic, 1931",14
8870,6273443,"Chalepus cincticollis Weise, 1905",11
8871,6273459,"Chalepus notula (Chapuis, 1877)",20
8872,6273505,"Chalepus flaveolus (Chapuis, 1877)",17
8873,6273555,"Oxychalepus anchora (Chapuis, 1877)",18
8874,6273726,"Probaenia luteonotata Pic, 1927",7
8875,6273848,"Paraselenis flava (Linnaeus, 1758)",20
8876,6273859,"Paraselenis dichroa (Germar, 1824)",20
8877,6273872,"Paraselenis solieri (Boheman, 1854)",17
8878,6274041,"Anacassis dubia (Boheman, 1854)",11
8879,6274045,"Anacassis cribrum (Klug, 1829)",20
8880,6274047,"Anacassis fuscata (Klug, 1829)",20
8881,6274121,"Mesomphalia sublaevis Boheman, 1850",7
8882,6274165,"Cteisella confusa (Boheman, 1855)",20
8883,6274169,"Cteisella ramosa Spaeth, 1926",20
8884,6274181,"Helocassis incurva (Boheman, 1855)",5
8885,6274199,"Syngambria andreae (Boheman, 1855)",5
8886,6274207,"Mecistomela marginata (Thunberg, 1821)",20
8887,6274292,"Coraliomela aeneoplagiata (Lucas, 1857)",20
8888,6274294,"Coraliomela brunnea (Thunberg, 1821)",20
8889,6274436,"Bradycassis romani (Spaeth, 1931)",20
8890,6274446,"Gratiana spadicea (Klug, 1829)",20
8891,6274449,"Gratiana graminea (Klug, 1829)",7
8892,6274712,"Botanochara tesselata (Burmeister, 1870)",20
8893,6275020,"Chelymorpha marginata (Linnaeus, 1758)",20
8894,6275023,"Chelymorpha clathrata Spaeth, 1909",10
8895,6275026,"Chelymorpha cingulata Boheman, 1854",18
8896,6275209,"Cistudinella obducta (Boheman, 1854)",20
8897,6275274,"Stethispa rudgeana Uhmann, 1938",7
8898,6275288,"Octuroplata octopustulata (Baly, 1864)",8
8899,6275323,"Charidotis gemellata Boheman, 1855",20
8900,6275349,"Charidotis annularis (Boheman, 1855)",5
8901,6275371,"Charidotis mansueta (Boheman, 1855)",7
8902,6275382,"Charidotis concentrica (Boheman, 1855)",12
8903,6275410,"Charidotis consentanea (Boheman, 1855)",5
8904,6276168,"Coptocycla atriceps (Boheman, 1855)",5
8905,6276170,"Coptocycla contemta (Boheman, 1855)",20
8906,6276181,"Coptocycla conspicillata Boheman, 1855",7
8907,6276195,"Coptocycla stigma (Germar, 1824)",20
8908,6276200,"Coptocycla aurifera Boheman, 1855",5
8909,6276201,"Coptocycla undecimpunctata (Fabricius, 1781)",20
8910,6276246,"Xenochalepus trilineatus (Chapuis, 1877)",5
8911,6277011,"Acromis spinifex (Linnaeus, 1763)",20
8912,6277127,"Spaethiella submetallica (Spaeth, 1928)",20
8913,6281966,"Lagochile emarginata (Gyllenhal, 1817)",20
8914,6282031,"Lagochile bipunctata (MacLeay, 1819)",6
8915,6284372,"Porcellio dilatatus Brandt, 1831",20
8916,6306304,Myrcia cerqueiria (Nied.) E.Lucas & Sobral,20
8917,6306308,Myrcia aurea NicLugh.,14
8918,6306538,Siphoneugena crassifolia (DC.) Proença & Sobral,19
8919,6311814,Eleocharis endounifascis Hinchliff & Roalson,20
8920,6312023,Comanthera xeranthemoides (Bong.) L.R.Parra & Giul.,14
8921,6312050,Comanthera bisulcata (Körn.) L.R.Parra & Giul.,17
8922,6312054,Comanthera rupprechtiana (Körn.) L.R.Parra & Giul.,6
8923,6312055,Comanthera nivea (Bong.) L.R.Parra & Giul.,20
8924,6314830,Pleurothallis ramphastorhyncha (Barb.Rodr.) Cogn.,16
8925,6316907,Syagrus deflexa Noblick & Lorenzi,20
8926,6316936,Butia catarinensis Noblick & Lorenzi,20
8927,6317084,Lejeunea caespitosa Lindenb.,20
8928,6365076,Columnea sanguinea (Pers.) Hanst.,19
8929,6365200,Nematanthus crassifolius (Schott) Wiehler,20
8930,6365221,Kohleria amabilis (Planch. & Linden) Fritsch,20
8931,6365557,Columnea calotricha Donn.Sm.,20
8932,6365857,Vanhouttea gardneri (Hook.) Fritsch,20
8933,6365864,Vanhouttea calcarata Lem.,20
8934,6376506,Libidibia sclerocarpa (Standl.) Britton & Rose,40
8935,6378623,Opuntia dillenii (Ker Gawl.) Haw.,20
8936,6402571,Brunfelsia pauciflora (Cham. & Schltdl.) Benth.,20
8937,6402729,Physalis pruinosa L.,20
8938,6410563,Leonurus japonicus Houtt.,20
8939,6429668,Blutaparon portulacoides (A.St.-Hil.) Mears,20
8940,6431411,Echinochloa colonum (L.) Link,20
8941,6441622,Kalanchoe crenata (Andrews) Haw.,20
8942,6445734,Cyanthillium cinereum (L.) H.Rob.,20
8943,6473108,"Palythoa grandiflora (Verrill, 1900)",20
8944,6476961,"Endeavouria septemlineata (Hyman, 1939)",20
8945,6477221,"Issoca rezendei (Schirch, 1929)",20
8946,6477250,"Geoplana pulchella Müller, 1856",7
8947,6477282,"Choeradoplana catua Froehlich, 1954",20
8948,6479033,"Enchiridium evelinae Marcus, 1949",12
8949,6488062,"Semicassis granulata (Born, 1778)",20
8950,6498709,"Turbinella laevigata Anton, 1838",20
8951,6501899,"Olivancillaria auricularia (Lamarck, 1811)",20
8952,6503264,"Nassarius foveolatus (Dunker, 1847)",17
8953,6503607,"Buccinanops cochlidium (Dillwyn, 1817)",20
8954,6503919,"Gemophos auritulus (Link, 1807)",20
8955,6516399,"Siphonaria hispida Hubendick, 1946",20
8956,6518450,"Melampus coffea (Linnaeus, 1758)",20
8957,6521230,"Lottia subrugosa (d'Orbigny, 1841)",20
8958,6523997,"Tivela dentaria (Lamarck, 1818)",20
8959,6524013,"Tivela fulminata (Bory de Saint-Vincent, 1827)",16
8960,6524583,"Leukoma pectorina (Lamarck, 1818)",10
8961,6525552,"Dosinia concentrica (Born, 1778)",20
8962,6526536,"Spisula isabelleana (d'Orbigny, 1846)",20
8963,6526678,"Amarilladesma mactroides (Reeve, 1854)",20
8964,6527913,"Eurytellina punicea (Born, 1778)",19
8965,6529292,"Sheldonella bisulcata (Lamarck, 1819)",20
8966,6531618,"Mytilaster solisianus (d'Orbigny, 1842)",20
8967,6543609,"Zicca consobrina Stål, 1860",6
8968,6544060,"Apotetamenus clipeatus Brunner von Wattenwyl, 1888",20
8969,6544122,"Ronderosia bergii (Stål, 1878)",20
8970,6634,Momordica charantia L.,20
8971,6686267,Melochia tomentosa L.,20
8972,6710599,Bignonia corymbosa (Vent.) L.G.Lohmann,20
8973,6717867,"Runcinioides litteratus (Piza, 1933)",20
8974,6718377,"Guyruita cerrado Guadanucci, Lucas, Indicatti & Yamamoto, 2007",20
8975,6718878,"Acacesia tenella (L.Koch, 1871)",20
8976,6725734,"Coptopteryx argentina Burmeister, 1864",20
8977,6749871,Microlicia hirticalyx R.Romero & Woodgyer,18
8978,6749947,Cambessedesia uncinata Fidanza & Almeda,5
8979,6757732,"Cacoscelis Chevrolat, 1836",20
8980,6757742,"Stilodes Chevrolat, 1843",20
8981,6757757,"Exora obsoleta Fabricius, 1801",20
8982,6785023,Phacus acuminatus A.Stokes,20
8983,6788155,"Felimare lajensis (Troncoso, F.J.García & Urgorri, 1998)",9
8984,6892485,"Brotheas amazonicus Lourenço, 1988",20
8985,6893549,"Ananteris dekeyseri Lourenço, 1982",10
8986,6893551,"Ananteris balzanii Thorell, 1891",19
8987,6893786,"Tityus bahiensis (Perty, 1833)",20
8988,6893850,"Tityus fasciolatus Pessoa, 1935",20
8989,6893860,"Tityus serrulatus Lutz & Mello, 1922",20
8990,6893869,"Tityus costatus (Karsch, 1879)",20
8991,6893883,"Tityus confluens Borelli, 1899",20
8992,6893914,"Tityus metuendus Pocock, 1897",20
8993,6893928,"Tityus mattogrossensis Borelli, 1901",20
8994,6893929,"Tityus raquelae Lourenço, 1988",9
8995,6893934,"Tityus brazilae Lourenço & Eickstedt, 1984",20
8996,6894537,"Bothriurus vachoni San Martin, 1968",11
8997,6894543,"Bothriurus bonariensis (C.L.Koch, 1842)",20
8998,6894573,"Bothriurus asper Pocock, 1893",20
8999,6903366,"Camarana flavipalpi Soares, 1945",20
9000,6903620,"Neoancistrotus guapimirim (Soares & Soares, 1946)",19
9001,6903689,"Ampheres leucopheus (Mello-Leitão, 1922)",14
9002,6903718,"Gonyleptes gonyleptoides (Soares & Soares, 1945)",20
9003,6903720,"Gonyleptes fragilis Mello-Leitão, 1923",20
9004,6903736,"Gonyleptes curticornis (Mello-Leitão, 1940)",20
9005,6903823,"Promitobates difficilis (Mello-Leitão, 1931)",6
9006,6903876,"Acutisoma longipes Roewer, 1913",20
9007,6903907,"Metarthrodes nigrigranulatus Roewer, 1913",15
9008,6903912,"Caelopygus laetabundus Sørensen, 1884",5
9009,6903949,"Tupacarana marmorata Mello-Leitão, 1939",20
9010,6904020,"Proctobunoides tuberosus Mello-Leitão, 1944",20
9011,6904021,"Ubatubesia rabelloi (Soares & Soares, 1954)",20
9012,6904025,"Ubatubesia amplicoxae Pinto-da-Rocha, 2000",20
9013,6904032,"Ogloblinia argenteopilosa (Mello-Leitão, 1935)",20
9014,6904079,"Parapachyloides uncinatus (Sørensen, 1879)",20
9015,6904119,"Heliella singularis Soares, 1945",20
9016,6904219,"Iguapeia melanocephala Mello-Leitão, 1935",19
9017,6904270,"Caelopygus melanocephalus Koch, 1839",20
9018,6904283,"Graphinotus magnificus (Roewer, 1943)",6
9019,6904286,"Graphinotus ornatus Koch, 1839",8
9020,6904292,"Planiphalangodus robustus Roewer, 1929",20
9021,6904308,"Mischonyx squalidus Bertkau, 1880",20
9022,6904385,"Goniosoma roridum Perty, 1833",20
9023,6904422,"Progonyleptoidellus striatus (Roewer, 1913)",20
9024,6904613,"Iporangaia pustulosa Mello-Leitão, 1935",9
9025,6904715,"Roeweria bittencourti Mello-Leitão, 1923",20
9026,6904789,"Discocyrtanus goyazius Roewer, 1929",14
9027,6904831,"Discocyrtus moraesianus Mello-Leitão, 1923",10
9028,6906724,"Cynortellana pulchra Mello-Leitão, 1928",18
9029,6907061,"Flirtea picta (Perty, 1833)",10
9030,6907158,"Cosmetus delicatus (Soares & Soares, 1946)",13
9031,6907565,"Eupoecilaema megaypsilon Piza, 1938",20
9032,6907674,"Gryne leprosa Sørensen, 1932",20
9033,6908258,"Stygnus polyacanthus (Mello-Leitão, 1923)",20
9034,6908268,"Stygnus luteus (Mello-Leitão, 1931)",20
9035,6909223,"Prionostemma luteoscutum Roewer, 1910",20
9036,6909895,"Jussara luteovariata (Mello-Leitão, 1932)",20
9037,6909899,"Jussara rosea (Mello-Leitão, 1940)",20
9038,6950381,"Pygiopachymerus lineola (Chevrolat, 1871)",20
9039,6957704,"Leptinopterus femoratus (Olivier, 1789)",20
9040,6977426,"Chalcolepidius zonatus Eschscholtz, 1829",20
9041,6982028,Semiotus intermedius,20
9042,6990714,"Cratomorphus splendidus (Drury, 1782)",5
9043,6993536,"Azya luteipes Mulsant, 1850",20
9044,6993734,"Zagreus bimaculosus (Mulsant, 1850)",20
9045,6998883,"Corynomalus vestitus (Voet, 1798)",20
9046,7003884,"Enhydrus sulcatus (Wiedemann, 1821) Wiedemann, 1821",6
9047,7005343,"Agathomerus signatus (Klug, 1824)",20
9048,7005350,"Agathomerus sellatus (Germar, 1824)",20
9049,7008894,"Theope Moore, 1857",20
9050,7126767,Platycerium bifurcatum (Cav.) C.Chr.,20
9051,7152132,Passiflora tripartita (Juss.) Poir.,20
9052,7156971,Oxalis triangularis A.St.-Hil.,20
9053,7160028,Christella dentata (Forssk.) Brownsey & Jermy,20
9054,7167078,Bougainvillea spectabilis Willd.,20
9055,7193431,"Atlantirivulus santensis (Köhler, 1906)",11
9056,7246716,Cladonia macilenta Hoffm.,20
9057,7256246,"Ophiocordyceps lloydii (H.S.Fawc.) G.H.Sung, J.M.Sung, Hywel-Jones & Spatafora",20
9058,7257265,Xylaria telfairii (Berk.) Sacc.,20
9059,7262055,"Alouatta guariba clamitans Cabrera, 1940",20
9060,7262385,Dorstenia urceolata Schott,20
9061,7262433,Brosimum gaudichaudii Trécul,20
9062,7262682,Dorstenia cayapia subsp. cayapia,20
9063,7262704,Dorstenia brasiliensis Lam.,20
9064,7262734,Dorstenia asaroides Gardner,17
9065,7262742,Dorstenia arifolia Lam.,20
9066,7262758,Ficus eximia Schott,14
9067,7262841,Clarisia ilicifolia (Spreng.) Lanj. & Rossberg,20
9068,7263429,Stenandrium pohlii Nees,20
9069,7263596,Justicia aequilabris (Nees) Lindau,20
9070,7263987,Aphelandra squarrosa Nees,20
9071,7264058,Aphelandra prismatica (Vell.) Hiern,20
9072,7264303,Aphelandra chamissoniana Nees,20
9073,7264396,Herpetacanthus longiflorus Moric.,19
9074,7264535,Siparuna guianensis Aubl.,20
9075,7264773,Serjania reticulata Cambess.,20
9076,7264825,Allophylus petiolulatus Radlk.,20
9077,7264850,Serjania meridionalis Cambess.,20
9078,7264880,Urvillea laevis Radlk.,20
9079,7264929,Allophylus guaraniticus (A.St.-Hil.) Radlk.,20
9080,7265010,Serjania communis Cambess.,20
9081,7265025,Serjania caracasana (Jacq.) Willd.,18
9082,7265380,Sticherus paulistanus (Rosenst.) Copel.,12
9083,7265936,Lindsaea virescens Sw.,16
9084,7266229,Mimosa pseudoradula Glaz. ex Barneby,17
9085,7268633,Odontocarya tamoides (DC.) Miers,20
9086,7268638,Cissampelos ovalifolia DC.,20
9087,7268717,Cissampelos glaberrima A.St.-Hil.,19
9088,7268779,Cissampelos sympodialis Eichler,19
9089,7269215,Galipea jasminiflora (A.St.-Hil.) Engl.,20
9090,7269222,Zanthoxylum rhoifolium Lam.,20
9091,7269470,Pilocarpus spicatus A.St.-Hil.,18
9092,7269513,Pilocarpus pennatifolius Lem.,20
9093,7269604,Metrodorea nigra A.St.-Hil.,20
9094,7269616,Esenbeckia pumila Pohl,20
9095,7269624,Esenbeckia pilocarpoides Kunth,18
9096,7269968,Schultesia guianensis (Aubl.) Malme,20
9097,7270084,Calolisianthus pedunculatus (Cham. & Schltdl.) Gilg,20
9098,7270431,Voyria corymbosa Splitg.,20
9099,7270590,Deianira nervosa Cham. & Schltdl.,20
9100,7271255,Trichilia lepidota Mart.,20
9101,7271401,Trichilia catigua A.Juss.,20
9102,7271413,Trichilia quadrijuga Kunth,20
9103,7271430,Trichilia pseudostipularis (A.Juss.) C.DC.,20
9104,7272837,Siphanthera arenaria (DC.) Cogn.,20
9105,7272917,Acisanthera variabilis Triana,18
9106,7272967,Rhynchanthera gardneri Naudin,17
9107,7272969,Rhynchanthera cordata DC.,20
9108,7273204,Chaetogastra ciliaris (Vent.) DC.,40
9109,7274018,Frangula polymorpha Reissek,14
9110,7274518,Acicarpha spathulata R.Br.,20
9111,7275099,Desmodium pachyrhizum Vogel,20
9112,7275886,Norantea guianensis Aubl.,20
9113,7276108,Emblica Gaertn.,17
9114,7276490,Danaea moritziana C.Presl,14
9115,7277032,Clematis campestris A.St.-Hil.,20
9116,7277904,Ranunculus flagelliformis Sm.,20
9117,7278600,Escallonia megapotamica Spreng.,20
9118,7278630,Escallonia farinacea A.St.-Hil.,19
9119,7279047,Pavonia viscosa A.St.-Hil.,20
9120,7279161,Pavonia sepium A.St.-Hil.,20
9121,7279301,Sida hassleri Hochr.,20
9122,7279394,Pavonia macrostyla Gürke,7
9123,7279507,Pavonia grandiflora A.St.-Hil.,20
9124,7279669,Sida viarum A.St.-Hil.,20
9125,7279936,Lepismium houlletianum (Lem.) Barthlott,20
9126,7279966,Lepismium cruciforme (Vell.) Miq.,20
9127,7280199,Melocactus violaceus Pfeiff.,20
9128,7280204,Schlumbergera microsphaerica (Britton & Rose) Hovel.,20
9129,7280550,Coleocephalocereus fluminensis (Miq.) Backeb.,40
9130,7280684,Rhipsalis puniceodiscus G.Lindb.,20
9131,7280748,Rhipsalis pachyptera Pfeiff.,20
9132,7280769,Rhipsalis neves-armondii K.Schum.,20
9133,7280906,Hatiora salicornioides Britton & Rose,20
9134,7280938,Rhipsalis grandiflora Haw.,20
9135,7280983,Melocactus concinnus Buining & Brederoo,20
9136,7280991,Rhipsalis floccosa Salm-Dyck ex Pfeiff.,20
9137,7281035,Rhipsalis elliptica G.Lindb. ex K.Schum.,20
9138,7281049,Rhipsalis dissimilis (G.Lindb.) K.Schum.,20
9139,7281086,Melocactus bahiensis subsp. amethystinus (Buining & Brederoo) N.P.Taylor,20
9140,7281113,Rhipsalis clavata F.A.C.Weber,20
9141,7281591,Uebelmannia pectinifera subsp. pectinifera,20
9142,7281797,Facheiroa squamosa (Gürke) P.J.Braun & Esteves,40
9143,7282182,Cereus jamacaru DC.,20
9144,7282658,"Arthrocereus melanurus (K.Schum.) Diers, P.J.Braun & Esteves",20
9145,7282711,Cereus fernambucensis Lem.,20
9146,7282760,Arrojadoa eriocaulis Buining & Brederoo,12
9147,7283196,Gymnocalycium denudatum (Link & Otto) Pfeiff. ex Mittler,20
9148,7283892,Praecereus euchlorus (F.A.C.Weber) N.P.Taylor,20
9149,7284033,Tacinga saxatilis (F.Ritter) N.P.Taylor & Stuppy,20
9150,7284042,Tacinga inamoena (K.Schum.) N.P.Taylor & Stuppy,20
9151,7284066,Frailea gracillima (Lem.) Britton & Rose,20
9152,7284287,Pilosocereus chrysostele subsp. cearensis P.J.Braun & Esteves,20
9153,7284308,Pilosocereus pentaedrophorus (Labour.) Byles & G.D.Rowley,20
9154,7284328,Pilosocereus pachycladus F.Ritter,20
9155,7284372,Pilosocereus machrisii (E.Y.Dawson) Backeb.,20
9156,7284441,Pilosocereus fulvilanatus (Buining & Brederoo) F.Ritter,20
9157,7284449,Pilosocereus floccosus subsp. quadricostatus (F.Ritter) Zappi,20
9158,7284475,Coleocephalocereus pluricostatus Buining & Brederoo,20
9159,7284499,Pilosocereus catingicola subsp. salvadorensis (Werderm.) Zappi,20
9160,7284518,Coleocephalocereus buxbaumianus subsp. buxbaumianus,20
9161,7284534,Pilosocereus brasiliensis (Britton & Rose) Backeb.,20
9162,7284806,Erythroxylum argentinum O.E.Schulz,20
9163,7284809,Erythroxylum citrifolium A.St.-Hil.,20
9164,7284839,Erythroxylum campestre A.St.-Hil.,20
9165,7284845,Erythroxylum deciduum A.St.-Hil.,20
9166,7284874,Erythroxylum squamatum Sw.,18
9167,7284878,Erythroxylum mucronatum Benth.,17
9168,7284880,Erythroxylum cuneifolium (Mart.) O.E.Schulz,20
9169,7284890,Erythroxylum passerinum Mart.,11
9170,7284918,Heteropterys pteropetala A.Juss.,20
9171,7285002,Mascagnia sepium (A.Juss.) Griseb.,18
9172,7285046,Dicella bracteosa (A.Juss.) Griseb.,15
9173,7285048,Burdachia prismatocarpa Mart. ex A.Juss.,20
9174,7285080,Heteropterys macrostachya A.Juss.,18
9175,7285109,Heteropterys leschenaultiana A.Juss.,20
9176,7285123,Janusia guaranitica (A.St.-Hil.) A.Juss.,20
9177,7285310,Bunchosia armeniaca (Cav.) DC.,20
9178,7285320,Heteropterys campestris A.Juss.,20
9179,7285345,Heteropterys bicolor A.Juss.,20
9180,7285362,Byrsonima variabilis A.Juss.,20
9181,7285388,Spachea elegans (G.Mey.) A.Juss.,20
9182,7285418,Byrsonima sericea DC.,20
9183,7285450,Tetrapterys phlomoides (Spreng.) Nied.,20
9184,7285474,Tetrapterys mucronata Cav.,17
9185,7285480,Hiraea cuneata Griseb.,20
9186,7285610,Byrsonima laxiflora Griseb.,18
9187,7285641,Byrsonima intermedia A.Juss.,20
9188,7285646,Peixotoa parviflora A.Juss.,16
9189,7285669,Byrsonima guilleminiana A.Juss.,20
9190,7285687,Heteropterys trichanthera A.Juss.,16
9191,7285712,Galphimia brasiliensis (L.) A.Juss.,11
9192,7286034,Cuphea lutescens Pohl ex Koehne,20
9193,7286044,Cuphea campestris Mart. ex Koehne,20
9194,7286050,Cuphea calophylla Cham. & Schltdl.,20
9195,7286077,Cuphea pulchra var. pulchra,20
9196,7286107,Physocalymma scaberrimum Pohl,20
9197,7286112,Adenaria floribunda Kunth,20
9198,7286122,Cuphea linifolia (A.St.-Hil.) Koehne,19
9199,7286160,Cuphea ericoides Cham. & Schltdl.,20
9200,7286181,Cuphea ingrata Cham. & Schltdl.,20
9201,7286218,Diplusodon oblongus Pohl,20
9202,7286393,Cuphea urbaniana Koehne,20
9203,7286738,Protium aracouchini (Aubl.) Marchand,20
9204,7286785,Protium heptaphyllum (Aubl.) Marchand,20
9205,7286899,Protium neglectum Swart,19
9206,7287870,Psittacanthus cordatus (Hoffmanns. ex Schult. & Schult.fil.) G.Don,20
9207,7288042,Struthanthus marginatus (Desr.) G.Don,20
9208,7288124,Psittacanthus peronopetalus Eichler,13
9209,7288269,Buddleja elegans Cham. & Schltdl.,20
9210,7288296,Buddleja thyrsoides Lam.,20
9211,7288316,Vochysia tucanorum Mart.,20
9212,7288318,Vochysia acuminata Bong.,16
9213,7288320,Qualea cryptantha (Spreng.) Warm.,20
9214,7288325,Vochysia rufa Mart.,20
9215,7288369,Vochysia haenkeana Mart.,20
9216,7288382,Qualea selloi Warm.,14
9217,7288410,Drimys brasiliensis Miers,20
9218,7288630,Elaphoglossum macrophyllum (Klotzsch) Christ,14
9219,7288664,Elaphoglossum lineare (Fée) T.Moore,12
9220,7288666,Elaphoglossum lindenii (Bory ex Fée) T.Moore,15
9221,7288673,Elaphoglossum plumosum (Fée) T.Moore,17
9222,7288694,Elaphoglossum scolopendrifolium (Raddi) J.Sm.,17
9223,7288738,Elaphoglossum eximium (Mett.) Christ,18
9224,7289298,Antonia ovata Pohl,20
9225,7289314,Spigelia blanchetiana A.DC.,16
9226,7289323,Spigelia scabra Cham. & Schltdl.,19
9227,7289399,Strychnos pseudoquina A.St.-Hil.,20
9228,7289429,Spigelia flemmingiana Cham. & Schltdl.,18
9229,7289469,Billbergia distachia (Vell.) Mez,20
9230,7289960,Campyloneurum decurrens (Raddi) C.Presl,16
9231,7290349,Pleopeltis macrocarpa (Bory ex Willd.) Kaulf.,20
9232,7291285,Coccoloba cordata Cham.,19
9233,7291722,Coccoloba parimensis Benth.,6
9234,7293193,Linum littorale var. oblongifolium (Urb.) C.M.Rogers,18
9235,7293316,Securidaca rivinifolia A.St.-Hil.,20
9236,7293385,Bredemeyera laurifolia (A.St.-Hil. & Moq.) Klotzsch ex A.W.Benn.,17
9237,7293777,Clematicissus opaca (F.Muell.) Jackes & Rossetto,20
9238,7293878,Cissus sulcicaulis (Baker) Planch.,20
9239,7294715,Cordia superba Cham.,20
9240,7295069,Cordia nodosa Lam.,20
9241,7295313,Cordia insignis Cham.,20
9242,7296185,Eriotheca macrophylla (K.Schum.) A.Robyns,20
9243,7296196,Pachira gracilis (A.Robyns) W.S.Alverson,17
9244,7296332,Viola cerasifolia A.St.-Hil.,20
9245,7296760,Blechnum asplenioides Sw.,20
9246,7296844,Blechnum gracile Kaulf.,19
9247,7296866,Blechnum chilense (Kaulf.) Mett.,20
9248,7297077,Stachytarpheta glabra Cham.,20
9249,7297094,Stachytarpheta gesnerioides Cham.,19
9250,7297141,Lippia rotundifolia Cham.,20
9251,7297173,Lantana salzmannii Schauer,15
9252,7297175,Stachytarpheta crassifolia Schrad.,20
9253,7297208,Aloysia virgata (Ruiz & Pav.) Juss.,20
9254,7297353,Lippia origanoides Kunth,20
9255,7297401,Stachytarpheta villosa (Pohl) Cham.,17
9256,7297553,Casselia confertiflora var. laciniata (Moldenke) Moldenke,14
9257,7297574,Stachytarpheta radlkoferiana Mansf.,19
9258,7297656,Lippia lacunosa Mart. & Schauer,20
9259,7297701,Duranta vestita Cham.,18
9260,7297719,Citharexylum myrianthum Cham.,20
9261,7297959,Utricularia neottioides A.St.-Hil. & Girard,20
9262,7298276,Adenocalymma trifoliatum (Vell.) R.C.Laroche,20
9263,7298320,Dolichandra cynanchoides Cham.,20
9264,7298376,Stizophyllum perforatum (Cham.) Miers,20
9265,7298413,Lundia longa (Vell.) DC.,20
9266,7298495,Xylophragma myrianthum (Cham.) Sprague,20
9267,7298533,Adenocalymma comosum (Cham.) DC.,18
9268,7298558,Adenocalymma bracteatum (Cham.) DC.,20
9269,7298658,Anemopaegma album Mart. ex DC.,11
9270,7298689,Cybistax antisyphilitica (Mart.) Mart.,20
9271,7298716,Pandorea jasminoides (Lindl.) Schumann,20
9272,7299159,Cestrum corymbosum Schltdl.,20
9273,7299427,Nierembergia linariifolia Graham,20
9274,7299476,Capsicum flexuosum Sendtn.,20
9275,7299661,Brunfelsia hydrangeiformis (Pohl) Benth.,20
9276,7299745,Nicotiana bonariensis Lehm.,20
9277,7299852,Cestrum subpulverulentum Mart.,19
9278,7300663,Urera aurantiaca Wedd.,20
9279,7302952,Plantago catharinea Decne.,20
9280,7303229,Begonia herbacea Vell.,20
9281,7303271,Begonia digitata Raddi,20
9282,7303356,Begonia platanifolia Schott,13
9283,7303361,Begonia valdensium A.DC.,20
9284,7303416,Begonia fruticosa (Klotzsch) A.DC.,20
9285,7303446,Begonia dimidiata Vell.,20
9286,7303473,Begonia tomentosa Schott,15
9287,7303475,Begonia maculata Raddi,20
9288,7303483,Begonia fischeri Schrank,20
9289,7303499,Begonia angularis Raddi,20
9290,7303536,Begonia luxurians Scheidw.,20
9291,7303561,Celtis spinosa Spreng.,20
9292,7303701,Turnera blanchetiana Urb.,19
9293,7303716,Turnera melochioides Cambess.,20
9294,7303718,Turnera bahiensis Urb.,14
9295,7303751,"Piriqueta sidifolia (A.St.-Hil., Juss. & Cambess.) Urb.",17
9296,7303933,Doliocarpus dentatus (Aubl.) Standl.,20
9297,7303996,Davilla rugosa Poir.,20
9298,7304043,Davilla elliptica A.St.-Hil.,20
9299,7304142,Ocotea puberula (Rich.) Nees,20
9300,7304186,Nectandra lanceolata Nees & Mart. ex Nees,20
9301,7304229,Nectandra grandiflora Nees & Mart. ex Nees,19
9302,7304294,Nectandra cuspidata Nees & Mart. ex Nees,20
9303,7304589,Ocotea glomerata (Nees) Mez,16
9304,7304649,Nectandra rigida (Kunth) Nees,18
9305,7304744,Nectandra nitidula Nees & Mart. ex Nees,17
9306,7304889,Peperomia glazioui C.DC.,20
9307,7305008,Piper mikanianum (Kunth) Steud.,20
9308,7305010,Peperomia choroniana C.DC.,20
9309,7305131,Piper rivinoides Kunth,19
9310,7305247,Peperomia lyman-smithii Yunck.,20
9311,7305472,Piper macedoi Yunck.,18
9312,7305490,Piper ovatum Vahl,14
9313,7305531,Piper vicosanum Yunck.,20
9314,7305541,Piper pubisubmarginalum Yunck.,13
9315,7305588,Piper solmsianum C.DC.,20
9316,7305720,Peperomia arifolia Miq.,20
9317,7305730,Peperomia rubricaulis (Nees) A.Dietr.,20
9318,7305747,Piper crassinervium Kunth,20
9319,7305762,Piper setebarraense E.F.Guim. & L.H.P.Costa,19
9320,7305782,Piper bartlingianum (Miq.) C.DC.,20
9321,7305990,Piper augustum Rudge,20
9322,7306817,Salvia arenaria A.St.-Hil. ex Benth.,20
9323,7307595,Aegiphila vitelliniflora Walp.,16
9324,7308647,Eriope macrostachya Mart. ex Benth.,18
9325,7308893,Hyptis sinuata Pohl ex Benth.,20
9326,7309398,Vitex megapotamica (Spreng.) Moldenke,20
9327,7309596,Vitex cymosa Bertero ex Spreng.,20
9328,7309625,Phytolacca dioica L.,20
9329,7309635,Microtea maypurensis (Kunth) G.Don,13
9330,7309641,Gallesia integrifolia (Spreng.) Harms,20
9331,7309816,Lophophytum mirabile Schott & Endl.,20
9332,7309859,Dicksonia sellowiana (C.Presl) Hook.,20
9333,7309948,Krameria tomentosa A.St.-Hil.,20
9334,7309957,Trigonia nivea var. nivea,20
9335,7309985,Pteris haenkeana C.Presl,19
9336,7310115,Pteris leptophylla Sw.,15
9337,7310631,Asplenium pulchellum Raddi,16
9338,7310648,Asplenium harpeodes Kunze,18
9339,7310667,Asplenium pseudonitidum Raddi,20
9340,7310786,Asplenium angustum Sw.,20
9341,7310905,Asplenium martianum C.Chr.,14
9342,7310908,Asplenium regulare Sw.,17
9343,7310919,Asplenium cuspidatum Lam.,20
9344,7310936,Asplenium otites Link,16
9345,7311591,Daphnopsis racemosa Griseb.,20
9346,7311654,Oxypetalum pedicellatum Decne.,17
9347,7311817,Oxypetalum erectum Mart.,20
9348,7311904,Oxypetalum alpinum (Vell.) Fontella & E.A.Schwarz,19
9349,7312421,Macroscepis grandiflora (Mart.) H.A.Keller & Liede,20
9350,7312598,Ditassa burchellii Hook. & Arn.,17
9351,7312694,Oxypetalum tomentosum Wight ex Hook. & Arn.,20
9352,7313330,Passiflora chrysophylla Chodat,20
9353,7313430,Passiflora tricuspis Mast.,20
9354,7313435,Passiflora rugosa var. venezolana L.K.Escobar,20
9355,7313471,Passiflora mansoi (Mart.) Mast.,20
9356,7313502,Passiflora quadriglandulosa Rodschied,20
9357,7313512,Passiflora oerstedii Mast.,20
9358,7313609,Aristolochia galeata Moritzi,20
9359,7313737,Aristolochia esperanzae Kuntze,20
9360,7313743,Aristolochia triangularis Cham.,20
9361,7313759,Ternstroemia candolleana Wawra,20
9362,7313965,Laplacea fruticosa (Schrad.) Kobuski,17
9363,7314425,Emmotum nitens (Benth.) Miers,20
9364,7314536,Cyathea phalerata Mart.,20
9365,7314711,Cyathea villosa Humb. & Bonpl. ex Willd.,14
9366,7315544,Hymenophyllum elegans Spreng.,14
9367,7315605,Hymenophyllum caudatum Bosch,20
9368,7315607,Hymenophyllum magellanicum Willd.,20
9369,7315644,Trichomanes cristatum Kaulf.,19
9370,7315666,Hymenophyllum rufum Fée,14
9371,7315796,Ilex floribunda Reissek ex Maxim.,14
9372,7316309,Hydrolea elatior Schott,20
9373,7316407,Pourouma guianensis Aubl.,20
9374,7316544,Tabernaemontana salzmannii A.DC.,18
9375,7316557,Tabernaemontana rupicola Benth.,20
9376,7316566,Secondatia densiflora A.DC.,20
9377,7316790,Tabernaemontana laeta Mart.,20
9378,7316841,Mandevilla moricandiana (A.DC.) Woodson,19
9379,7316860,Aspidosperma quebracho-blanco Schltdl.,20
9380,7316870,Mandevilla martiana (Stadelm.) Woodson,16
9381,7316881,Aspidosperma pyrifolium Mart.,20
9382,7316886,Aspidosperma pyricollum Müll.Arg.,20
9383,7316942,Mandevilla illustris (Vell.) Woodson,19
9384,7316946,Allamanda puberula A.DC.,12
9385,7316971,Mandevilla funiformis (Vell.) K.Schum.,19
9386,7317048,Aspidosperma discolor A.DC.,15
9387,7317391,Himatanthus bracteatus (A.DC.) Woodson,20
9388,7317793,Cyclanthera tenuisepala Cogn.,20
9389,7317799,Fevillea trilobata L.,19
9390,7317831,Melothria cucumis Vell.,20
9391,7318005,Oxalis kuhlmannii Lourteig,16
9392,7318108,Oxalis hirsutissima Zucc.,20
9393,7318167,Oxalis bipartita A.St.-Hil.,20
9394,7318197,Oxalis cratensis var. cratensis,20
9395,7318238,Oxalis neuwiedii Zucc.,20
9396,7318813,Symplocos uniflora (Pohl) Benth.,20
9397,7319170,Cyclodium heterodon (Schrad.) T.Moore,13
9398,7319200,Arachniodes denticulata (Sw.) Ching,20
9399,7319382,Stigmatopteris heterocarpa (Fée) Rosenst.,14
9400,7319726,Polystichum montevidense (Spreng.) Rosenst.,20
9401,7319895,Osmundastrum cinnamomeum (L.) C.Presl,20
9402,7319956,Styrax acuminatus Pohl,17
9403,7319972,Styrax pohlii A.DC.,19
9404,7320025,Styrax ferrugineus Nees & Mart.,20
9405,7320162,Vantanea compacta (Schnizl.) Cuatrec.,18
9406,7320169,Sacoglottis mattogrossensis Malme,16
9407,7320524,Bifrenaria leucorrhoda Rchb.f.,18
9408,7320910,Campylocentrum ulaei Cogn.,16
9409,7321555,Tapirira guianensis Aubl.,20
9410,7321588,Astronium graveolens Jacq.,20
9411,7321861,Schinopsis brasiliensis Engl.,20
9412,7322757,Oenothera parodiana Munz,20
9413,7322827,Fuchsia regia (Vand. ex Vell.) Munz,20
9414,7322937,Byttneria filipes Mart. ex K.Schum.,20
9415,7323180,Chamissoa acuminata Mart.,17
9416,7323520,Pfaffia gnaphaloides (L.f.) Mart.,17
9417,7323600,Alternanthera pubiflora (Benth.) Kuntze,20
9418,7323779,Gomphrena mollis Mart.,13
9419,7323881,Evolvulus pterygophyllus Mart.,19
9420,7323883,Evolvulus pterocaulon Moric.,11
9421,7323899,Operculina hamiltonii var. hamiltonii,20
9422,7323921,Bonamia agrostopolis (Vell.) Hallier fil.,19
9423,7323934,Evolvulus martii Colla,6
9424,7323950,Evolvulus lithospermoides Mart.,15
9425,7323991,Ipomoea hirsutissima Gardner,16
9426,7324036,Ipomoea blanchetii Choisy,20
9427,7324051,Evolvulus frankenioides Moric.,19
9428,7324095,Ipomoea bahiensis Willd. ex Roem. & Schult.,20
9429,7324097,Evolvulus diosmoides Mart.,14
9430,7324153,Evolvulus aurigenius Mart.,20
9431,7324364,Convolvulus crenatifolius subsp. crenatifolius,20
9432,7325335,Leersia virginica Willd.,20
9433,7325501,Leersia ligularis Trin.,17
9434,7326419,Sparattanthelium botocudorum Mart.,20
9435,7326561,Connarus ruber (Poepp.) Planch.,20
9436,7326575,Rourea glabra Kunth,18
9437,7326715,Sauvagesia sprengelii A.St.-Hil.,20
9438,7326838,Ouratea hexasperma (A.St.-Hil.) Baill.,20
9439,7326947,Nymphaea nouchali Burm.fil.,20
9440,7327217,Pisonia ambigua Heimerl,20
9441,7327320,Guapira opposita (Vell.) Reitz,20
9442,7327627,Rhododendron simsii Planch.,20
9443,7328841,Agarista pulchella Cham. ex G.Don,18
9444,7329567,Picramnia oreadica Pirani,18
9445,7329614,Picramnia glazioviana Engl.,20
9446,7329831,Selaginella erythropus (Mart.) Spring,20
9447,7329866,Garcinia brasiliensis Mart.,20
9448,7329873,Clusia criuva Cambess.,20
9449,7330101,Caraipa densifolia Mart.,19
9450,7330107,Kielmeyera abdita Saddi,18
9451,7330205,Kielmeyera variabilis Mart.,20
9452,7330242,Kielmeyera neglecta Saddi,9
9453,7330249,Hypericum connatum Lam.,20
9454,7330272,Kielmeyera coriacea Mart.,20
9455,7330296,Hypericum myrianthum Cham. & Schltdl.,20
9456,7330314,Clusia lanceolata Cambess.,20
9457,7330346,Hypericum brasiliense Choisy,20
9458,7330798,Clethra scabra Pers.,20
9459,7330851,Cybianthus cuneifolius Mart.,19
9460,7330899,Myrsine venosa A.DC.,20
9461,7331040,Myrsine laetevirens (Mez) Arechav.,20
9462,7331635,Torenia thouarsii (Cham. & Schltdl.) Kuntze,20
9463,7332783,Bacopa lanigera (Cham. & Schltdl.) Wettst.,20
9464,7333234,Esterhazya splendida J.C.Mikan,20
9465,7333498,Lucuma Molina,20
9466,7333693,Virola bicuhyba (Schott ex Spreng.) Warb.,20
9467,7333716,Osteophloeum platyspermum (A.DC.) Warb.,20
9468,7334254,Kalanchoe luciae Raym.-Hamet,20
9469,7335399,Doryopteris concolor (Langsd. & Fisch.) Kuhn,20
9470,7335409,Doryopteris collina (Raddi) J.Sm.,20
9471,7335418,Adiantum curvatum Kaulf.,19
9472,7335523,Adiantum subcordatum Sw.,20
9473,7335560,Adiantum sinuosum Gardner,19
9474,7335571,Adiantum serratodentatum Willd.,20
9475,7335587,Adiantum cajennense Willd. ex Klotzsch,15
9476,7337157,Mikania glomerata Spreng.,20
9477,7340140,"Trogon ramonianus Deville & Des Murs, 1849",16
9478,7340175,"Pyrilia barrabandi (Kuhl, 1820)",20
9479,7340209,"Coccycua minuta (Vieillot, 1817)",20
9480,7340222,"Gallinula galeata (Lichtenstein & Mhc, 1818)",20
9481,7340254,"Icterus croconotus (Wagler, 1829)",20
9482,7340265,"Icterus pyrrhopterus (Vieillot, 1819)",20
9483,7340380,"Certhiasomus stictolaemus (Pelzeln, 1868)",11
9484,7341035,"Cantorchilus longirostris (Vieillot, 1819)",19
9485,7341038,"Cantorchilus leucotis (Lafresnaye, 1845)",17
9486,7341176,"Pheugopedius genibarbis (Swainson, 1838)",19
9487,7341402,"Hypocnemis peruviana Taczanowski, 1884",19
9488,7341654,"Myiothlypis rivularis (zu Wied-Neuwied, 1821)",18
9489,7341834,"Setophaga petechia (Linnaeus, 1766)",20
9490,7341912,"Thamnophilus stictocephalus Pelzeln, 1868",19
9491,7342122,"Turdus flavipes Vieillot, 1818",20
9492,7350939,Recordia reitzii (Moldenke) Thode & O'Leary,20
9493,7351168,"Naupactus lar (Germar, 1823)",8
9494,7353477,"Chironius foveatus Bailey, 1955",20
9495,7354615,Begonia caparaoensis E.L.Jacques & L.Kollmann,14
9496,7355718,"Chloromiopteryx mirim Terra, 1982",13
9497,7355846,"Tryonia myriophylla (Sw.) Schuettp., J.Prado & A.T.Cochran",18
9498,7357675,Ryania canescens Eichler,19
9499,7359372,Acisanthera alsinaefolia (Mart. & Schrank ex DC.) Triana,18
9500,7359639,"Baniana ypita Schaus, 1901",20
9501,7360405,"Cryptobatis cyanoptera (Dejean, 1825)",20
9502,7360915,Pellaea cymbiformis J.Prado,8
9503,7361094,Stevia camporum Baker,20
9504,7361162,Helicostylis tomentosa (Poepp. & Endl.) Rusby,20
9505,7361253,Ceiba pubiflora (A.St.-Hil.) K.Schum.,20
9506,7366333,"Tibraca limbativentris Stål, 1860",20
9507,7367409,Heimia apetala (Spreng.) S.A.Graham & Gandhi,20
9508,7368601,Anemia elegans (Gardner) C.Presl,10
9509,7369858,Jacquemontia gracillima (Choisy) Hallier fil.,20
9510,7370108,Manettia rojasiana Cham. & Schltdl.,10
9511,7371516,"Phaopsis laetus (Boheman, 1840)",15
9512,7371921,Cyathea hirsuta C.Presl,20
9513,7371928,"Micrathena picta (C.L.Koch, 1836)",20
9514,7372844,Goeppertia singularis (H.Kenn.) Borchs. & S.Suárez,19
9515,7373133,"Passiflora longifilamentosa A.K.Koch, A.Cardoso & Ilk.-Borg.",20
9516,7373299,"Merianthera bullata R.Goldenb., Fraga & A.P.Fontana",10
9517,7374156,Trichocline cisplatina E.Pasini & M.R.Ritter,20
9518,7375894,Gomphrena arborescens L.fil.,20
9519,7378124,"Amauroclopius ornatus Distant, 1903",10
9520,7379200,"Piper bicorne Carv.-Silva, E.F.Guim. & L.A.Pereira",20
9521,7379414,"Nematopus fasciatus Westwood, 1842",17
9522,7379831,Passiflora cacao Bernacci & M.M.Souza,9
9523,7381242,Pavonia cauliflora (Nees) Fryxell,13
9524,7382486,"Phyllophorus occidentalis (Ludwig, 1875)",14
9525,7382741,Exostigma notobellidiastrum (Griseb.) G.Sancho,20
9526,7383041,Buchnera amethystina Cham. & Schltdl.,5
9527,7384060,Casearia oblongifolia Cambess.,20
9528,7384423,Fridericia leucopogon (Cham.) L.G.Lohmann,20
9529,7385565,Dichorisandra albomarginata Linden ex Regel,17
9530,7386282,Elaphoglossum montanum Kieling-Rubio & P.G.Windisch,14
9531,7386722,Cheilolejeunea discoidea (Lehm. & Lindenb.) Kachroo & R.M.Schust.,13
9532,7386966,Monecphora machadoi,9
9533,7388962,Cyclanthera carthagenensis (Jacq.) H.Schaef. & S.S.Renner,20
9534,7389210,"Brontostoma rubrum (Amyot & Serville, 1843)",20
9535,7389478,"Largus balteatus Stål, 1870",20
9536,7391817,Schwenckia americana L.,20
9537,7392349,Anemia retroflexa Brade,16
9538,7393806,Cyathea myriotricha (Baker) R.C.Moran & J.Prado,18
9539,7395119,Tachigali guianensis (Benth.) Zarucchi & Herend.,20
9540,7396883,"Acontia thapsina Turner, 1902",20
9541,7397359,Strychnos trinervis (Vell.) Mart.,20
9542,7397864,Jacaranda obovata Cham.,13
9543,7398644,Neoraputia magnifica (Engl.) Emmerich ex Kallunki,8
9544,7398920,Mandirola hirsuta (DC.) A.O.Araujo & Chautems,20
9545,7400820,Grammitis exigua (Fée) Brade,20
9546,7401343,"Zophobas atratus (Fabricius, 1775)",20
9547,7401562,Selaginella conduplicata Spring,20
9548,7401775,Goeppertia crocata (É.Morren & Joriss.) Borchs. & S.Suárez,20
9549,7402951,Styrax leprosus Hook. & Arn.,20
9550,7406057,Arthrostema ciliatum Ruiz & Pav.,15
9551,7406772,"Horciasinus argentinus (Berg, 1878)",20
9552,7406941,"Strumigenys eggersi Emery, 1890",20
9553,7408184,Graffenrieda gracilis (Triana) Gleason,5
9554,7412612,Myriopus rubicundus (Salzm. ex A.DC.) Luebert,20
9555,7413147,Eugenia unana Sobral,20
9556,7413576,Asplenium alatum Humb. & Bonpl. ex Willd.,20
9557,7414217,Bryopteris diffusa (Sw.) Nees,18
9558,7415544,Ouratea cuspidata (A.St.-Hil.) Engl.,20
9559,7415898,Norantea guianensis var. goyazensis (Cambess.) G.L.Ferreira,18
9560,7416228,"Megalastrum brevipubens R.C.Moran, J.Prado & Labiak",8
9561,7416364,"Elaphria obscura Schaus, 1906",10
9562,7416506,"Gargaphia decoris Drake, 1931",20
9563,7416919,"Diplodon multistriatus (I.Lea, 1831)",20
9564,7418036,Urvillea glabra Cambess.,19
9565,7418066,Cyanocephalus rugosus (Benth.) Harley & J.F.B.Pastore,13
9566,7418332,Fridericia triplinervia (Mart. ex DC.) L.G.Lohmann,20
9567,7422097,"Guyalna chlorogena (Walker, 1850)",20
9568,7422518,Myrsine umbellata Mart.,20
9569,7423177,Fridericia florida (DC.) L.G.Lohmann,20
9570,7423995,Asplenium hostmannii Hieron.,20
9571,7425396,Phlegmariurus pungentifolius (Silveira) B.Øllg.,11
9572,7425866,Eugenia supraaxillaris Spring,18
9573,7426128,"Chionopsis crenata (Gmelin, 1791)",18
9574,7426376,Marchesinia brachiata (Sw.) Schiffn.,20
9575,7426578,Pombalia brevicaulis (Mart.) Paula-Souza,20
9576,7427554,Ocotea porosa (Mez) Barroso,20
9577,7428961,Euploca salicoides (Cham.) J.I.M.Melo & Semir,20
9578,7429248,"Carineta diardi (Guérin-Méneville, 1829)",20
9579,7430033,Podisus distinctus,20
9580,7430132,"Cosmoclopius nigroannulatus (Stål, 1860)",20
9581,7430359,Plagiochila ludoviciana Sull.,20
9582,7431595,Schnella outimouta (Aubl.) Wunderlin,20
9583,7435078,Heliconia acuminata L.C.Rich.,19
9584,7435932,Oxalis brasiliensis G.Lodd.,16
9585,7439391,Centaurium pulchellum (Sw.) Druce,20
9586,7439989,Passiflora giberti N.E.Br.,20
9587,7440673,Trametes pavonia (Hook.) Ryvarden,20
9588,7441533,Byttneria catalpifolia Jacq.,20
9589,7445609,Byttneria aculeata (Jacq.) Jacq.,20
9590,7446358,"Bothrops brazili Hoge, 1954",20
9591,7447231,Justicia gendarussa Burm.fil.,20
9592,7452487,Miconia trinervia (Sw.) D.Don,20
9593,7452658,Cordia sellowiana Cham.,20
9594,7454013,"Phaops ambitiosus Boheman, 1840",20
9595,7455723,Myrcia mucugensis Sobral,14
9596,7456481,Hibiscus furcellatus Desr.,18
9597,7459392,"Telchin licus (Drury, 1773)",20
9598,7459931,Bredemeyera hebeclada (DC.) J.F.B.Pastore,18
9599,7460894,Grammitis taxifolia (L.) Proctor,19
9600,7464713,"Leptinopterus tibialis (Eschscholtz, 1822)",20
9601,7465719,Geastrum violaceum Rick,14
9602,7466348,Elaphoglossum glaziovii (Fée) Brade,18
9603,7467096,"Spragueia margana (Fabricius, 1794)",20
9604,7467929,Lytoneuron paradoxum (Fée) Yesilyurt,16
9605,7467979,Sloanea sinemariensis Aubl.,20
9606,7470162,"Graptocleptes bicolor (Burmeister, 1838)",20
9607,7470699,Persea venosa Nees & Mart. ex Nees,19
9608,7471562,Hyptis mutabilis (Rich.) Briq.,20
9609,7472036,Mikania hirsutissima DC.,16
9610,7472450,Phoradendron perrottetii (DC.) Eichler,18
9611,7472705,Moranopteris perpusilla (Maxon) R.Y.Hirai & J.Prado,10
9612,7474564,Anemia glareosa Gardner,8
9613,7475376,Quesnelia strobilispica Wawra,19
9614,7476968,Dorstenia elata Hook.,20
9615,7477026,Bredemeyera divaricata (DC.) J.F.B.Pastore,18
9616,7477149,Byrsonima gardneriana A.Juss.,20
9617,7477334,"Sapajus apella (Linnaeus, 1758)",20
9618,7477571,Vochysia schwackeana Warm.,19
9619,7477922,Euploca polyphylla (Lehm.) J.I.M.Melo & Semir,20
9620,7478062,Stenogrammitis jamesonii (Hook.) Labiak,17
9621,7480993,"Hemeroblemma dolosa Hübner, 1827",20
9622,7481673,Ancistrotropis firmula (Mart. ex Benth.) A.Delgado,20
9623,7481956,Agrianthus luetzelburgii Mattf.,12
9624,7482238,Hippeastrum sanfranciscanum Dutilh & R.S.Oliveira,7
9625,7484648,Spiranthera atlantica Pirani,5
9626,7484915,Rhipsalis mesembryanthemoides Haw.,20
9627,7485441,Xylophragma harleyi (A.H.Gentry ex M.M.Silva & L.P.Queiroz) L.G.Lohmann,14
9628,7485599,"Rhinastus latisternus L.A.A.Chevrolat, 1829-44",20
9629,7486599,Salvia guaranitica A.St.-Hil. ex Benth.,20
9630,7486690,Oxypetalum capitatum Mart.,19
9631,7487137,Sloanea uniflora D.Samp. & V.C.Souza,19
9632,7489809,Alcantarea trepida Versieux & Wand.,20
9633,7491484,Anemia blechnoides Sm.,19
9634,7492149,Cuspidaria lachnaea (Bureau) L.G.Lohmann,15
9635,7494501,Pontederia azurea Sw.,20
9636,7494543,"Oxycheila femoralis Laporte, 1833",20
9637,7495967,Pleopeltis monoides (Weath.) Salino,14
9638,7496422,Adenocalymma aurantiacum Udulutsch & Assis,17
9639,7497644,"Mahanarva rubropicta (Melichar, 1915)",20
9640,7500861,Copaifera oblongifolia Mart. ex Hayne,20
9641,7501279,Phlegmariurus martii (Wawra) B.Øllg.,13
9642,7501605,Dichorisandra tejucensis Mart. ex Schult.f.,20
9643,7507250,Cuspidaria sceptrum (Cham.) L.G.Lohmann,20
9644,7507738,"Chascolytrum calotheca (Trin.) Essi, Longhi-Wagner & Souza-Chies",19
9645,7508346,Byrsonima chrysophylla Kunth,18
9646,7509320,Fridericia pubescens (L.) L.G.Lohmann,20
9647,7514108,Cyclodium guianense (Klotzsch) van der Werff ex L.D.Gómez,20
9648,7514524,Sigmoidotropis speciosa (Kunth) A.Delgado,20
9649,7519053,"Sapajus nigritus (Goldfuss, 1809)",20
9650,7519813,Psychotria pubigera Schltdl.,19
9651,7520360,"Fuga fluminensis Toledo Piza, 1889",15
9652,7520560,Stachytarpheta sericea S.Atkins,19
9653,7521203,Phlegmariurus heterocarpon (Fée) B.Øllg.,18
9654,7522486,Goniopteris riograndensis (Lindm.) Ching,20
9655,7523235,Phlegmariurus recurvifolius (Rolleri) B.Øllg.,14
9656,7524222,Alansmia reclinata (Brack.) Moguel & M.Kessler,18
9657,7524230,"Epictia borapeliotes (Vanzolini, 1996)",20
9658,7525515,Lindsaea stricta (Sw.) Dryand.,20
9659,7530646,Brasiliopuntia brasiliensis (Willd.) A.Berger,20
9660,7531164,Lobelia thapsoidea Schott,19
9661,7532752,"Ponerobia bipustulata (Fabricius, 1781)",20
9662,7532956,"Mustelirallus albicollis (Vieillot, 1819)",17
9663,7534234,Alcantarea glaziouana (Leme) J.R.Grant,20
9664,7535951,Physocalyx major Mart.,20
9665,7536050,Passiflora vespertilio L.,20
9666,7536628,"Sclerostomus truncatus Luederwaldt, 1934",6
9667,7541047,Clematicissus striata (Ruiz & Pav.) Lombardi,20
9668,7545350,Cuphea sessiliflora A.St.-Hil.,17
9669,7546345,"Cyrtotylus rubricatus Bergroth, 1922",7
9670,7546887,Inga marginata Willd.,20
9671,7547807,Adiantum diphyllum (Fée) Maxon,5
9672,7549060,"Pepsis completa Smith, 1855",20
9673,7551445,Frullania glomerata (Lehm. & Lindenb.) Mont.,12
9674,7551639,"Stictia maculata (Fabricius, 1804)",20
9675,7552575,Anemia spicantoides Mabb.,16
9676,7558105,Ipomoea subincana (Choisy) Meisn.,15
9677,7558421,Symphytum officinale L.,20
9678,7559059,"Horciasinus signoreti (Stal, 1859)",20
9679,7561967,"Bicyrtes variegatus (Olivier, 1789)",20
9680,7562090,Paepalanthus regalis Mart.,10
9681,7569498,Fridericia cinnamomea (DC.) L.G.Lohmann,20
9682,7570926,"Elachistocleis cesarii (Miranda-Ribeiro, 1920)",19
9683,7571062,Telaranea diacantha (Mont.) J.J.Engel & G.L.Merr.,20
9684,7574205,Pradosia restingae Terra-Araujo,18
9685,7574210,Fridericia caudigera (S.Moore) L.G.Lohmann,20
9686,7574731,Ocotea calliscypha L.C.S.Assis & Mello-Silva,15
9687,7575247,Moquiniastrum polymorphum (Less.) G.Sancho,20
9688,7576391,Oocephalus oppositiflorus (Schrank) Harley & J.F.B.Pastore,20
9689,7577566,Amphilophium bauhinioides (Bureau ex Baill.) L.G.Lohmann,18
9690,7579870,Palicourea deflexa (DC.) Borhidi,20
9691,7584051,Securidaca lanceolata A.St.-Hil. & Moq.,19
9692,7584399,Lytoneuron feei (Brade) Yesilyurt,20
9693,7584507,Hellenia speciosa (J.Koenig) S.R.Dutta,20
9694,7585755,Vailia Rusby,20
9695,7586406,Psacadocalymma falcatum Rizzini,16
9696,7586894,"Anabacerthia ruficaudata (d'Orbigny & Lafresnaye, 1838)",16
9697,7587150,Castela tweedii Planch.,14
9698,7587856,Pachira endecaphylla (Vell.) Carv.-Sobr.,20
9699,7588122,Pavonia commutata Garcke,12
9700,7590235,"Carineta spoliata (Walker, 1858)",20
9701,7598596,Alstroemeria stenopetala Schenk,11
9702,7600084,"Phareicranaus manauara (Pinto-da-Rocha, 1994)",18
9703,7600127,Sticherus longipinnatus (Hook.) Nakai,6
9704,7601001,Hippeastrum puniceum (Lam.) Kuntze,16
9705,7602657,Clusia spathulaefolia Engl.,14
9706,7602748,Ceratolejeunea cornuta (Lindenb.) Schiffn.,18
9707,7603287,Epidendrum cinnabarinum Salzm.,10
9708,7603634,"Chiomara mithrax (Möschler, 1878)",20
9709,7605227,Mouriri morleyi R.Goldenb. & Meirelles,6
9710,7607165,Luehea macrophylla Pohl,20
9711,7608514,Byrsonima verbascifolia (L.) DC.,20
9712,7610513,Boehmeria caudata Sw.,20
9713,7610553,"Macronemus mimus Machado & M.L.Monné, 2013",6
9714,7611605,"Micrathena sanctispiritus Brignoli, 1983",20
9715,7611914,"Eudocima procus (Cramer, 1777)",20
9716,7613471,"Mickelia scandens (Raddi) R.C.Moran, Labiak & Sundue",20
9717,7613662,Jacquemontia linoides (Choisy) Meisn.,15
9718,7613854,Ramisia brasiliensis Oliv.,20
9719,7614554,Anemia simplicior (Christ) Mickel,10
9720,7615897,Senegalia bahiensis (Benth.) Seigler & Ebinger,10
9721,7617061,"Condica mimica Hampson, 1908",20
9722,7617657,"Ophiodes fragilis (Raddi, 1820)",20
9723,7619046,Guarea gracilis T.D.Penn.,9
9724,7620202,Berberis laurina Billb.,19
9725,7620854,Passiflora transversalis M.A.M.Azevedo,20
9726,7622327,Lellingeria myosuroides (Sw.) A.R.Sm. & R.C.Moran,18
9727,7623246,"Notocyrtus foveatus Stål, 1872",20
9728,7626770,Exostyles venusta Schott,19
9729,7628329,"Naupactus dissimilis Hustache, 1947",20
9730,7629840,Potamogeton × fluitans Roth,19
9731,7630268,Lonchocarpus densiflorus Benth.,20
9732,7630524,Polystichum rochaleanum Glaz. ex Fée,10
9733,7630663,Medusantha crinita (Benth.) Harley & J.F.B.Pastore,20
9734,7631032,Paullinia pseudota Radlk.,12
9735,7633287,Jacquemontia ferruginea (Vahl) Choisy,20
9736,7633685,"Telmatoblechnum serrulatum (Rich.) Perrie, D.J.Ohlsen & Brownsey",20
9737,7637114,"Vitta virginea (Linnaeus, 1758)",20
9738,7637951,"Sarota acantus (Stoll, 1782)",20
9739,7638788,Pterocaulon alopecuroides (Lam.) DC.,20
9740,7639089,Ocotea ciliata L.C.S.Assis & Mello-Silva,20
9741,7642125,Oenothera stricta Ledeb.,5
9742,7642438,"Trilepida koppesi (Amaral, 1955)",20
9743,7644381,Tectaria pilosa (Fée) R.C.Moran,19
9744,7645030,Pilocarpus microphyllus Stapf ex Wardlew.,17
9745,7645316,Phlegmariurus linifolius (L.) B.Øllg.,20
9746,7646543,Eugenia cataphyllea M.C.Souza & Sobral,20
9747,7647136,Citrus × limon (L.) Osbeck,20
9748,7650801,Alstroemeria isabelleana Herb.,20
9749,7652861,"Xenodon matogrossensis (Scrocchi & Cruz, 1993)",20
9750,7653246,Maieta poeppigii Mart. ex Triana,20
9751,7653859,Bauhinia dubia G.Don,20
9752,7654019,Miconia grandifoliata R.Goldenb. & Michelang.,15
9753,7654297,Fridericia oligantha (Bureau & K.Schum.) L.G.Lohmann,20
9754,7654582,"Chamaecrista blanchetii (Benth.) Conc., L.P.Queiroz & G.P.Lewis",20
9755,7655170,Euglena ehrenbergii G.A.Klebs,20
9756,7656006,"Tydides rufus (Serville, 1831)",20
9757,7659514,Rhipsalis cereuscula Haw.,20
9758,7659929,"Bothrops marmoratus Da Silva & Rodrigues, 2008",20
9759,7660507,Dahlstedtia floribunda (Vogel) M.J.Silva & A.M.G.Azevedo,11
9760,7661971,Bambusa vulgaris Schrad. ex J.C.Wendl.,20
9761,7662121,Croton echinocarpus Müll.Arg.,17
9762,7662189,Cyanocephalus peduncularis (Benth.) Harley & J.F.B.Pastore,15
9763,7662464,Fridericia bracteolata (DC.) L.G.Lohmann,20
9764,7663626,Hydrocotyle bradei Rossberg ex Pilger,7
9765,7665068,"Blepolenis catharinae (Stichel, 1902) Stichel, 1902",10
9766,7666183,Pellaea riedelii Baker,12
9767,7666998,"Ommatochila mundula (Zeller, 1872)",20
9768,7667348,Microlicia multicaulis Mart. ex Naudin,19
9769,7667493,Distictella magnoliifolia (Kunth) Sandwith,19
9770,7668251,Allium porrum L.,19
9771,7668339,Abolboda pulchella Humb.,20
9772,7669069,Fossombronia porphyrorhiza (Nees) Prosk.,20
9773,7669080,Fridericia chica (Bonpl.) L.G.Lohmann,20
9774,7669874,"Sapajus flavius (Schreber, 1799)",20
9775,7675057,Elaphoglossum hybridum (Bory) Brack.,20
9776,7675663,"Mickelia nicotianifolia (Sw.) R.C.Moran, Labiak & Sundue",19
9777,7675882,Jacquemontia bracteosa Meisn.,17
9778,7677368,Waltheria maritima A.St.-Hil.,18
9779,7679157,Paspalum pectinatum Nees ex Trin.,16
9780,7680253,Anthurium ribeiroi Nadruz,20
9781,7685550,Trichanthecium schwackeanum (Mez) Zuloaga & Morrone,14
9782,7685726,Schnella grazielae (Vaz) Wunderlin,18
9783,7685901,Abrachium floriforme (Baseia & Calonge) Baseia & T.S.Cabral,20
9784,7686451,Amaioua glomerulata (Lam. ex Poir.) Delprete & C.H.Perss.,20
9785,7687446,Passovia pyrifolia (Kunth) Tiegh.,20
9786,7687638,"Trilepida salgueiroi (Amaral, 1955)",20
9787,7687781,Deguelia nitidula (Benth.) A.M.G.Azevedo & R.A.Camargo,20
9788,7688133,"Marmarina insculpta (Kirby, 1818)",20
9789,7690499,Acacia kallunkiae J.W.Grimes & Barneby,9
9790,7691308,Pleroma penduliflorum Fraga & P.J.F.Guim.,11
9791,7692312,Alsidium triquetrum (S.G.Gmelin) Trevisan,20
9792,7693356,"Sphecius spectabilis (Taschenberg, 1875)",20
9793,7697980,Bignonia prieurii DC.,19
9794,7699782,Asplenium bangii Hieron.,19
9795,7700130,Nectandra sanguinea Rol. ex Rottb.,18
9796,7700900,Sterculia tessmannii Mildbr.,19
9797,7701121,Ruellia subsessilis (Nees) Lindau,20
9798,7701207,"Lepidocolaptes fatimalimae Rodrigues, Aleixo, Whittaker & Naka, 2013",12
9799,7702882,Helicteres heptandra L.B.Sm.,20
9800,7705930,"Sus scrofa Linnaeus, 1758",20
9801,7706428,Adiantopsis flexuosa (Kunze) Link-Pérez & Hickey,10
9802,7708169,Lathyrus elegans Vogel,5
9803,7708933,Selaginella amazonica Spring,17
9804,7709786,"Leptoscelis fasciifera Stål, 1865",20
9805,7710350,"Frullania apiculata (Reinw., Blume & Nees) Nees",20
9806,7710447,"Fidicina toulgoeti Boulard & Martinelli, 1996",20
9807,7711955,Anemia hispida Kunze,20
9808,7712344,Struthanthus acuminatus (Ruiz & Pav.) Kuijt,20
9809,7715242,Plagiochila gymnocalycina (Lehm. & Lindenb.) Lindenb.,20
9810,7718049,Cecropia purpurascens C.C.Berg,20
9811,7719333,"Lygophis anomalus (Günther, 1858)",20
9812,7719550,Campyloneurum angustifolium (Sw.) Fée,20
9813,7720027,"Lordops schoenhelri (Dalman, 1823)",20
9814,7720383,Bignonia ramentacea (Mart. ex DC.) L.G.Lohmann,17
9815,7722282,Condea fastigiata (Benth.) Harley & J.F.B.Pastore,20
9816,7723170,Selaginella convoluta (Arn.) Spring,20
9817,7723329,"Piasus cribricollis (Stal, 1860)",20
9818,7723879,Calathea prolifera (Vell.) J.M.A.Braga,7
9819,7726504,Mollinedia longifolia Perkins,20
9820,7726809,"Corticea corticea (Plötz, 1883)",20
9821,7727923,Rotala ramosior (L.) Koehne,20
9822,7729817,"Pugilina tupiniquim Abbate & Simone, 2015",20
9823,7730685,Mendoncia pilosa Mart.,20
9824,7733690,"Acraephia opaca Metcalf, 1947",20
9825,7734133,"Kapogea isosceles (Mello-Leitão, 1939)",20
9826,7735893,"Synargis agle (Hewitson, 1853)",20
9827,7736583,Waltheria brachypetala Turcz.,20
9828,7739968,"Miconia macuxi Meirelles, Caddah & R.Goldenb.",9
9829,7739996,"Clibanornis rectirostris (M.Wied-Neuwied, 1831)",19
9830,7740017,"Cebus unicolor Spix, 1823",20
9831,7743060,Phlegmariurus intermedius (Trevis.) B.Øllg.,11
9832,7743417,Pleopeltis angusta Humb. & Bonpl. ex Willd.,20
9833,7746208,Adiantopsis trifurcata (Baker) Link-Pérez & Hickey,13
9834,7747253,Lejeunea setiloba Spruce,12
9835,7748764,Combretum hilarianum D.Dietr.,16
9836,7748836,"Oplomus cruentus (Burmeister, 1835)",20
9837,7748985,Bidens riparia Kunth,20
9838,7751355,"Dorisiana noriegai Sanborn & Heath, 2014",17
9839,7754956,Codiaeum variegatum (L.) Blume,10
9840,7758130,Schaueria sulfurea Pohl ex Nees,10
9841,7760045,Alansmia cultrata (Bory ex Willd.) Moguel & M.Kessler,17
9842,7761413,Dyckia lunaris Leme,20
9843,7761705,Albizia polycephala (Benth.) Killip ex Record,17
9844,7762353,Polygonum lapathifolium L.,20
9845,7765022,"Chionopsis intapurpurea (Conrad, 1849)",20
9846,7765090,"Cratosomus sticticus Gyll., 1837",7
9847,7765333,Asemeia ovata (Poir.) J.F.B.Pastore & J.R.Abbott,10
9848,7765710,Asplenium sellowianum C.Presl ex Hieron.,20
9849,7767025,Cinnamodendron occhionianum F.Barros & J.Salazar,6
9850,7767941,Schizocalyx cuspidatus (A.St.-Hil.) Kainul. & B.Bremer,20
9851,7771961,Hymenasplenium laetum (Sw.) L.Regalado & Prada,20
9852,7772421,Phoradendron crassifolium (Pohl ex DC.) Eichler,20
9853,7773141,Heliotropium elongatum (Lehm.) I.M.Johnst.,18
9854,7775250,Ocotea marumbiensis Brotto & Baitello,18
9855,7777553,"Pleroma cleistoflora (Ule) P.J.F.Guim., M.F.Oliveira da Silva & Michelang.",19
9856,7778306,Radula javanica Gottsche,20
9857,7781283,Vellozia epidendroides Mart. ex Schult. & Schult.f.,20
9858,7781903,"Megalastrum indusiatum R.C.Moran, J.Prado & Labiak",7
9859,7783824,Coutoubea spicata Aubl.,20
9860,7785061,Goeppertia widgrenii (Körn.) Borchs. & S.Suárez,20
9861,7785277,"Ephedranthus dimerus J.C.Lopes, Chatrou & Mello-Silva",18
9862,7785578,"Sapajus libidinosus (Spix, 1823)",20
9863,7787466,Peperomia macrostachyos (Vahl) A.Dietr.,20
9864,7787557,Hymenophyllum crispum Kunth,10
9865,7788644,Pombalia bicolor (A.St.-Hil.) Paula-Souza,20
9866,7789504,Anemia gardneri Hook.,13
9867,7792065,Tabernaemontana pandacaqui Lam.,20
9868,7794723,"Piezosternum thunbergi Stål, 1860",20
9869,7795694,Panicum noterophilum Renvoize,12
9870,7797739,"Contomastix lacertoides (Duméril & Bibron, 1839)",20
9871,7798107,Cupania paniculata Cambess.,13
9872,7798270,"Homalinotus deplanatus C.R.Sahlberg, 1823",20
9873,7802452,Cupania scrobiculata Rich.,20
9874,7802673,Helietta apiculata Benth.,20
9875,7805661,Adenocalymma validum (K.Schum.) L.G.Lohmann,20
9876,7805832,Jacquemontia cataractae Krapov.,13
9877,7806750,Moranopteris gradata (Baker) R.Y.Hirai & J.Prado,16
9878,7806959,Andira surinamensis (Bondt) Splitg. ex Amshoff,19
9879,7809092,"Cydamus femoralis Stål, 1860",20
9880,7811365,Alternanthera micrantha R.E.Fr.,17
9881,7811517,Nephrolepis pendula (Raddi) J.Sm.,16
9882,7811691,"Micrurus brasiliensis Roze, 1967",20
9883,7813916,Ceiba glaziovii (Kuntze) K.Schum.,20
9884,7815022,Anemia australis (Mickel) M.Kessler & A.R.Sm.,20
9885,7815845,Begonia hookeriana Gardner,20
9886,7817109,Clematis discolor Gardner,18
9887,7818689,"Leptinopterus burmeisteri Arrow, 1943",15
9888,7819801,"Merianthera parvifolia R.Goldenb., Fraga & A.P.Fontana",8
9889,7820252,Calathea reginae J.M.A.Braga,19
9890,7821030,Polygonum aviculare L.,20
9891,7823547,Bertolonia paranaensis (Wurdack) Baumgratz,5
9892,7824484,Condea undulata (Schrank) Harley & J.F.B.Pastore,20
9893,7826525,Ipomoea squamisepala O'Donell,20
9894,7826906,"Thectocercus acuticaudatus (Vieillot, 1818)",20
9895,7827635,Cuspidaria inaequalis (DC. ex Splitg.) L.G.Lohmann,20
9896,7828157,Petroselinum crispum (Mill.) Fuss,20
9897,7828205,Symphyogyna aspera Steph.,20
9898,7828225,Wissadula parviflora (A.St.-Hil.) R.E.Fr.,19
9899,7828357,Baccharis serrulata (Lam.) Pers.,20
9900,7830993,Goeppertia monophylla (Vell.) Borchs. & S.Suárez,20
9901,7831077,Roupala montana Aubl.,20
9902,7832225,"Eulepidotis bourgaulti (Bar, 1875)",20
9903,7832336,Qualea dichotoma (Mart.) Warm.,14
9904,7832419,Leandra purpureovillosa Hoehne,11
9905,7835333,Ficus elastica Roxb.,20
9906,7837951,Bazzania longistipula (Lindenb.) Trevis.,16
9907,7837959,"Tryonia areniticola (Schwartsb. & Labiak) Schuettp., J.Prado & A.T.Cochran",14
9908,7837996,Deianira chiquitana Herzog,19
9909,7840265,Tachigali rugosa (Mart. ex Benth.) Zarucchi & Pipoly,19
9910,7841680,Tacinga subcylindrica (M.Machado & N.P.Taylor) M.Machado & N.P.Taylor,20
9911,7842594,"Notioplusia illustrata Guenée, 1852",20
9912,7842945,"Cydianerus araneiformis (Dalman, 1833)",20
9913,7846141,Anemia tenera Pohl,13
9914,7846628,Pombalia setigera (A.St.-Hil.) Paula-Souza,19
9915,7847233,Hyptis radicans (Pohl) Harley & J.F.B.Pastore,20
9916,7848954,"Erbessus grossus (Stål, 1863)",20
9917,7849294,Passiflora ambigua Hemsl.,20
9918,7850541,"Tetracha fulgida (Klug, 1834)",20
9919,7850562,Aspidosperma cuspa (Kunth) S.F.Blake,20
9920,7851429,Botrypus virginianus (L.) Michx.,20
9921,7853905,Cryptocarya subcorymbosa Mez,12
9922,7855368,"Bicyrtes angulatus (F.Smith, 1856)",8
9923,7855440,"Bothrops pubescens (Cope, 1870)",20
9924,7855549,Pleroma raddianum (DC.) Gardner,20
9925,7855951,Anthurium polynervium Temponi & Nadruz,20
9926,7859399,Asplenium geraense (C.Chr.) Sylvestre,11
9927,7861728,Asplenium ortegae N.Murak. & R.C.Moran,13
9928,7861967,"Cebrenis cauta Brailovsky, 1995",20
9929,7866160,Palicourea tomentosa (Aubl.) Borhidi,20
9930,7867187,"Chinavia runaspis (Dallas, 1851)",20
9931,7867281,Passiflora cristalina Vanderpl. & Zappi,20
9932,7868452,Caamembeca oxyphylla (DC.) J.F.B.Pastore,20
9933,7868507,Utricularia longifolia Gardner,20
9934,7869081,"Microtomus tibialis Stichel, 1926",20
9935,7870294,Erythroxylum macrophyllum var. macrophyllum,20
9936,7870692,"Anabacerthia lichtensteini (Cabanis & Heine, 1860)",20
9937,7870719,Lejeunea laeta (Lehm. & Lindenb.) Gottsche,20
9938,7873170,Amphilophium frutescens (DC.) L.G.Lohmann,18
9939,7874053,Condylocarpon glabrum Müll.Arg.,12
9940,7874655,Anemia collina Raddi,20
9941,7875640,"Dysgonia expediens (Walker, 1858)",20
9942,7876210,"Megapitaria maculata (Linnaeus, 1758)",20
9943,7877229,Anemia herzogii Rosenst.,12
9944,7877648,"Macutula aracoiaba Ruiz, 2011",15
9945,7878219,Senegalia globosa (Bocage & Miotto) L.P.Queiroz,16
9946,7882689,Piper gaudichaudianum Kunth,20
9947,7882824,Condica mobilis Walker,20
9948,7884359,"Caayguara cupepemassu Rheims, 2010",20
9949,7884704,"Platyomus piscatorius (Germar, 1823)",20
9950,7884958,Handroanthus coronatus (Proença & Farias) Farias,20
9951,7887032,"Trypoxylon aurifrons Shuckard, 1837",20
9952,7887546,Tanaecium selloi (Spreng.) L.G.Lohmann,20
9953,7889012,"Brontostoma discus (Burmeister, 1835)",20
9954,7889255,Anemia costata Sehnem,7
9955,7889524,Goeppertia colorata (Hook.) Borchs. & S.Suárez,20
9956,7890802,"Stictia maccus (Handlirsch, 1895)",20
9957,7890872,Rauvolfia ligustrina Willd.,16
9958,7891329,"Calea pinnatifida (R.Br.) Less., 1830",16
9959,7892558,Asplenium scandicinum Kaulf.,20
9960,7896318,Heterocentron subtriplinervium (Link & Otto) A.Braun & Bouché,20
9961,7896472,Fridericia samydoides (Cham.) L.G.Lohmann,18
9962,7896729,Oxypetalum parviflorum (Decne.) Decne.,18
9963,7897159,Adenostemma verbesina (L.) Kuntze,19
9964,7897311,Lomariopsis nigropaleata Holttum,20
9965,7897887,"Galerita collaris Dejean, 1826",20
9966,7898889,Oxalis perdicaria (Molina) Bertero,14
9967,7902090,Blechnum australe subsp. auriculatum (Cav.) de la Sota,20
9968,7902485,Unonopsis renatoi Maas & Westra,12
9969,7902871,Sticherus squamosus (Fée) J.Gonzales,12
9970,7903048,Trichanthecium distichophyllum (Spreng.) Zuloaga & Morrone,20
9971,7903875,Ocotea beulahiae Baitello,11
9972,7904312,Actinocephalus phaeocephalus (Ruhland) F.N.Costa,18
9973,7905537,"Hylopezus paraensis (E.Snethlage, 1910)",17
9974,7905687,"Agelaioides fringillarius (Spix, 1824)",20
9975,7905889,Doryopteris rediviva Fée,16
9976,7906704,"Sapajus cay (Illiger, 1815)",20
9977,7909615,Baccharis megapotamica Spreng.,20
9978,7910094,Peperomia psilostachya C.DC.,18
9979,7911616,"Editha magnifica (Perty, 1833)",20
9980,7913455,"Alouatta macconnelli Elliot, 1910",20
9981,7913713,Anemia oblongifolia (Cav.) Sw.,20
9982,7913746,Vernonanthura tweediana (Baker) H.Rob.,20
9983,7913993,Eugenia goiapabana Sobral & Mazine,5
9984,7917147,Hypolepis acantha Schwartsb.,10
9985,7918469,Nymphaea rudgeana G.Mey.,20
9986,7922520,"Limernaea aurivillii (Gounelle, 1909)",12
9987,7923404,"Anodontites trapesialis (Lamarck, 1819)",20
9988,7924383,"Eudocima serpentifera (Walker, 1858)",20
9989,7926461,"Eupsittula pertinax (Linnaeus, 1758)",20
9990,7926731,Roentgenia sordida (Bureau & K.Schum.) Sprague & Sandwith,20
9991,7926928,Ipomoea philomega (Vell.) House,20
9992,7927630,Philodendron bernardopazii E.G.Gonç.,20
9993,7927861,Microlejeunea bullata (Taylor) Steph.,20
9994,7928689,Peperomia nitida Dahlst.,20
9995,7930261,"Bothrops pauloensis Amaral, 1925",20
9996,7931600,"Horciasoides nobilellus (Berg, 1883)",20
9997,7931721,Neomitranthes glomerata (D.Legrand) D.Legrand,13
9998,7934402,Anemia villosa Humb. & Bonpl. ex Willd.,20
9999,7938942,"Platyomus hystricosus (Germar, 1823)",10
10000,7939270,Gymneia platanifolia (Mart. ex Benth.) Harley & J.F.B.Pastore,17
10001,7940552,Miconia atlantica Caddah & R.Goldenb.,18
10002,7944396,Ficus pertusa L.fil.,20
10003,7944805,Heisteria spruceana Engl.,20
10004,7946103,Adiantum diogoanum Glaz. ex Baker,15
10005,7946419,Tontelea passiflora (Vell.) Lombardi,20
10006,7946466,Fridericia conjugata (Vell.) L.G.Lohmann,20
10007,7948617,Pombalia arenaria (Ule) Paula-Souza,11
10008,7950131,Monilicarpa brasiliana (DC.) Cornejo & Iltis,19
10009,7952178,Doryopteris patula Fée,18
10010,7955659,Heisteria silvianii Schwacke,20
10011,7955791,"Druzia flavostriata (Simon, 1901)",20
10012,7957105,Alstroemeria plantaginea Mart. ex Schult. & Schult.f.,7
10013,7959863,Lepocinclis acus (O.F.Müll.) B.Marin & Melkonian,20
10014,7959944,Smilax cissoides Mart. ex Griseb.,12
10015,7961257,Selaginella vogelii Spring,5
10016,7961545,Adenocalymma peregrinum (Miers) L.G.Lohmann,18
10017,7962259,Helicteres lhotzkyana (Schott & Endl.) K.Schum.,20
10018,7963121,Heteropterys chrysophylla (Lam.) Kunth,20
10019,7963808,Ibatia ganglinosa (Vell.) Morillo,20
10020,7963890,Juniperus sabina L.,20
10021,7966084,Thinouia restingae Ferrucci & Somner,20
10022,7967086,"Mahanarva spectabilis (Distant, 1909)",20
10023,7967095,Pabstiella fusca (Lindl.) Chiron & Xim.Bols.,40
10024,7968116,Couepia chrysocalyx (Poepp.) Benth. ex Hook.fil.,19
10025,7969952,Amphilophium mansoanum (DC.) L.G.Lohmann,16
10026,797,Memphis forreri,20
10027,7973088,Croton pycnocephalus Müll.Arg.,15
10028,7974572,"Pomacea megastoma (G.B.Sowerby I, 1825)",20
10029,7977204,Calathea ornata (Linden) Körn.,13
10030,7977911,"Hydrops martii (Wagler, 1824)",20
10031,7978529,Melochia parvifolia Kunth,20
10032,7978544,Hydrocotyle ranunculoides L.fil.,20
10033,7979229,Aphelandra liboniana Linden ex Hook.f.,11
10034,7979262,"Aurantilaria aurantiaca (Lamarck, 1816)",20
10035,7980514,Calathea mediopicta Jacob-Makoy ex É.Morren,10
10036,7980537,Casearia altiplanensis Sleumer,20
10037,7981385,"Zeunasa confusa Nast, 1951",10
10038,7981929,Ceiba samauma (Mart. & Zucc.) Schum.,20
10039,7982966,"Parabuteo leucorrhous (Quoy & Gaimard, 1824)",19
10040,7984598,Anemia raddiana Link,20
10041,7985118,"Physea setosa Chaudoir, 1868",10
10042,7985170,"Teleonemia tricolor (Mayr, 1865)",20
10043,7986727,Caryocar brasiliense Cambess.,16
10044,7987991,"Tunaima semiflava (Stål, 1854)",20
10045,7989033,Leptospron adenanthum (G.Mey.) A.Delgado,20
10046,7989934,"Lucio blattinum (Perty, 1830)",20
10047,7989989,Triplophyllum glabrum J.Prado & R.C.Moran,19
10048,7991332,Digitaria insularis (L.) Fedde,18
10049,7991431,Schizaea sprucei Hook.,14
10050,7991658,Dactylaena microphylla Eichler,14
10051,7992842,Callianthe rufivela (Hochr.) Donnell,19
10052,7994048,Casearia gossypiosperma Briq.,20
10053,7994173,Plantago tomentosa Lam.,20
10054,7996869,Medusantha multiflora (Pohl ex Benth.) Harley & J.F.B.Pastore,20
10055,7999386,Ipomoea pes-caprae (L.) R.Br.,20
10056,8000293,"Castnia invaria Walker, 1854",20
10057,8000408,"Labiotermes brevilabius Emerson & Banks, 1965",6
10058,8001877,Ilex theezans Mart. ex Reissek,16
10059,8002321,"Flirtea valida (Roewer, 1928)",7
10060,8002552,Dichorisandra pubescens Mart. ex Schult.f.,15
10061,8003000,Melochia illicioides K.Schum.,9
10062,8007854,"Lephana muffula (Guenée, 1852)",20
10063,8008177,Aristolochia pubescens Willd.,9
10064,8008194,Triplophyllum hirsutum (Holttum) J.Prado & R.C.Moran,18
10065,8009021,"Mesosemia cippus Hewitson, 1859",9
10066,8009060,Odontonema barlerioides (Nees) Kuntze,20
10067,8009285,Oocephalus niveus (Epling) Harley & J.F.B.Pastore,8
10068,8010661,"Empedocles luridus Brailovsky & Barrera, 1998",20
10069,8012406,Tillandsia crocata (E.Morren) Baker,14
10070,8013173,Bignonia sciuripabulum (Hovel.) L.G.Lohmann,20
10071,8013229,"Herpothallon rubrocinctum (Ehrenb.) Aptroot, Lücking & G.Thor",20
10072,8013644,"Teminius insularis (Lucas, 1857)",20
10073,8015195,Cattleya warneri T.Moore,6
10074,8015592,Schinus spinosa Engl.,15
10075,8015826,"Prepops procorrentinus Carvalho & Carpintero, 1992",12
10076,8018996,Ipomoea acanthocarpa (Choisy) Hochst. ex Schweinf. & Asch.,20
10077,8020961,"Megalastrum organense R.C.Moran, J.Prado & Labiak",6
10078,8021745,Jacquemontia blanchetii Moric.,20
10079,8024001,Trilepis lhotzkiana Nees ex Arn.,20
10080,8025472,Metzgeria albinea Spruce,20
10081,8025723,Culcita coniifolia (Hook.) Maxon,20
10082,8025856,Frullania gibbosa Nees,20
10083,8026493,"Naupactus tremolerasi Hustache, 1947",20
10084,8027125,Jamesonia insignis (Kuhn) Christenh.,14
10085,8028738,Lytoneuron lomariaceum (Kunze ex Klotzsch) Yesilyurt,17
10086,8029271,Ipomoea saopaulista O'Donell,20
10087,8031987,Peperomia catharinae Miq.,20
10088,8032257,Trametes hirsuta (Wulfen) Lloyd,20
10089,8032537,Fridericia candicans (Rich.) L.G.Lohmann,20
10090,8033427,Sesbania virgata (Cav.) Poir.,20
10091,8036286,Tabernaemontana heterophylla Vahl,20
10092,8038195,Pleroma oleifolia (DC.) R.Romero & Versiane,19
10093,8041063,Cathedra bahiensis Sleumer,15
10094,8041897,Dolichandra unguiculata (Vell.) L.G.Lohmann,17
10095,8042222,"Latonigena auricomis Simon, 1893",20
10096,8042435,Physocalyx aurantiacus Pohl,20
10097,8042534,Ruellia elegans Poir.,20
10098,8042869,Pombalia calceolaria (L.) Paula-Souza,20
10099,8046028,Phlegmariurus quadrifariatus (Bory) B.Øllg.,16
10100,8046518,Lytoneuron ornithopus (Mett. ex Hook. & Baker) Yesilyurt,17
10101,8049341,Osmunda regalis L.,20
10102,8049505,Peperomia incana (Haw.) Hook.,20
10103,8049834,Pombalia atropurpurea (A.St.-Hil.) Paula-Souza,20
10104,8051459,Trieres chinensis (Grev.) Ashworth & E.C.Ther.,20
10105,8056617,"Cratomorphus aequalis E.Olivier, 1895",20
10106,8056769,"Tabaroa caatingicola L.P.Queiroz, G.P.Lewis & M.F.Wojc.",10
10107,8057501,"Alocorhinus curtisi (Sahlberg, 1842)",20
10108,8058246,Passiflora kikiana Cervi & Linsingen,20
10109,8060508,"Lebia concinna Brullé, 1838",20
10110,8061145,Cyathea uleana (A.Samp.) Lehnert,15
10111,8062569,Handroanthus pulcherrimus (Sandwith) Mattos,6
10112,8064709,Radula recubans Taylor,20
10113,8065319,"Calleida suturella Reiche, 1842",20
10114,8065803,Cantinoa heterodon (Epling) Harley & J.F.B.Pastore,18
10115,8066544,Phlegmariurus fontinaloides (Spring) B.Øllg.,17
10116,8066826,Discophora guianensis Miers,20
10117,8068287,Phlegmariurus acerosus (Sw.) B.Øllg.,15
10118,8068762,Myrcia tumida Sobral,9
10119,8068902,Pleopeltis alborufula (Brade) Salino,10
10120,8069749,Alansmia senilis (Fée) Moguel & M.Kessler,17
10121,8072038,"Pelidnota xanthospila (Germar, 1823)",20
10122,8073079,"Fuga annulipes Serville, 1839",20
10123,8073811,"Eupsittula cactorum (Kuhl, 1820)",20
10124,8073921,Oryctanthus florulentus (Rich.) Tiegh.,20
10125,8077391,Citrus × aurantium L.,20
10126,8077404,"Pelidnota pulchella (Kirby, 1818)",20
10127,8078654,Melochia longidentata Goldberg,11
10128,8079002,Viviania albiflora (Cambess.) Reiche,20
10129,8080344,Mimosa calodendron Mart. ex Benth.,20
10130,8080783,Justicia fulvohirsuta (Rizzini) Profice,20
10131,8082106,Philodendron nadruzianum Sakur.,20
10132,8082419,"Myiothlypis flaveola S.F.Baird, 1865",17
10133,8085708,Aeschynomene filosa Mart.,13
10134,8087441,Casearia mariquitensis Kunth,20
10135,8088259,Graphistylis dichroa (Bong.) D.J.N.Hind,5
10136,8088678,Miconia caiuia E.C.O.Chagas & R.Goldenb.,13
10137,8089360,Dolichandra chodatii (Hassl.) L.G.Lohmann,20
10138,8090838,Paspalum stellatum Flüggé,20
10139,8091165,"Chiropotes sagulatus (Traill, 1821)",20
10140,8092741,Cattleya cernua (Lindl.) Van den Berg,20
10141,8094220,Triplophyllum crassifolium Holttum,19
10142,8095823,"Loxa deducta Walker, 1867",20
10143,8100050,Paspalum vaginatum Sw.,20
10144,8100525,Diplazium riedelianum (Bong. ex Kuhn) Kuhn ex C.Chr.,15
10145,8100531,Plagiochila bifaria (Sw.) Lindenb.,20
10146,8100554,Asplenium oligophyllum Kaulf.,17
10147,8101422,Didymoglossum hymenoides (Hedw.) Desv.,11
10148,8102807,Ficus adhatodifolia Schott,16
10149,8104212,Solanum falciforme Farruggia,20
10150,8107171,"Selenophorus aequinoctialis Dejean, 1829",20
10151,8108066,Asplenium trichomanes L.,20
10152,8108427,"Elachistocleis magna Toledo, 2010",6
10153,8108919,"Aulonemia soderstromii P.L.Viana, Filg. & Judz.",8
10154,8112082,Dichorisandra velutina Aona & M.C.E.Amaral,20
10155,8116884,Fridericia tynanthoides (A.H.Gentry) L.G.Lohmann,13
10156,8117210,Piper carautensei E.F.Guim. & Carv.-Silva,20
10157,8118207,Begonia huegelii (Klotzsch) A.DC.,20
10158,8118422,"Wagneriana dimastophora (Mello-Leitão, 1940)",5
10159,8118870,Adiantopsis tweediana (Hook.) Link-Pérez & Hickey,17
10160,8119242,Tillandsia paraibensis R.A.Pontes,8
10161,8119738,Trichanthecium cyanescens (Nees ex Trin.) Zuloaga & Morrone,20
10162,8120995,"Largus trochanterus Signoret, 1862",20
10163,8122208,Anemia eximia Taub.,8
10164,8123118,Agave sisalana Perrine ex Engelm.,15
10165,8124885,"Microtomus reuteri (Berg, 1879)",20
10166,8125498,Lathrophytum peckoltii Eichler,20
10167,8126835,"Meganola bifiliferata (Walker, 1863)",20
10168,8128871,Microlejeunea epiphylla Bischl.,8
10169,8129400,Plinia pseudodichasiantha (Kiaersk.) G.M.Barroso ex Sobral,19
10170,8129618,Cheilanthes pohliana (Kuntze) Mett.,12
10171,8129697,Lippia ekmanii Moldenke,11
10172,8131064,Cestrum latifolium Lam.,20
10173,8131756,Morisonia humilis (Hassl.) Christenh. & Byng,20
10174,8132065,Anemia luetzelburgii Rosenst.,18
10175,8133171,Lantana tiliaefolia Cham.,18
10176,8134004,"Leptinaria unilamellata (d'Orbigny, 1838)",20
10177,8134525,"Tangara brasiliensis (Linnaeus, 1767)",20
10178,8136089,Eugenia azuruensis O.Berg,9
10179,8136134,"Mahanarva rubicunda (Walker, 1851)",20
10180,8137876,Campylocentrum insulare C.E.Siqueira & E.M.Pessoa,5
10181,8139958,Lejeunea laetevirens Nees & Mont.,20
10182,8140827,"Neomegalotomus parvus (Westwood, 1842)",20
10183,8146046,Suillus granulatus (L.) Roussel,20
10184,8146855,"Platyomus besckei (Germar, 1823)",20
10185,8147090,Pallavicinia lyellii (Hook.) Gray,20
10186,8149538,"Sarota chrysus (Stoll, 1781)",20
10187,8150450,"Hypena minualis Guenée, 1854",20
10188,8150525,Valeriana salicariifolia Vahl,20
10189,8150886,"Euchroma giganteum (Linnaeus, 1758)",20
10190,8151219,"Eulepidotis albata (Felder & Rogenhofer, 1874)",20
10191,8151938,"Erythrolamprus typhlus (Linnaeus, 1758)",20
10192,8152018,Caperonia palustris (L.) A.St.-Hil.,20
10193,8155962,"Argiope submaronica Strand, 1916",20
10194,8156092,Vittaria scabrida Klotzsch ex Fée,8
10195,8158494,Selaginella anceps (C.Presl) C.Presl,19
10196,8158524,"Myiothlypis leucoblephara (Vieillot, 1817)",20
10197,8160378,Bignonia decora (S.Moore) L.G.Lohmann,13
10198,8161551,Peplonia adnata (E.Fourn.) U.C.S.Silva & Rapini,19
10199,8162109,"Listroscelis angustifrons (Piza, 1960)",9
10200,8162653,Physostemon guianense (Aubl.) Malme,17
10201,8164571,Bauhinia pentandra (Bong.) Vogel ex D.Dietr.,40
10202,8166799,"Trixis antimenorrhoea (Schrank) Kuntze, 1898",20
10203,8166954,Alansmia lanigera (Desv.) Moguel & M.Kessler,15
10204,8167490,"Celmia celmus (Cramer, 1775)",20
10205,8168319,Amanita muscaria subsp. flavivolvata Singer,20
10206,8173826,Casearia resinifera Spruce ex Eichler,18
10207,8177591,"Baniana ostia Druce, 1898",20
10208,8177773,Leandra reptans R.Goldenb. & Reginato,8
10209,8178648,Waltheria martii Colla,20
10210,8178693,Anacardium humile A.St.-Hil.,20
10211,8180820,Acanthocladus pulcherrimus (Kuhlm.) J.F.B.Pastore & D.B.O.S.Cardoso,20
10212,8181570,Ocotea arenicola L.C.S.Assis & Mello-Silva,18
10213,8183615,Symphyogyna podophylla (Thunb.) Mont. & Nees,20
10214,8183649,Roupala longepetiolata Pohl,13
10215,8185162,Symphonia globulifera L.fil.,20
10216,8188096,"Allopeas micra (d'Orbigny, 1835)",20
10217,8188318,Reissekia smilacina (Sm.) Steud.,20
10218,8188347,"Ambracius dufouri Stal, 1860",20
10219,8190231,"Corbicula fluminea (O.F.Müller, 1774)",20
10220,8190809,Gaultheria serrata (Vell.) Sleumer ex Kin.-Gouv.,20
10221,8191566,Callianthe pauciflora (A.St.-Hil.) Dorr,20
10222,8192196,Pteris podophylla Sw.,19
10223,8193164,Amphilophium dolichoides (Cham.) L.G.Lohmann,12
10224,8193828,Elaphoglossum erinaceum (Fée) T.Moore,17
10225,8195656,Viguiera trichophylla Dusén,15
10226,8197019,Adiantum platyphyllum Sw.,18
10227,8199376,Stachytarpheta longipedicellata (Moldenke) P.H.Cardoso,20
10228,8199967,Erechtites valerianifolius (Wolf ex Rchb.) DC.,20
10229,8200169,"Rhachidelus brazili Boulenger, 1908",20
10230,8201396,Dichorisandra incurva Mart. ex Schult.f.,20
10231,8202750,Borreria elaiosulcata E.L.Cabral & L.M.Miguel,7
10232,8204876,Pombalia communis (A.St.-Hil.) Paula-Souza,20
10233,8205134,Diplasiolejeunea brunnea Steph.,17
10234,8205774,Baccharis spicata (Lam.) Baill.,20
10235,8205830,Anemia millefolia (Gardner) C.Presl,20
10236,8206761,Cheilolejeunea acutangula (Nees) Grolle,20
10237,8208628,Chaptalia nutans (L.) Pol.,20
10238,8211958,Oxalis acetosella L.,20
10239,8212060,"Taedia signata Carvalho & Gomes, 1971",20
10240,8212982,Meniscium hostmannii (Klotzsch) R.S.Fernald & Salino,16
10241,8213397,"Platyscytus centralis Carvalho & Fontes, 1967",7
10242,8213893,Ficus enormis (Mart. ex Miq.) Mart.,17
10243,8215512,"Chascolytrum uniolae (Nees) Essi, Longhi-Wagner & Souza-Chies",18
10244,8216378,Panopsis rubescens (Pohl) Rusby,16
10245,8217602,"Clathrus cristatus Fazolino, Calonge & Baseia",20
10246,8218144,Adenocalymma cinereum Udulutsch & Assis,8
10247,8218704,Symplocos atlantica Aranha,5
10248,8219594,Pouteria confusa Alves-Araújo & M.Alves,6
10249,8223880,Selaginella asperula Mart. ex Spring,17
10250,8225140,Actinocephalus glareosus (Bong.) F.N.Costa,7
10251,8225814,Pleroma marinanum P.J.F.Guim. & Fraga,12
10252,8227194,Sphagnum capillifolium (Ehrh.) Hedw.,20
10253,8227439,"Cratomorphus diaphanus (Germar, 1824)",20
10254,8228544,Sonchus oleraceus L.,20
10255,8228659,"Sysinas pallidipes (Stal, 1860)",7
10256,8229243,Jacquemontia saxicola L.B.Sm.,20
10257,8229429,Begonia perdusenii Brade,19
10258,8230754,"Mahanarva liturata (Le Peletier de Saint-Fargeau & Serville, 1825)",20
10259,8233068,"Elytrosphaera Chevrolat, 1836",20
10260,8233408,Paspalum proximum Mez,18
10261,8234184,Dahlstedtia araripensis (Benth.) M.J.Silva & A.M.G.Azevedo,20
10262,8234574,Codonanthopsis uleana (Fritsch) Chautems & Mat.Perret,20
10263,8235079,Miconia nordestina R.Goldenb. & E.C.O.Chagas,14
10264,8235899,"Ormosia timboensis D.B.O.S.Cardoso, Meireles & H.C.Lima",12
10265,8236827,Coursetia caatingicola L.P.Queiroz,19
10266,8237270,Spigelia tetraptera Taub. ex L.B.Sm.,20
10267,8239361,Goeppertia flavescens (Lindl.) Borchs. & S.Suárez,18
10268,8239816,"Urbanus velinus (Plötz, 1880)",20
10269,8239823,"Sporophila angolensis (Linnaeus, 1766)",19
10270,8244602,"Guyalna platyrhina Sanborn & Heath, 2014",5
10271,8245619,Phlegmariurus reflexus (Lam.) B.Øllg.,17
10272,8246253,Moranopteris achilleifolia (Kaulf.) R.Y.Hirai & J.Prado,18
10273,8247889,Gmelina arborea Roxb. ex Sm.,20
10274,8249054,Helicteres brevispira A.St.-Hil.,18
10275,8252714,Ruellia asperula (Mart. ex Ness) Lindau,20
10276,8252802,Serpocaulon menisciifolium (Langsd. & Fisch.) A.R.Sm.,19
10277,8254070,"Tityus obscurus (Gervais, 1843)",20
10278,8256927,Amphilophium racemosum (Bureau & K.Schum.) L.G.Lohmann,20
10279,8257122,Baccharis pingraea DC.,14
10280,8257325,"Aratinga nenday (Vieillot, 1823)",20
10281,8257822,"Strombus pugilis Linnaeus, 1758",20
10282,8259566,Lepidopilum muelleri (Hampe) Hampe,16
10283,8260433,Crotalaria pallida Aiton,20
10284,8260728,Anomospermum reticulatum (Mart.) Eichler,20
10285,8260844,Gymneia virgata (Benth.) Harley & J.F.B.Pastore,19
10286,8261566,"Ameivula nativo (Rocha, Bergallo & Peccinini-Seale, 1997)",20
10287,8261882,Paspalum millegrana Schrad. ex Schult.,19
10288,8264224,"Estenorhinus dispar (Linnaeus, 1758)",7
10289,8264491,Mendoncia glabra Poepp. & Endl.,20
10290,8265068,Caamembeca grandifolia (A.St.-Hil. & Moq.) J.F.B.Pastore,20
10291,8265343,"Coryzorhaphis leucocephala Spinola, 1837",20
10292,8266028,Caamembeca spectabilis (DC.) J.F.B.Pastore,20
10293,8266320,"Lecythis ibiriba (Miers) N.P.Sm., S.A.Mori & Popovkin",12
10294,8266436,Heisteria perianthomega (Vell.) Sleumer,20
10295,8267213,Compsoneura ulei Warb.,18
10296,8267221,Pleonotoma stichadenia K.Schum.,17
10297,8267313,"Podisus nigrispinus (Dallas, 1851)",20
10298,8270815,Piper anonifolium Kunth,18
10299,8272094,Pabstiella seriata (Lindl.) Luer & Toscano,17
10300,8274236,"Achaea ablunaris Guenée, 1852",20
10301,8274253,Senegalia velutina (DC.) Seigler & Ebinger,20
10302,8275265,"Philodryas agassizii (Jan, 1863)",20
10303,8275767,"Erythrolamprus reginae (Linnaeus, 1758)",20
10304,8281864,Calvatia guzmanii C.R.Alves & Cortez,7
10305,8286709,Comolia veronicifolia Benth.,13
10306,8287280,Aechmea rubroaristata Leme & Fraga,20
10307,8288017,"Lebia dorsalis Dejean, 1826",20
10308,8289310,"Rhinella merianae (Gallardo, 1965)",20
10309,8295204,Jacquemontia evolvuloides (Moric.) Meisn.,20
10310,8298495,Galinsoga quadriradiata Ruiz & Pav.,20
10311,8300745,"Micrurus potyguara Pires, Da Silva Jr, Feitosa, Prudente, Preira-Filho & Zaher, 2014",15
10312,8301178,Plagiochila patula (Sw.) Nees & Mont. ex Lindenb.,20
10313,8306961,"Omophoita albicollis (Fabricius, 1787)",20
10314,8306978,"Pelidnota testaceovirens Blanchard, 1851",20
10315,8310280,Gymnospora violoides (A.St.-Hil. & Moq.) J.F.B.Pastore,17
10316,8311862,Anemia humilis (Cav.) Sw.,15
10317,8312169,Siphanthera cordata Pohl ex DC.,13
10318,8312419,Ruellia affinis (Schrad.) T.Anderson,19
10319,8313036,Pleroma caissara F.S.Mey.,14
10320,8317146,Andropogon virgatus Desv.,20
10321,8317433,"Clibanarius symmetricus (J.W.Randall, 1840)",20
10322,8317521,Asplenium balansae (Baker) Sylvestre,19
10323,8317937,"Euglandina striata (O.F.Müller, 1774)",20
10324,8318656,Phlegmariurus biformis (Hook.) B.Øllg.,18
10325,8319300,Leucotrichum schenckii (Hieron.) Labiak,13
10326,8321984,Anemia flexuosa (Savigny) Sw.,20
10327,8322360,Phlegmariurus hexastichus (B.Øllg. & P.G.Windisch) B.Øllg.,20
10328,8323453,Selaginella radiata (Aubl.) Spring,20
10329,8323670,"Nematopus manausensis Brailovsky & Camacho, 2003",7
10330,8324955,Jacquemontia holosericea (Weinm.) O'Donell,17
10331,8325269,Pleroma fothergillii (Schrank & Mart. ex DC.) Triana,18
10332,8326180,Dichorisandra hexandra (Aubl.) C.B.Clarke,20
10333,8328476,"Rubrica nasuta (Christ, 1791)",20
10334,8331985,Moquiniastrum blanchetianum (DC.) G.Sancho,12
10335,8332732,Chaetogastra debilis Cham.,17
10336,8332867,Salacia crassifolia (Mart.) G.Don,20
10337,8333081,Pellaea crenata R.M.Tryon,15
10338,8335424,Miconia tomentosa (Rich.) D.Don,20
10339,8335905,Anchietea pyrifolia (Mart.) G.Don,20
10340,8338389,Callichlamys latifolia (Rich.) K.Schum.,20
10341,8338905,"Physalaemus lateristriga (Steindachner, 1864)",20
10342,8340082,"Contomastix vacariensis (Feltrim & Lema, 2000)",5
10343,8340805,Oenothera longiflora L.,20
10344,8341262,"Aniara sepulchralis (Fabricius, 1801)",20
10345,8342068,"Arthrosaura reticulata (O'Shaughnessy, 1881)",20
10346,8343221,Medusantha martiusii (Benth.) Harley & J.F.B.Pastore,15
10347,8343461,Adiantum argutum Splitg.,20
10348,8344865,"Sarasinula linguaeformis (C.Semper, 1885)",20
10349,8345406,"Vireo chivi (Vieillot, 1817)",20
10350,8346080,Casearia espiritosantensis R.Marquete & Mansano,5
10351,8347818,"Ameerega berohoka Vaz-Silva & Maciel, 2011",20
10352,8348413,Hyperandra appendiculata,20
10353,8349102,Ipomoea piresii O'Donell,7
10354,8349140,"Sapajus macrocephalus (Spix, 1823)",20
10355,8351789,Potamogeton pusillus L.,20
10356,8352635,Fridericia simplex (A.H.Gentry) L.G.Lohmann,15
10357,8354252,"Cercomacroides tyrannina (P.L.Sclater, 1855)",15
10358,8354374,Adenocalymma nodosum (Silva Manso) L.G.Lohmann,19
10359,8354673,"Aspisoma sticticum (Gemminger, 1870)",20
10360,8356399,Zygosepalum labiosum (Rich.) Garay,10
10361,8356650,Viola gracillima A.St.-Hil.,14
10362,8357600,"Pseudastur albicollis (Latham, 1790)",20
10363,8358797,"Chloromiopteryx plurilobata Mello-Leitao, 1937",20
10364,8359138,Dahlstedtia muehlbergiana (Hassl.) M.J.Silva & A.M.G.Azevedo,20
10365,8360923,"Rhinastus sternicornis Costa Lima & A.da, 1927",20
10366,8365613,Peperomia pseudopereskiifolia C.DC.,19
10367,8368188,"Stictia punctata (Fabricius, 1775)",20
10368,8371001,Fridericia erubescens (DC.) L.G.Lohmann,19
10369,8371117,"Pleiochiton blepharodes (DC.) Reginato, R.Goldenb. & Baumgratz",20
10370,8371626,Geissospermum laeve (Vell.) Miers,20
10371,8372836,Jacquemontia sphaerostigma (Cav.) Rusby,20
10372,8375307,Peperomia acuminata Ruiz & Pav.,20
10373,8375350,Fridericia patellifera (Schltdl.) L.G.Lohmann,20
10374,8382537,"Proarna insignis Distant, 1881",20
10375,8383006,Hyptis penaeoides Taub. ex Ule,19
10376,8383874,Acianthera hatschbachii (Schltr.) Chiron & Van den Berg,19
10377,8384900,"Taedia similaris Carvalho & Gomes, 1971",5
10378,8385183,Muellera campestris (Mart. ex Benth.) M.J.Silva & A.M.G.Azevedo,20
10379,8385483,Drosera latifolia (Eichler) Gonella & Rivadavia,20
10380,8387014,"Phyllopezus lutzae (Loveridge, 1941)",20
10381,8389961,"Strymon bubastus (Stoll, 1780)",20
10382,8390047,"Chnoodes Chevrolat, 1837",20
10383,8396781,"Spurilla braziliana MacFarland, 1909",20
10384,8397615,"Hymenaea fariana R.D.Ribeiro, D.B.O.S.Cardoso & H.C.Lima",18
10385,8397962,"Dyomyx egista (Bar, 1876)",20
10386,8400027,Huperzia badiniana B.Øllg. & P.G.Windisch,16
10387,8400519,Phlegmariurus flexibilis (Fée) B.Øllg.,17
10388,8402378,"Cercomacroides serva (P.L.Sclater, 1858)",12
10389,8403408,Ipomoea procurrens Meisn.,20
10390,8403992,Capsicum frutescens L.,20
10391,8408803,Blechnum longipilosum V.A.O.Dittrich & Salino,5
10392,8409353,Miconia impetiolaris (Sw.) D.Don,20
10393,8410331,Justicia aurea Schltdl.,20
10394,8410993,Anemia ferruginea Kunth,8
10395,8411211,"Senegalia harleyi Seigler, Ebinger & P.G.Ribeiro",12
10396,8411322,Catopsis sessiliflora (Ruiz & Pav.) Mez,20
10397,8412031,"Vampyriscus bidens (Dobson, 1878)",20
10398,8413943,Turnera revoluta Urb.,13
10399,8415063,"Ceratopipra rubrocapilla (Temminck, 1821)",20
10400,8415066,"Chatogekko amazonicus (Andersson, 1918)",20
10401,8415156,Serpocaulon laetum (C.Presl) Schwartsb. & A.R.Sm.,18
10402,8415706,Asplenium kunzeanum Klotzsch ex Rosenst.,20
10403,8418960,"Parapantomorus fluctuosus (Boheman, 1840)",20
10404,8421689,Passiflora cervii M.A.M.Azevedo,10
10405,8422171,"Euschistus picticornis Stal, 1872",20
10406,8422618,Philodendron meridionale Buturi & Sakur.,20
10407,8422875,"Schiffornis olivacea (Ridgway, 1906)",16
10408,8426323,Mikania biformis DC.,9
10409,8427665,Baccharis hemiptera G.Heiden & A.A.Schneid.,13
10410,8428618,Helicteres eichleri K.Schum.,20
10411,8429610,Anemia nervosa Pohl,8
10412,8433859,"Bothrops taeniatus Wagler, 1824",20
10413,8435196,Passiflora pallida L.,20
10414,8447695,"Ricolla quadrispinosa (Linnaeus, 1767)",20
10415,8455686,Thelypteris polypodioides (Raddi) C.F.Reed,15
10416,8456019,"Antiteuchus sepulcralis (Fabricius, 1803)",20
10417,8459249,Thelypteris pinnatifida A.R.Sm.,15
10418,8459356,"Nilio lanatus Germar, 1824",20
10419,8461241,Thelypteris eriosorus (Fée) Ponce,19
10420,8461778,"Xenopygus bicolor (Laporte de Castelnau, 1835)",20
10421,8462170,Thelypteris hatschbachii A.R.Sm.,14
10422,8467440,Euploca humilis (L.) Feuillet,20
10423,8475296,Adiantopsis radiata (L.) Fée,20
10424,8479618,"Triatoma pseudomaculata Correa & Espínola, 1964",20
10425,8484056,"Brachymetra albinervis (Amyot & Serville, 1843)",5
10426,8486323,"Lachesis muta (Linnaeus, 1766)",20
10427,8487681,Phlegmariurus taxifolius (Sw.) Á.Löve & D.Löve,19
10428,8498877,"Torresabela fairmairei (Signoret, 1853)",20
10429,8501392,"Oebalus ypsilongriseus (De Geer, 1773)",20
10430,8510693,"Notocyrtus dispersus Carvalho & Costa, 1992",5
10431,8515825,Agalinis genistifolia (Cham. & Schltdl.) D' Arcy,20
10432,8517629,"Physeterostemon aonae Amorim, Michelang. & R.Goldenb.",5
10433,8525389,Ctenitis christensenii R.S.Viveros & Salino,11
10434,8529145,"Neodayoungia xanthonota (Signoret, 1854)",7
10435,8535788,"Alangularis multilobata Chopard, 1910",20
10436,8536149,"Enyalius catenatus (Wied-Neuwied, 1821)",20
10437,8542672,Cotula australis (Sieber ex Spreng.) Hook.fil.,20
10438,8547493,Radiovittaria stipitata (Kunze) E.H.Crane,20
10439,8550795,Orthostichella pachygastrella (Müll.Hal. ex Ångstr.) B.H.Allen & Magill,13
10440,8553197,Pacouria boliviensis (Markgr.) A.Chev.,16
10441,8565768,"Marmosa paraguayana Tate, 1931",20
10442,8571986,Amauropelta tamandarei (Rosenst.) Salino & T.E.Almeida,7
10443,8581073,"Discocyrtanus pertenuis (Mello-Leitão, 1935)",20
10444,8582342,"Yagra fonscolombe (Godart, 1824)",20
10445,8588585,Diplazium asplenioides (Kunze) C.Presl,16
10446,8593158,Elaphoglossum herminieri (Bory ex Fée) T.Moore,20
10447,8596590,"Ardenna gravis (O'Reilly, 1818)",20
10448,8598324,Tontelea miersii (Peyr.) A.C.Sm.,18
10449,8599572,Salacia elliptica (Mart. ex Roem. & Schult.) G.Don,19
10450,8602287,"Conognatha insignis (Perty, 1830)",12
10451,8607017,Vismia atlantica L.Marinho & M.V.Martins,7
10452,8609614,Cheiloclinium hippocrateoides (Peyr.) A.C.Sm.,17
10453,8610307,Amauropelta pachyrhachis (Kunze ex Mett.) Salino & T.E.Almeida,19
10454,8617020,"Discocyrtanus oliverioi (Soares, 1945)",20
10455,8627305,Goniopteris abrupta (Desv.) A.R.Sm.,20
10456,8629381,"Osteocephalus helenae (Ruthven, 1919)",20
10457,8629529,"Syntermes nanus Constantino, 1995",20
10458,8632501,"Pseudovates iheringi Saussure & Zehntner, 1894",20
10459,8637730,Allophylus edulis (A.St.-Hil. et al.) Hieron. ex Niederl.,19
10460,8645040,Hatiora epiphylloides (Porto & Werderm.) P.V.Heath,5
10461,8645517,Otoba parvifolia (Markgr.) A.H.Gentry,20
10462,8653571,"Selymbria stigmatica (Germar, 1834)",11
10463,8656335,Campyloneurum aphanophlebium (Kunze) T.Moore,17
10464,8659193,Ceiba jasminodora (A.St.-Hil.) K.Schum.,16
10465,8662389,Elaphoglossum laminarioides (Bory) T.Moore,14
10466,8663317,Monochaetum bonplandii (Kunth) Naudin,20
10467,8664319,"Oreodera glauca (Linnaeus, 1758)",20
10468,8667467,Microgramma lindbergii (Mett.) de la Sota,18
10469,8668929,Thelypteris amambayensis (Christ) Ponce,18
10470,8672233,Neolirata daguerrei (Gemignani),5
10471,8674629,Cotylidia aurantiaca (Pat.) A.L.Welden,20
10472,8674765,Myriopus villosus (Salzm. ex DC.) J.I.M.Melo,19
10473,8678171,Cheiloclinium serratum (Cambess.) A.C.Sm.,15
10474,8680936,"Macrostemum digramma (McLachlan, 1871) McLachlan, 1871",9
10475,8685411,Goniopteris biformata (Rosenst.) Salino & T.E.Almeida,19
10476,8688929,"Ceiba speciosa (A.St.-Hil., A.Juss. & Cambess.) Ravenna",20
10477,8694128,Eriosorus sellowianus (C.Presl) Copel.,10
10478,8704416,"Zelus leucogrammus (Perty, 1833)",20
10479,8705385,"Rhynchotermes nasutissimus (Silvestri, 1901)",12
10480,8707933,Mentha × piperita L.,17
10481,8713668,Elaphoglossum rigidum (Aubl.) Urb.,16
10482,8718979,Chaetogastra crassifolia F.S.Mey. & R.Goldenb.,7
10483,8721117,Anemia mynsseniana Mickel,15
10484,8728678,"Neocapritermes opacus (Hagen, 1858)",20
10485,8729567,"Trichomyrmex destructor (Jerdon, 1851)",20
10486,8731494,Prepona claudina,20
10487,8739921,"Brontostoma rubrovenosum (Stål, 1860)",20
10488,8740142,"Tupinambis cuzcoensis Murphy, Jowers, Lehtinen, Charles, Colli, Peres Jr, Hendry & Pyron, 2016",20
10489,8750417,"Oncopeltus luctuosus (Stal, 1867)",20
10490,8755912,Blechnum divergens (Kunze) Mett.,20
10491,8756949,Pleroma fissinervium Schrank & Mart. ex DC.,20
10492,8759022,"Doldina lauta (Stål, 1860)",5
10493,8764768,"Torvochrimnus poeyi (Guerin, 1838)",20
10494,8787113,Cyperus obtusatus (J.Presl & C.Presl) Mattf. & Kük.,20
10495,8788742,Blechnum cordatum (Desv.) Hieron.,20
10496,8789640,Davilla hirsuticarpa Fraga & Aymard,19
10497,8790091,"Succinea meridionalis d'Orbigny, 1846",20
10498,8790312,Opharus brasiliensis,10
10499,8792353,Lychnuchoides ozias,20
10500,8794151,"Sirthenea amazona Stål, 1866",8
10501,8798691,Mitracarpus polygonifolius (A.St.-Hil.) R.M.Salas & E.B.Souza,20
10502,8799303,"Strephonota strephon (Fabricius, 1775)",20
10503,8802697,Omphalanthus filiformis (Sw.) Nees,20
10504,8804042,"Temnoconcha galathaea (Lamarck, 1818)",19
10505,8815585,Microlicia naudiniana R.Romero,14
10506,8816793,Anemia andersonii Mickel & Labiak,8
10507,8820481,Cyanophrys pseudolongula,20
10508,8826270,"Drymaeus semistriatus F.Haas, 1955",20
10509,8827895,"Coendou baturitensis Feijó & Langguth, 2013",20
10510,8828755,Myrcia pseudovenulosa Stadnik & Sobral,12
10511,8837974,Arawacus ellida,20
10512,8839903,"Drymaeus expansus (L.Pfeiffer, 1848)",20
10513,8840351,"Desmophlebium lechleri (Mett.) Mynssen, A.Vasco, Sylvestre, R.C.Moran & Rouhan",14
10514,8844069,Schaueria calytricha (Hook.) A.L.A.Côrtes,20
10515,8846035,Macrothelypteris torresiana (Gaudich.) Ching,20
10516,8847667,"Exora olivacea (Fabricius, 1801)",20
10517,8852151,Cratylia isopetala (Lam.) L.P.Queiroz,20
10518,8853085,"Micrurus hemprichii (Jan, 1858)",20
10519,8858479,"Zelus errans Fabricius, 1803",20
10520,8868834,"Celeus galeatus (Temminck, 1822)",19
10521,8874583,"Helicina variabilis J.A.Wagner, 1827",20
10522,8876700,"Clelia clelia (Daudin, 1803)",20
10523,8876855,"Niphograpta albiguttalis Warren, 1889",20
10524,8877178,Lomariocycas schomburgkii (Klotzsch) Gasper & A.R.Sm.,20
10525,8880131,Vellozia strangii L.B.Sm. ex Mello-Silva,18
10526,8881817,Hymenodon aeruginosus (Hook. & Wilson) Müll.Hal.,20
10527,8885431,"Saimiri ustus (I.Geoffroy Saint-Hilaire, 1843)",20
10528,8886720,"Vanenga mediorosea St Laurent & Herbin, 2017",20
10529,8894817,"Caretta caretta (Linnaeus, 1758)",20
10530,8895074,"Heraclides torquatus (Cramer, 1777)",20
10531,8898569,Blechnum lehmannii Hieron.,20
10532,8903801,Myrcia costeira M.F.Santos,12
10533,8904480,Strymon mulucha,20
10534,8907768,"Poecilesthus Dejean, 1834",60
10535,8909345,"Begonia jaguarensis L.Kollmann, R.S.Lopes & Peixoto",14
10536,8910944,Sarcomphalus joazeiro (Mart.) Hauenschild,20
10537,8912893,"Dasyprocta iacki Feijó & Langguth, 2013",20
10538,8913017,Brangas neora,20
10539,8928290,"Systena silvestrii Bechyné, 1957",20
10540,8928356,Lomaridium acutum (Desv.) Gasper & V.A.O.Dittrich,20
10541,8928993,"Cyperus potiguar A.R.O.Ribeiro, M.Alves & R.C.Oliveira",16
10542,8929638,"Zelus vagans Fabricius, 1803",12
10543,8934496,"Evenus batesii (Hewitson, 1865)",20
10544,8946081,Bryum leptocladon Sull.,17
10545,8946986,Lema bilineata,20
10546,8953936,"Caiman crocodilus (Linnaeus, 1758)",20
10547,8958298,"Zelus plagiatus (Signoret, 1852)",20
10548,8962358,"Gardnerycteris crenulatum (E.Geoffroy, 1803)",20
10549,8962907,"Barreirana barreirana (Riester, 1938) Carbayo et al., 2013",20
10550,8971274,Beta vulgaris L.,20
10551,8971533,"Ipidecla schausi (Godman & Salvin, 1887)",20
10552,8976534,Hexasepalum apiculatum (Willd.) Delprete & J.H.Kirkbr.,20
10553,8976894,Hexasepalum radulum (Willd.) Delprete & J.H.Kirkbr.,20
10554,8977050,Genlisea lobata Fromm,10
10555,8993508,Palicourea sessilis (Vell.) C.M.Taylor,20
10556,9001357,Miconia papillosperma R.Goldenb. & Michelang.,12
10557,9001615,"Neruda aoede (Hübner, 1816)",20
10558,9004392,"Diophanes salvifolius (Lichtenstein, 1796)",20
10559,9014945,Phleum pratense L.,20
10560,9016382,"Eresia eunice (Hübner, 1807)",20
10561,9033995,"Phyllopezus pollicaris (Spix, 1825)",20
10562,9041834,Sparattosperma leucanthum (Vell.) K.Schum.,20
10563,9043276,Rhodobryum beyrichianum (Hornsch.) Müll.Hal.,5
10564,9064085,"Pristimantis paulodutrai (Bokermann, 1975)",18
10565,9064581,Hibiscus schizopetalus (Dyer) Hook.fil.,20
10566,9065458,Leucocoprinus cretaceus (Bull.) Locq.,20
10567,9071001,Miconia astrocalyx Meirelles & R.Goldenb.,9
10568,9074378,Mansoa paganuccii M.M.Silva,20
10569,9084216,"Philodryas olfersii (Lichtenstein, 1823)",20
10570,9087942,Adiantum intermedium Sw.,19
10571,9092732,"Neoponera unidentata (Mayr, 1862)",20
10572,9101127,Irenodendron cupulatum (Spruce ex Benth.) M.H.Alford & Dement,18
10573,9101732,"Montina confusa (Stål, 1859)",20
10574,9101860,"Euglossa annectans Dressler, 1982",20
10575,9102638,Pleroma fragae L.Kollmann & R.Goldenb.,5
10576,9106826,"Ochrostomus brasiliensis (Brailovsky, 1979)",20
10577,9109351,"Obama applanata (Graff, 1899) Carbayo et al., 2013",20
10578,9116338,Neoblechnum brasiliense (Desv.) Gasper & V.A.O.Dittrich,20
10579,9119360,"Paubrasilia echinata (Lam.) Gagnon, H.C.Lima & G.P.Lewis",20
10580,9122016,Staphylus ascalaphus,20
10581,9124033,"Pierella kesselringi Zacca, Siewert & Paluch",20
10582,9125812,Henriettea saldanhae Cogn.,13
10583,9128521,Stropharia coronilla (Bull.) Quél.,20
10584,9147136,"Apiomerus nitidicollis Stål, 1872",18
10585,9150027,Leandra capilliflora (Naudin) Reginato,5
10586,9151957,Medicago sativa L.,20
10587,9153206,Blechnum penna-marina (Poir.) Kuhn,20
10588,9156773,"Drymaeus papyraceus (Mawe, 1823)",20
10589,9171870,Sarcomphalus platyphyllus (Reissek) Hauenschild,20
10590,9173109,Riccardia digitiloba (Spruce) Pagan,20
10591,9180537,"Smilax pilosa (Fabricius, 1787)",5
10592,9181563,"Pyrrhosphodrus amazonus Stål, 1866",20
10593,9182154,Vicia villosa Roth,20
10594,9183209,"Montina lobata Stål, 1859",20
10595,9184315,"Oncopeltus varicolor (Fabricius, 1794)",20
10596,9185344,"Celeus ochraceus (von Spix, 1824)",20
10597,9186031,"Caligopsis seleucida (Hewitson, 1877)",20
10598,9188884,"Crossodactylus timbuhy Pimenta, Cruz & Caramaschi, 2014",18
10599,9189798,"Megalobulimus oblongus (O.F.Müller, 1774)",20
10600,9191839,"Ipidecla crepundia (H.H.Druce, 1909)",20
10601,9192882,Catoblepia amphirhoe (Hübner),20
10602,9193953,Zinnia peruviana (L.) L.,20
10603,9194286,"Otostomus signatus (Spix, 1827)",20
10604,9198095,Matelea orthosioides (E.Fourn.) Fontella,13
10605,9201996,"Sinningia bragae Chautems, M.Peixoto & Rossini",7
10606,9206555,"Tyrannus savana Daudin, 1802",7
10607,9208011,"Rekoa stagira (Hewitson, 1867)",20
10608,9210637,"Diabrotica speciosa Germar, 1824",20
10609,9212421,Microlicia candolleana R.Romero & Versiane,18
10610,9213387,Anemia pubescens Mickel & Labiak,5
10611,9217666,Mimosa bimucronata (DC.) Kuntze,20
10612,9220611,Leucobryum crispum Müll.Hal.,15
10613,9220686,Metaxya scalaris Tuomisto & Cárdenas,20
10614,9226874,"Pseudopipra pipra (Linnaeus, 1758)",20
10615,9236803,"Calledema jocasta Schaus, 1901",20
10616,9237911,Palicourea bracteocardia (DC.) Delprete & J.H.Kirkbr.,20
10617,9239253,Xylophragma tenue Kaehler,7
10618,9239604,"Strymon ziba (Hewitson, 1868)",20
10619,9241100,"Cacoscelis marginata (Fabricius, 1775)",20
10620,9241489,"Traumatomutilla inermis (Klug, 1821)",20
10621,9243264,"Patalene aenetusaria (Walker, 1860)",20
10622,9246166,Cenostigma bracteosum (Tul.) Gagnon & G.P.Lewis,20
10623,9246577,Gaulettia elata (Ducke) Sothers & Prance,16
10624,9247051,"Zimiris doriae Simon, 1882",20
10625,9250003,"Scotobius pilularius Germar, 1824",20
10626,9250677,Homalolepis cedron (Planch.) Devecchi & Pirani,20
10627,9251812,"Synoeca ilheensis Lopes & Menezes, 2017",20
10628,9253485,Elaphoglossum mollissimum (Fée) Hieron.,9
10629,9254277,Maschalostachys mellosilvae Loeuille & Roque,11
10630,9255084,"Larra bicolor Fabricius, 1804",20
10631,9255328,"Hamadryas laodamia (Cramer, 1777)",20
10632,9257382,"Eueides aliphera (Godart, 1819)",20
10633,9257734,Erythroxylum umbu Costa-Lima,20
10634,9257849,Siphocampylus sevegnaniae Funez & Hassemer,11
10635,9257889,"Leucospilomutilla cerbera (Klug, 1821)",20
10636,9259688,Myrcia neoregeliana E.Lucas & C.E.Wilson,18
10637,9262994,"Troyus Warren & Turland, 2012",20
10638,9265470,"Zeraikia zeraikae Gil-Santana, 2017",7
10639,9266165,"Oebalus poecilus (Dallas, 1851)",20
10640,9272973,"Odontoderes morbillosus (D.Drury, 1782)",20
10641,9274887,Adelpha plesaure Hübner,20
10642,9276572,"Cymatothes hieroglyphicus (Perty, 1832)",9
10643,9277799,"Orthalicus phlogerus (d'Orbigny, 1835)",16
10644,9280911,"Limnornis curvirostris Gould, 1839",20
10645,9283100,"Ministrymon cruenta (Gosse, 1880)",20
10646,9283789,"Aricoris epulus (Cramer, 1775)",20
10647,9284273,Miconia renatogoldenbergii Meirelles & Bacci,15
10648,9284407,"Iphiclus ephippium Duponchel, 1825",20
10649,9285887,"Gonyleptes curvicornis (Roewer, 1913)",20
10650,9294049,Homalolepis cuneata (A.St.-Hil. & Tul.) Devecchi & Pirani,17
10651,9296471,"Panthiades bathildis (R.F.C.Felder, 1865)",20
10652,9296516,"Setabis lagus (Cramer, 1777)",20
10653,9297229,"Microspingus cabanisi (Bonaparte, 1850)",20
10654,9299464,"Ziegleria ceromia (Hewitson, 1877)",20
10655,9300053,"Erythrolamprus taeniogaster (Jan, 1863)",20
10656,9301107,"Castanozoster thoracicus (Nordmann, 1835)",20
10657,9301663,"Adelpha cocala Cramer, 1782",20
10658,9302445,Anemopaegma arvense (Vell.) Stellfeld ex De Souza,20
10659,9306034,Cenostigma nordestinum Gagnon & G.P.Lewis,20
10660,9307101,Terminalia tetraphylla (Aubl.) Gere & Boatwr.,20
10661,9308930,"Loxomorpha flavidissimalis (Grote, 1878)",20
10662,9312449,Ichnanthus camporum Swallen,9
10663,9312593,"Coptodon rendalli (Boulenger, 1897)",20
10664,9314095,"Heilipodus naevulus Kuschel, 1955",17
10665,9314476,"Dinocoris lineatus (Dallas, 1852)",19
10666,9316127,"Arzecla taminella (Schaus, 1902)",20
10667,9316719,"Erythrolamprus maryellenae (Dixon, 1985)",20
10668,9317572,"Myrmoderus squamosus (Pelzeln, 1868)",20
10669,9317794,"Darditilla debilis (Gerstaecker, 1874) Gerstaecker, 1874",20
10670,9320126,"Thepytus thyrea (Hewitson, 1867)",20
10671,9324093,"Chrysesthes tripunctata (Fabricius, 1787)",20
10672,9326984,"Eutocus vetulus (Mabille, 1883)",6
10673,9327398,Maxillaria subrepens (Rolfe) Schuit. & M.W.Chase,20
10674,9328701,"Erythrolamprus jaegeri (Günther, 1858)",20
10675,9332550,"Megalopyge basalis (Walker, 1855)",20
10676,9334071,"Nicolaea besidia (Hewitson, 1868)",20
10677,9336379,"Cyclophora melitia (Druce, 1892)",20
10678,9341099,Dyssochroma atlantica (Stehmann & Giacomin) A.Orejuela & C.I.Orozco,11
10679,9345448,"Promitobates nigripes (Mello-Leitão, 1935)",11
10680,9346649,"Haemulopsis corvinaeformis (Steindachner, 1868)",20
10681,9348294,"Cossula arpi Schaus, 1901",11
10682,9350913,Distimake aegyptius (L.) A.R.Simões & Staples,20
10683,9351665,"Photiomantis planicephala Rehn, 1916",20
10684,9354559,Taxilejeunea pterigonia (Lehm. & Lindenb.) Schiffn.,17
10685,9356586,"Crimissa cruralis Stal, 1858",20
10686,9357655,"Dilatitibialis Duverger, 2001",20
10687,9357774,"Thereus enenia (Hewitson, 1867)",9
10688,9357923,Terminalia ochroprumna (Eichler) Gere & Boatwr.,16
10689,9367058,"Kolana ligurina (Hewitson, 1874)",20
10690,9369410,"Edessa miniata Westwood, 1837",18
10691,9374841,"Siderus philinna (Hewitson, 1868)",20
10692,9374911,Myrcia neoobscura E.Lucas & C.E.Wilson,19
10693,9377056,"Thoscora pellucida (Möschler, 1877)",11
10694,9377208,"Erotylus histrio Fabricius, 1787",20
10695,9381806,"Cryptolophocolea martiana (Nees) L.Söderstr., Crand.-Stotl. & Stotler",20
10696,9383100,"Myrmelastes hyperythrus (P.L.Sclater, 1855)",19
10697,9384022,"Strumigenys denticulata Mayr, 1887",19
10698,9384063,"Amitermes excellens (Silvestri, 1923)",20
10699,9386306,"Agrilus dilaticornis Kerremans, 1897",8
10700,9387267,"Neocalvia fulgurata (Mulsant, 1850)",20
10701,9389130,Polytaenium citrifolium (L.) Schuettp.,19
10702,9389529,"Horciasoides minensis (Carvalho, 1976)",13
10703,9390494,Leiothrix raymondii Giul. & D.M.Silva,14
10704,9391105,"Heraclides astyalus (Godart, 1819)",20
10705,9391725,"Hybobathus phaeopterus (Schiner, 1868)",20
10706,9393450,Hildaea tenuis (J.Presl) C.Silva & R.P.Oliveira,14
10707,9393917,"Ramphocaenus melanurus Vieillot, 1819",20
10708,9394888,"Tyrannus albogularis Burmeister, 1856",20
10709,9394929,"Vitalia galipensis (Müll.Hal.) P.E.A.S.Câmara, Carv.-Silva & W.R.Buck",7
10710,9395000,"Mylon maimon (Fabricius, 1775)",20
10711,9395900,"Rallus longirostris Boddaert, 1783",20
10712,9398686,"Ameivula pyrrhogularis (Basto Da Silva & Ávila-Pires, 2013)",20
10713,9400286,"Condylostylus longicornis (Fabricius, 1775)",20
10714,9401564,"Lampetis roseocarinata Thomson, 1878",20
10715,9403411,"Spinulata maruga (Schaus, 1901)",10
10716,9404185,Palicourea minutiflora (Müll.Arg.) C.M.Taylor,10
10717,9404736,"Microspingus lateralis (Nordmann, 1835)",20
10718,9404972,"Myrmoderus ruficauda (M.Wied-Neuwied, 1831)",19
10719,9406432,Brugmansia suaveolens (Humb. & Bonpl. ex Willd.) Sweet,20
10720,9407004,"Hoplomutilla bequaerti Mickel, 1939",13
10721,9407636,"Plekocheilus floccosus (Spix, 1827)",17
10722,9410627,"Heilus inaequalis Kuschel, 1955",20
10723,9411730,"Neoponera commutata (Roger, 1860)",20
10724,9413781,"Leistotrophus versicolor (Gravenhorst, 1806)",20
10725,9414152,"Edessa rufomarginata (De Geer, 1773)",20
10726,9419574,"Cyanoloxia rothschildii (E.Bartlett, 1890)",16
10727,9420270,Portulaca giuliettiae T.Vieira & A.A.Coelho,20
10728,9420580,"Psiloptera olivieri Saunders, 1870",20
10729,9421090,"Hylesia tapareba Dyar, 1913",10
10730,9422220,"Spatula discors (Linnaeus, 1766)",20
10731,9423871,"Heniartes jaakkoi Wygodzinsky, 1947",15
10732,9424295,"Calycopis demonassa (Hewitson, 1868)",20
10733,9424579,"Hypanus guttatus (Bloch & Schneider, 1801)",20
10734,9426831,"Lacpatica Bechyné, 1977",15
10735,9429836,"Trogon melanurus Swainson, 1838",20
10736,9430902,"Contrafacia imma (Prittwitz, 1865)",20
10737,9434670,"Myrmoderus loricatus (Lichtenstein & Mhc, 1823)",20
10738,9437234,Anthurium idimae Theófilo & Nadruz,6
10739,9437273,"Theclopsis lydus (Hübner, 1819)",20
10740,9438244,"Mezira handlirschi (Bergroth, 1898)",11
10741,9439974,Pseudobombax majus (A.Robyns) Carv.-Sobr.,20
10742,9444518,"Rufirallus viridis (Müller & Pls, 1776)",16
10743,9444926,Pleroma rubrum J.G.Freitas,5
10744,9445758,"Apiomerus geniculatus Erichson, 1848",20
10745,9446757,Homalolepis suffruticosa (Engl.) Devecchi & Pirani,20
10746,9448573,Vernonia hilairiana Gardner,20
10747,9449656,"Mycotretus ornatus Duponchel, 1825",20
10748,9450267,"Akletos goeldii (E.Snethlage, 1908)",20
10749,9451184,"Pavo cristatus Linnaeus, 1758",20
10750,9452352,Camonea umbellata (L.) A.R.Simões & Staples,20
10751,9454273,"Porthecla ravus (H.H.Druce, 1907)",20
10752,9454802,"Themone pulcherrima Herrich-Schäffer, 1850",7
10753,9456411,"Traumatomutilla indica (Linnaeus, 1758)",20
10754,9457324,"Melanis electron (Fabricius, 1793)",20
10755,9458465,"Bathygobius brasiliensis Carvalho-Filho & de Araújo, 2017",20
10756,9459648,"Trilepida jani (Pinto & Fernandes, 2012)",7
10757,9462014,"Plica plica (Linnaeus, 1758)",20
10758,9462202,Cenostigma pyramidale (Tul.) Gagnon & G.P.Lewis,20
10759,9462558,"Penelope jacquacu Spix, 1825",20
10760,9462657,"Callicore astarte (Cramer, 1779)",20
10761,9464249,"Heraclides thoas (Linnaeus, 1771)",20
10762,9466021,"Psiloptera hoffmanni (Laporte & Gory, 1836)",9
10763,9467165,"Costalimaita ferruginea (Fabricius, 1801)",20
10764,9468367,Palicourea apoda (Steyerm.) Delprete & J.H.Kirkbr.,20
10765,9469139,"Ziegleria hesperitis (Butler & H.Druce, 1872)",20
10766,9471539,"Microspingus melanoleucus (d'Orbigny & Lafresnaye, 1837)",20
10767,9472273,"Mylaris gigas (Linnaeus, 1763)",20
10768,9472295,"Ministrymon megacles (Stoll, 1780)",20
10769,9472888,"Narcosius parisi (Williams, 1927)",5
10770,9474822,Homalolepis bahiensis (Moric.) Devecchi & Pirani,20
10771,9475514,"Hypostrymon asa (Hewitson, 1868)",20
10772,9477323,"Cerodirphia apunctata Dias & Lemaire, 1991",20
10773,9478376,Cyperus hortensis (Salzm. ex Steud.) Dorr,20
10774,9479597,"Entheus bombus Austin, Mielke & Steinhauser, 1997",9
10775,9479612,"Diabrotica amoenula Boheman, 1859",20
10776,9479974,"Arawacus dolylas (Cramer, 1777)",20
10777,9481678,"Remella remus (Fabricius, 1798)",20
10778,9484190,"Yanguna cometes (Cramer, 1779)",17
10779,9484261,Eumachia cephalantha (Müll.Arg.) Delprete & J.H.Kirkbr.,20
10780,9484855,Maxillaria obtusa (Lindl.) Molinari,20
10781,9485267,Trigonia microcarpa Sagot & Warm.,20
10782,9485398,"Kisutam syllis (Godman & Salvin, 1887)",20
10783,9486346,"Ministrymon una (Hewitson, 1873)",20
10784,9486406,"Setabis epitus (Cramer, 1780)",20
10785,9486624,"Terenthina terentia (Hewitson, 1868)",20
10786,9488341,"Edessa dolichocera (Lichtenstein, 1795)",20
10787,9491008,"Micrathena perfida Magalhaes, Martins, Nogueira & Santos, 2017",20
10788,9491874,"Adelpha erotia (Hewitson, 1847)",20
10789,9492292,"Bellonina Becker, 2014",20
10790,9493495,Trigonidium latifolium Lindl.,11
10791,9495093,"Adelpha mesentina Cramer, 1779",20
10792,9496013,"Pseudosphex aequalis Walker, 1864",20
10793,9496634,"Agonosoma flavolineata Laporte de Castelnau, 1833",20
10794,9497112,Psidium acidum (Mart. ex DC.) Landrum,20
10795,9499516,"Heilipodus trachypterus (E.F.Germar, 1823)",20
10796,9499799,"Calospila parthaon (Dalman, 1823)",20
10797,9500337,"Strephonota tyriam (H.H.Druce, 1907)",6
10798,9504464,"Stigmatodon goniorachis (Baker) Leme, G.K.Br. & Barfuss",20
10799,9510031,"Heraclides anchisiades (Esper, 1788)",20
10800,9510649,"Hybobathus arx (Fluke, 1936)",5
10801,9511618,Babiana nervosa (Lam.) Goldblatt & J.C.Manning,20
10802,9511966,"Phanes almoda (Hewitson, 1866)",20
10803,9512459,"Anous stolidus galapagensis Sharpe, 1879",20
10804,9513915,Microcalpe subsimplex (Hedw.) W.R.Buck,20
10805,9514578,Cranfillia mucronata (Fée) V.A.O.Dittrich & Gasper,18
10806,9516515,"Dircema nigripenne (Fabricius, 1792)",20
10807,9517391,Acioa longipendula (Pilg.) Sothers & Prance,19
10808,9519138,"Caraguata atricornis Clark, 1865",20
10809,9522387,"Chironius flavolineatus Jan, 1863",20
10810,9523451,Palicourea mamillaris (Müll.Arg.) C.M.Taylor,18
10811,9525377,"Agelaia constructor (Saussure, 1854)",20
10812,9527151,"Agathistoma viridulum (Gmelin, 1791)",20
10813,9527978,"Anthoptus insignis (Plötz, 1882)",17
10814,9529921,"Periphoba augur Bouvier, 1929",20
10815,9532288,Chinavia geniculata (Dallas) Dallas,19
10816,9532510,Ossaea cabraliensis (Wurdack) D' El Rei Souza,11
10817,9533689,"Chelonoidis carbonarius (Spix, 1824)",20
10818,9533934,"Conognatha magnifica (Gory & Laporte, 1838)",20
10819,9537093,"Adhemarius roessleri Eitschberger, 2002",20
10820,9538779,"Calligrapha polyspila (Germar, 1821)",20
10821,9540538,"Memphis philumena (Doubleday, 1850)",20
10822,9541133,"Adelpha iphiclus (Linnaeus, 1758)",20
10823,9546154,"Dinidor saucius Stål, 1870",7
10824,9549225,"Telchin atymnius (Dalman, 1824)",20
10825,9549326,"Phyllotingis eximia (Haglund, 1868)",10
10826,9551171,"Psyllobora confluens Fabricius, 1801",20
10827,9554620,Palicourea pleiocephala (Müll.Arg.) C.M.Taylor,20
10828,9555348,"Cyanoloxia brissonii (Lichtenstein & Mhc, 1823)",20
10829,9555405,"Mycotretus episcopalis Lacordaire, 1842",9
10830,9555687,"Tigridia acesta (Linnaeus, 1758)",20
10831,9557749,"Amazochroma carvalhoi (Mello-Leitão, 1941)",14
10832,9559671,"Xylophanes crenulatus Vaglia & Haxaire, 2009",20
10833,9562775,"Paraphotina caatingaensis (Menezes & Bravo, 2013)",11
10834,9566748,Aechmea sumidourensis Leme,13
10835,9567963,"Siderus leucophaeus (Hübner, 1818)",19
10836,9568552,"Enos falerina (Hewitson, 1867)",18
10837,9568884,"Tyto furcata (Temminck, 1827)",20
10838,9570149,"Rhodnius robustus Larrousse, 1927",14
10839,9570442,"Erotylus giganteus Linnaeus, 1758",20
10840,9570633,"Myrmelastes rufifacies (Hellmayr, 1929)",15
10841,9570901,"Campylopterus calcirupicola Lopes, de Vasconcelos & Gonzaga, 2017",20
10842,9575119,"Strephonota cyllarissus (Herbst, 1800)",20
10843,9577751,"Pseudodirphia agis Cramer, 1775",20
10844,9581001,"Neocalvia anastomozans Crotch, 1874",20
10845,9582210,"Coremagnatha orionalis (Walker, 1859)",20
10846,9583145,"Syntermes molestus (Burmeister, 1839)",20
10847,9583351,"Horciasoides notatus (Distant, 1884)",20
10848,9587550,"Picumnus cirratus Temminck, 1825",20
10849,9590057,"Colobura annulata Willmott, Constantino & Hall, 2001",20
10850,9590677,"Archaeoprepona licomedes (Cramer, 1777)",20
10851,9590792,"Pselaphacus signatus Guérin-Méneville, 1841",20
10852,9592991,"Acmaeodera bucki Cobos, 1958",6
10853,9593159,"Ministrymon zilda (Hewitson, 1873)",20
10854,9593863,"Exora encaustica (Germar, 1823)",20
10855,9595434,Dinizia jueirana-facao G.P.Lewis & G.S.Siqueira,20
10856,9596189,"Acanthogonyleptes singularis (Mello-Leitão, 1935)",14
10857,9596614,Henriettea granulata O.Berg & Triana,12
10858,9596969,Eugenia subglomerata (Kuntze) Sobral,9
10859,9597237,"Aetalion reticulatum (Linnaeus, 1758)",20
10860,9597366,"Calopteron tropicum (L., 1764)",20
10861,9600596,"Symphylus deplanatus (Herrich-Schäffer, 1837)",20
10862,9602723,Distimake aturensis (Kunth) A.R.Simões & Staples,20
10863,9602901,"Magulacra niveogrisea (Schaus, 1905)",20
10864,9603281,"Hyda basilutea (Walker, 1854)",20
10865,9603362,Myrcia excoriata (Mart.) E.Lucas & C.E.Wilson,20
10866,9605034,"Mesosemia gneris Westwood, 1851",20
10867,9606115,"Iphiclus ramosus Olivier, 1807",8
10868,9606588,"Janthecla rocena (Hewitson, 1867)",17
10869,9607611,"Panthiades phaleros (Linnaeus, 1767)",20
10870,9609973,Pachystachys dubiosa (Lindau) A.L.A.Côrtes,20
10871,9611748,Cenostigma microphyllum (Mart. ex G.Don) Gagnon & G.P.Lewis,19
10872,9612932,"Mycotretus maculatus Olivier, 1792",20
10873,9615280,"Evenus satyroides (Hewitson, 1865)",20
10874,9615887,Psychotria amplectans Benth.,20
10875,9616949,"Promitobates intermedius (Mello-Leitão, 1935)",20
10876,9617367,"Aprositornis disjuncta (Friedmann, 1945)",18
10877,9622955,"Melanis smithiae (Westwood, 1851)",20
10878,9623404,Psychotria guianensis (Aubl.) Clos,20
10879,9624061,"Lepasta bractea (R.Felder, 1874)",20
10880,9626594,"Scaphidomorphus bosci Guérin-Méneville, 1841",20
10881,9627106,Sarota gyas,20
10882,9627191,"Acharia nesea (Stoll, 1780)",20
10883,9629095,"Flaccilla aecas (Stoll, 1781)",20
10884,9630569,"Isocondylus elongatus (Lepeletier & Serville, 1825)",20
10885,9632091,"Azya scutata Mulsant, 1850",20
10886,9632924,"Titanattus andinus (Simon, 1900)",20
10887,9634178,"Oxytenis modestia Cramer, 1780",20
10888,9647888,"Mayrinia curvidens (Mayr, 1864)",9
10889,9649815,Cinnamomum hatschbachii Vattimo-Gil,16
10890,9651367,"Thaumatophyllum leal-costae (Mayo & G.M.Barroso) Sakur., Calazans & Mayo",19
10891,9665857,"Procornitermes araujoi Emerson, 1952",12
10892,9666999,Eumachia chaenotricha (DC.) C.M.Taylor & Razafim.,18
10893,9669540,"Tynacantha marginata Dallas, 1851",20
10894,9672353,Maytenus obtusifolia Mart.,20
10895,9672660,Rostranthera tetraptera (Cogn.) M.J.Rocha & P.J.F.Guim.,15
10896,9673964,"Runibia decorata (Dallas, 1851) Dallas, 1851",20
10897,9675117,Maytenus aquifolium Mart.,20
10898,9677045,Maytenus communis Reissek,15
10899,9677310,Mastigolejeunea auriculata (Wilson) Schiffn.,20
10900,9678314,Fritzschia sertularia (DC.) M.J.Rocha & P.J.F.Guim.,20
10901,9678978,"Notocyrtus inflatus (Perty, 1834)",20
10902,9680062,"Bursatella leachii Blainville, 1817",20
10903,9680445,"Dendrocolaptes picumnus Lichtenstein, 1820",19
10904,9681528,"Cornitermes silvestrii Emerson, 1949",15
10905,9683284,"Rasahus maculipennis (Lepeletier & Serville, 1825)",9
10906,9685907,"Falco sparverius Linnaeus, 1758",20
10907,9688530,"Cornitermes bequaerti Emerson, 1952",20
10908,9689104,"Thaumatophyllum bipinnatifidum (Schott ex Endl.) Sakur., Calazans & Mayo",20
10909,9691360,Maytenus littoralis Carv.-Okano,18
10910,9692418,Phellinotus piptadeniae (Teixeira) Drechsler-Santos & Robledo,13
10911,9696215,"Runibia discoidea (Fabricius, 1787) Fabricius, 1787",11
10912,9700261,"Michaelophorus indentatus (Meyrick, 1930)",20
10913,9700390,"Ophiocordyceps camponoti-atricipis J.P.M.Araújo, H.C.Evans & D.P.Hughes",20
10914,9710689,"Montina nigripes Stål, 1859",20
10915,9711438,Maytenus psammophila Biral & Lombardi,9
10916,9712285,Maytenus glaucescens Reissek,14
10917,9713217,"Heza ventralis Stål, 1872",11
10918,9714994,"Syntermes praecellens Silvestri, 1945",20
10919,9718840,Cleome rosea Vahl ex DC.,19
10920,9719397,"Thaumatophyllum adamantinum (Mart. ex Schott) Sakur., Calazans & Mayo",20
10921,9720694,Tarenaya bicolor (Gardner) Soares Neto & Roalson,20
10922,9721237,"Pyrrhosphodrus militaris Stål, 1866",16
10923,9721541,Campyloneurum atlanticum R.C.Moran & Labiak,14
10924,9722345,"Syntermes barbatus Constantino, 1995",20
10925,9724625,Alveostethus politus,19
10926,9731469,"Thaumatophyllum brasiliense (Engl.) Sakur., Calazans & Mayo",20
10927,9731747,Maytenus schumanniana Loes.,18
10928,9734930,Pseudoernestia glandulosa (Gleason) M.J.Rocha & P.J.F.Guim.,20
10929,9737356,"Zelurus albispinus (Erichson, 1848)",20
10930,9740253,"Accipiter striatus Vieillot, 1808",20
10931,9744111,Distimake tomentosus (Choisy) Petrongari & Sim.-Bianch.,20
10932,9746940,Maytenus longifolia Reissek ex Loes.,8
10933,9751099,Cairina moschata var. domestica,20
10934,9752971,"Acanthochelys spixii (Duméril & Bibron, 1835)",20
10935,9755884,Noterophila bivalvis (Aubl.) Kriebel & M.J.Rocha,20
10936,9761484,"Anas platyrhynchos Linnaeus, 1758",20
10937,9762667,Clusia mexiae P.F.Stevens,20
10938,9763376,"Chinavia impicticornis (Stal, 1872)",20
10939,9765065,Microgramma nana (Liebm.) T.E.Almeida,20
10940,9768390,Maytenus chapadensis Carv.-Okano ex Biral & Groppo,17
10941,9770775,"Thaumatophyllum undulatum (Engl.) Sakur., Calazans & Mayo",20
10942,9771285,Acianthera teres (Lindl.) Borba,20
10943,9772124,"Naria acicularis (Gmelin, 1791)",20
10944,9772594,Gomphrena paranensis R.E.Fr.,15
10945,9772829,"Melanolestes lugens Coscarón & D.L.Carpintero, 1993",10
10946,9777854,Maytenus dasyclados Mart.,20
10947,9778649,"Zelurus circumcinctus (Hahn, 1835)",20
10948,9778666,"Oneillornis salvini (Berlepsch, 1901)",17
10949,9780526,Maytenus horrida Reissek,10
10950,9781470,Adenocalymma cauliflorum L.H.Fonseca & L.G.Lohmann,17
10951,9783148,"Thaumatophyllum lundii (Warm.) Sakur., Calazans & Mayo",20
10952,9783924,"Thaumatophyllum saxicola (K.Krause) Sakur., Calazans & Mayo",20
10953,9786542,Margaritopsis cymuligera (Müll.Arg.) C.M.Taylor,18
10954,9787618,Protium atlanticum (Daly) Byng & Christenh.,6
10955,9790648,Senegalia santosii (G.P.Lewis) Seigler & Ebinger,5
10956,9797964,Maytenus rigida (Thunb.) Mart.,20
10957,9799066,Microlicia stenodonoides D.O.Diniz-Neres & M.J.Silva,20
10958,9800873,Maytenus acanthophylla Reissek,15
10959,9801464,Myrcia tetraloba D.F.Lima & E.Lucas,5
10960,9802694,Cleome microcarpa Ule,16
10961,9803338,"Pleroma carajasense K.Rocha, R.Goldenb. & F.S.Mey.",16
10962,9803471,"Anous minutus F.Boie, 1844",20
10963,9805211,Fritzschia stenodon (Naudin) M.J.Rocha & P.J.F.Guim.,14
10964,9807614,Maytenus erythroxylon Reissek,20
10965,9808145,Noterophila genliseoides (Hoehne) Kriebel & M.J.Rocha,17
10966,9809229,"Sturnus vulgaris Linnaeus, 1758",20
10967,9809719,Aiouea amoena (Nees & Mart.) R.Rohde,20
10968,9810717,Terminalia acuminata (Allemão) Eichler,20
10969,9815746,"Thaumatophyllum paludicola (E.G.Gonç. & Salviani) Sakur., Calazans & Mayo",20
10970,9815905,Chinavia ubica (Rolston) Rolston,12
10971,9817145,Cleome aculeata L.,20
10972,9839306,"Cochlorina aurisleporis (Bruguière, 1792)",20
10973,9846919,Heliconisa pagenstecheri Geyer,20
10974,9847414,"Pyrrhosphodrus caatingensis Lapischies & Forero, 2019",20
10975,9853592,"Goniosoma capixaba DaSilva & Gnaspini, 2010",15
10976,9861337,"Kentroleuca albilinea Schaus, 1908",20
10977,9861453,Buchnera carajasensis Scatigna & N.Mota,9
10978,9874880,Aubergina vanessoides,20
10979,9882808,"Coendou insidiosus Lichtenstein, 1818",20
10980,9888761,"Boana multifasciata (Günther, 1859)",20
10981,9895867,"Taurocerus edessoides (Spinola, 1837)",12
10982,9900912,"Adelpha zea Hewitson, 1850",20
10983,9910538,Pleopeltis burchellii (Baker) Hickey & Sprunt ex A.R.Sm.,20
10984,9911852,"Boana boans (Linnaeus, 1758)",20
10985,9921402,Borreria diacrodonta L.M.Miguel & E.L.Cabral,20
10986,9944668,"Dioprosopa clavatus (Fabricius, 1794)",20
10987,9954360,Elkalyce cogina,20
10988,9957196,"Adelpha syma Godart, 1823",20
10989,9970551,Guatteria capixabae Lobão & J.C.Lopes,18
10990,9971135,Athenaea tomentosa (Sendtn.) I.M.C.Rodrigues & Stehmann,19
10991,9974702,"Harpochilus paraibanus F.K.S.Monteiro, J.I.M.Melo & E.M.P.Fernando",18
10992,9976237,"Psilorrhynchus Gemminger & Harold, 1869",19
10993,9981187,Eunica cuvierii,20
10994,9981668,Aphyle abdominalis,20
10995,9984381,"Bombus pauloensis Friese, 1912",20
10996,9988200,"Thraumata petrovna (Schaus, 1904) Schaus, 1904",20
10997,9989240,Palicourea dichotoma (Rudge) Delprete & J.H.Kirkbr.,20
